{"type":"FeatureCollection","attribution":"© OpenStreetMap contributors (ODbL)","bbox":[113.48,22.095,113.625,22.235],"features":[{"type":"Feature","properties":{"layer":"land-other"},"geometry":{"type":"MultiPolygon","coordinates":[[[[113.56418,22.23412],[113.56316,22.23351],[113.56219,22.23281],[113.56095,22.23172],[113.5605,22.23119],[113.56056,22.23114],[113.56049,22.23118],[113.5604,22.23108],[113.56012,22.2307],[113.55998,22.23042],[113.55887,22.22884],[113.55754,22.22684],[113.55725,22.22649],[113.55724,22.22638],[113.55714,22.22632],[113.55257,22.21839],[113.55275,22.21817],[113.55277,22.21794],[113.55282,22.21789],[113.55407,22.21786],[113.55522,22.21771],[113.5564,22.21743],[113.55713,22.21719],[113.55852,22.21661],[113.55861,22.21661],[113.55875,22.21651],[113.55892,22.21658],[113.56279,22.21465],[113.56291,22.21471],[113.56327,22.21452],[113.56329,22.2144],[113.56359,22.21424],[113.5637,22.21415],[113.5638,22.21392],[113.56381,22.21356],[113.56366,22.21331],[113.56357,22.21326],[113.56315,22.21317],[113.56301,22.21319],[113.56245,22.21344],[113.56237,22.21337],[113.56229,22.21336],[113.56086,22.21409],[113.56084,22.21416],[113.56094,22.21435],[113.56092,22.21441],[113.5577,22.21603],[113.55702,22.21631],[113.5555,22.21679],[113.55448,22.21696],[113.55421,22.21699],[113.55415,22.21699],[113.55412,22.21696],[113.55426,22.21666],[113.5543,22.21617],[113.55423,22.21586],[113.5541,22.21562],[113.55387,22.21532],[113.55203,22.216],[113.55162,22.21579],[113.55076,22.2161],[113.55085,22.21704],[113.55,22.21693],[113.54965,22.21673],[113.5492,22.21661],[113.54875,22.21662],[113.54834,22.21673],[113.54772,22.21666],[113.54763,22.21656],[113.54704,22.21678],[113.54548,22.21681],[113.54519,22.21692],[113.54436,22.21695],[113.54339,22.21631],[113.54241,22.21429],[113.54201,22.21369],[113.54196,22.21367],[113.54172,22.21323],[113.54153,22.21333],[113.54133,22.21309],[113.54118,22.21302],[113.5412,22.21309],[113.54103,22.21307],[113.54012,22.21334],[113.53825,22.21375],[113.53768,22.21378],[113.53655,22.21376],[113.53586,22.21368],[113.53541,22.21354],[113.53519,22.21358],[113.5349,22.21353],[113.53463,22.21339],[113.53456,22.21346],[113.53446,22.21338],[113.5344,22.21342],[113.53372,22.21297],[113.53293,22.21235],[113.5331,22.21165],[113.534,22.2087],[113.53476,22.20639],[113.53305,22.20332],[113.53295,22.20324],[113.53282,22.20326],[113.53261,22.20323],[113.53247,22.20327],[113.53236,22.20321],[113.53224,22.20324],[113.53194,22.20391],[113.5316,22.20407],[113.53147,22.20415],[113.5314,22.20425],[113.53134,22.20452],[113.53087,22.20565],[113.5304,22.20768],[113.53016,22.20889],[113.52977,22.2096],[113.5292,22.21109],[113.52917,22.21157],[113.52897,22.21262],[113.52905,22.21284],[113.52925,22.21294],[113.52946,22.2128],[113.52972,22.21287],[113.52989,22.21304],[113.53082,22.21349],[113.53092,22.21378],[113.53115,22.21388],[113.53116,22.21418],[113.53114,22.21434],[113.53111,22.21441],[113.53073,22.21441],[113.53053,22.21448],[113.53022,22.2145],[113.53006,22.21524],[113.53046,22.21533],[113.53051,22.21538],[113.53055,22.21554],[113.53053,22.2156],[113.53045,22.21564],[113.53047,22.2158],[113.53061,22.21592],[113.53067,22.21605],[113.5307,22.2165],[113.53075,22.21664],[113.53094,22.21692],[113.53094,22.21703],[113.52932,22.22028],[113.52939,22.22041],[113.52935,22.2206],[113.52925,22.22071],[113.52908,22.22075],[113.52771,22.22352],[113.52755,22.22348],[113.52749,22.2236],[113.52762,22.22364],[113.52724,22.22443],[113.52715,22.2244],[113.52714,22.22448],[113.52724,22.2245],[113.52616,22.22639],[113.52611,22.22634],[113.52562,22.22718],[113.52501,22.228],[113.52478,22.228],[113.52455,22.22808],[113.52429,22.2283],[113.52426,22.22842],[113.5243,22.22848],[113.52368,22.2293],[113.52362,22.22929],[113.52349,22.22968],[113.5237,22.22974],[113.52195,22.23203],[113.52024,22.23401],[113.52002,22.23437],[113.51943,22.235],[113.57078,22.235],[113.57003,22.23466],[113.56899,22.23428],[113.56839,22.23421],[113.56756,22.23428],[113.56695,22.23442],[113.56671,22.23455],[113.56609,22.23461],[113.56579,22.23461],[113.56516,22.23452],[113.56467,22.23433],[113.56418,22.23412]]],[[[113.56063,22.23116],[113.56065,22.23111],[113.56063,22.23108],[113.56057,22.23108],[113.56056,22.23114],[113.56063,22.23116]]],[[[113.52831,22.20931],[113.52834,22.20943],[113.52796,22.21049],[113.52811,22.21055],[113.528,22.21076],[113.52794,22.2114],[113.52787,22.21171],[113.52797,22.21206],[113.52808,22.2121],[113.52829,22.21109],[113.52847,22.21058],[113.52889,22.20913],[113.52938,22.20816],[113.5297,22.20708],[113.52997,22.2058],[113.52999,22.20559],[113.52989,22.20559],[113.52986,22.20566],[113.52831,22.20931]]],[[[113.5312,22.20061],[113.53129,22.20012],[113.53133,22.19909],[113.5312,22.19791],[113.53104,22.19735],[113.53086,22.19688],[113.53101,22.19686],[113.53095,22.19669],[113.53087,22.19671],[113.53092,22.19684],[113.53085,22.19686],[113.53073,22.19657],[113.53079,22.19655],[113.53082,22.19661],[113.5309,22.19658],[113.53078,22.19633],[113.5307,22.19636],[113.53079,22.19653],[113.53072,22.19656],[113.53045,22.19609],[113.53053,22.19605],[113.53064,22.19624],[113.5307,22.19621],[113.5305,22.19585],[113.53043,22.19588],[113.53052,22.19604],[113.53044,22.19608],[113.5282,22.19235],[113.52784,22.19269],[113.52766,22.19274],[113.52764,22.19254],[113.52732,22.19207],[113.5275,22.19162],[113.52713,22.19098],[113.52702,22.19104],[113.52686,22.19093],[113.52731,22.19068],[113.52412,22.18018],[113.52335,22.17754],[113.52338,22.17703],[113.52333,22.17657],[113.5234,22.1761],[113.52341,22.17598],[113.52338,22.17592],[113.52324,22.17582],[113.52298,22.17557],[113.52295,22.17554],[113.52294,22.17552],[113.52291,22.17549],[113.5229,22.1754],[113.52285,22.17512],[113.52275,22.17497],[113.52271,22.17478],[113.52255,22.17441],[113.52235,22.17377],[113.52233,22.17358],[113.52213,22.17344],[113.52171,22.17243],[113.52162,22.17229],[113.52144,22.17213],[113.52139,22.17203],[113.5212,22.17194],[113.52117,22.17177],[113.52104,22.17167],[113.52092,22.17145],[113.51938,22.17014],[113.51877,22.16974],[113.51769,22.16913],[113.51755,22.16912],[113.5136,22.16709],[113.51096,22.16561],[113.51066,22.16542],[113.5092,22.1647],[113.50563,22.16267],[113.50559,22.1627],[113.50552,22.16267],[113.50503,22.16241],[113.505,22.16242],[113.50425,22.162],[113.50444,22.16171],[113.50451,22.16168],[113.50558,22.16227],[113.50565,22.16217],[113.50387,22.16117],[113.50381,22.16128],[113.50436,22.16159],[113.50436,22.16165],[113.50418,22.16197],[113.50363,22.16161],[113.50357,22.1615],[113.50283,22.16109],[113.50297,22.16086],[113.5033,22.16101],[113.50338,22.1609],[113.50233,22.16031],[113.50224,22.16042],[113.50287,22.1608],[113.50272,22.16103],[113.50004,22.15962],[113.49626,22.15845],[113.49633,22.15817],[113.49527,22.15795],[113.4952,22.15824],[113.49401,22.15802],[113.49192,22.15772],[113.4909,22.15751],[113.48938,22.15726],[113.48937,22.15734],[113.48916,22.1573],[113.48918,22.15721],[113.48835,22.15706],[113.48673,22.15669],[113.48521,22.15625],[113.48379,22.15571],[113.48,22.15404],[113.48,22.235],[113.51574,22.235],[113.5173,22.23304],[113.5177,22.23249],[113.5183,22.23164],[113.51895,22.2305],[113.52192,22.22392],[113.524,22.21922],[113.52366,22.21909],[113.52336,22.21882],[113.52354,22.21873],[113.52411,22.21896],[113.52456,22.21786],[113.52465,22.21789],[113.52471,22.21785],[113.52475,22.21776],[113.52473,22.21769],[113.52464,22.21766],[113.52504,22.21653],[113.52449,22.21638],[113.52446,22.21641],[113.52446,22.21645],[113.52455,22.21646],[113.52444,22.21672],[113.52444,22.21682],[113.52439,22.21693],[113.52426,22.21709],[113.52426,22.21721],[113.52422,22.21727],[113.52425,22.21729],[113.52408,22.21752],[113.524,22.21749],[113.52416,22.2173],[113.5242,22.21712],[113.52416,22.21709],[113.52424,22.21698],[113.52428,22.21698],[113.5244,22.21665],[113.52446,22.21657],[113.52446,22.21652],[113.52436,22.21641],[113.52429,22.21641],[113.52427,22.21637],[113.5243,22.21634],[113.52427,22.2163],[113.52423,22.21631],[113.52411,22.21621],[113.52401,22.21622],[113.52402,22.21617],[113.52391,22.21608],[113.5237,22.21606],[113.52362,22.21622],[113.52357,22.21624],[113.52337,22.21655],[113.52337,22.21661],[113.52352,22.21674],[113.52373,22.21682],[113.52371,22.217],[113.52357,22.21686],[113.52337,22.21681],[113.52294,22.21659],[113.52233,22.21643],[113.52213,22.21631],[113.52219,22.21622],[113.52235,22.21633],[113.52277,22.21642],[113.5229,22.21641],[113.52307,22.21655],[113.52321,22.21659],[113.52329,22.21658],[113.52347,22.21622],[113.52359,22.21607],[113.52358,22.21596],[113.52333,22.21581],[113.52307,22.21573],[113.52299,22.21563],[113.52252,22.2156],[113.52259,22.21545],[113.5228,22.21541],[113.52294,22.21548],[113.52329,22.2155],[113.52331,22.21555],[113.52344,22.21558],[113.52349,22.21566],[113.52359,22.21567],[113.52363,22.21574],[113.52379,22.21583],[113.52388,22.21584],[113.52412,22.216],[113.52451,22.21606],[113.52462,22.21616],[113.52484,22.21612],[113.52513,22.21623],[113.5255,22.21506],[113.52606,22.21277],[113.52652,22.21056],[113.52653,22.21024],[113.52676,22.20891],[113.52691,22.20847],[113.5268,22.20844],[113.52685,22.20832],[113.52692,22.20833],[113.52696,22.20827],[113.52809,22.20584],[113.52804,22.20573],[113.52864,22.20469],[113.52869,22.20466],[113.52886,22.20484],[113.52913,22.20473],[113.53073,22.20201],[113.53107,22.20106],[113.5312,22.20061]]],[[[113.52914,22.1694],[113.52952,22.1695],[113.52979,22.16953],[113.53031,22.16972],[113.53045,22.16973],[113.53077,22.16957],[113.53079,22.1695],[113.53066,22.16941],[113.53063,22.16931],[113.53089,22.16883],[113.53108,22.16857],[113.53153,22.16816],[113.53168,22.16786],[113.53271,22.16628],[113.53275,22.166],[113.53302,22.16555],[113.53324,22.16522],[113.53338,22.1651],[113.53348,22.16508],[113.5336,22.16516],[113.53369,22.16514],[113.53366,22.16498],[113.53352,22.16468],[113.53351,22.1643],[113.53406,22.16308],[113.53434,22.16253],[113.53451,22.16193],[113.53467,22.16175],[113.53466,22.16169],[113.53455,22.16165],[113.53451,22.16158],[113.53464,22.16087],[113.53474,22.16007],[113.53474,22.15974],[113.53454,22.15947],[113.53413,22.15922],[113.53393,22.15915],[113.53226,22.15904],[113.53015,22.15875],[113.52818,22.15832],[113.52789,22.15828],[113.52731,22.1583],[113.52702,22.15835],[113.52647,22.15852],[113.52596,22.15879],[113.52573,22.15896],[113.52541,22.15927],[113.52521,22.15953],[113.52491,22.16009],[113.52475,22.16069],[113.52473,22.16101],[113.52481,22.16248],[113.52502,22.16439],[113.52489,22.1651],[113.52503,22.1661],[113.52498,22.1666],[113.52493,22.16674],[113.52487,22.1668],[113.52475,22.16682],[113.52352,22.16624],[113.52328,22.16607],[113.52376,22.16607],[113.52388,22.16604],[113.52402,22.16595],[113.52408,22.16584],[113.52409,22.16572],[113.52366,22.164],[113.5238,22.16346],[113.52386,22.16263],[113.52381,22.16208],[113.52365,22.16132],[113.52363,22.16091],[113.52366,22.16049],[113.52375,22.16007],[113.52389,22.15967],[113.52421,22.15911],[113.52463,22.15861],[113.52518,22.15818],[113.52593,22.15787],[113.52628,22.15778],[113.52695,22.15763],[113.52808,22.15751],[113.52892,22.1575],[113.52953,22.15758],[113.5329,22.15852],[113.5334,22.15863],[113.53391,22.15867],[113.53463,22.15858],[113.53549,22.15828],[113.53655,22.15844],[113.53677,22.15827],[113.54187,22.1526],[113.54271,22.15158],[113.54302,22.15139],[113.54297,22.15128],[113.54301,22.15122],[113.54382,22.15033],[113.54427,22.14992],[113.54505,22.14908],[113.54609,22.14784],[113.54699,22.14627],[113.54724,22.14571],[113.54743,22.14507],[113.54767,22.14417],[113.54776,22.14365],[113.54764,22.14152],[113.5477,22.14074],[113.54763,22.13948],[113.54745,22.13793],[113.54741,22.13694],[113.54735,22.13681],[113.54717,22.13674],[113.54054,22.13634],[113.54022,22.13622],[113.5392,22.13627],[113.53416,22.13597],[113.53408,22.13603],[113.53403,22.13618],[113.53379,22.13615],[113.53292,22.13614],[113.53277,22.13601],[113.53223,22.13595],[113.53206,22.13586],[113.52746,22.13595],[113.52729,22.13601],[113.52717,22.13611],[113.52709,22.13623],[113.52712,22.13643],[113.52696,22.13643],[113.52695,22.13627],[113.52683,22.13611],[113.52663,22.13603],[113.52598,22.13601],[113.5255,22.13604],[113.52525,22.13616],[113.52412,22.13615],[113.52395,22.13621],[113.52389,22.13626],[113.52358,22.13625],[113.52358,22.13649],[113.52345,22.13649],[113.52345,22.13625],[113.52131,22.13623],[113.52115,22.13616],[113.52062,22.13616],[113.52048,22.13628],[113.5205,22.13655],[113.52036,22.13655],[113.52036,22.13625],[113.52019,22.13615],[113.51962,22.13615],[113.51951,22.1361],[113.51806,22.13614],[113.51739,22.13608],[113.51733,22.13613],[113.51727,22.13607],[113.51557,22.13586],[113.51484,22.13573],[113.51459,22.1358],[113.51444,22.13579],[113.51437,22.13568],[113.51413,22.13555],[113.51344,22.1354],[113.51319,22.13527],[113.51271,22.13522],[113.51246,22.13522],[113.51227,22.1353],[113.51219,22.13547],[113.51201,22.13545],[113.51206,22.13523],[113.51173,22.13495],[113.51052,22.13454],[113.51027,22.1346],[113.50985,22.13461],[113.50972,22.13468],[113.50959,22.13492],[113.50948,22.13487],[113.50955,22.13468],[113.50952,22.13455],[113.50936,22.13444],[113.50906,22.13414],[113.50837,22.13395],[113.50827,22.13401],[113.50782,22.13381],[113.50717,22.13345],[113.50682,22.13341],[113.50667,22.13352],[113.50654,22.13379],[113.50643,22.13372],[113.50651,22.13352],[113.50652,22.1334],[113.50582,22.13305],[113.50506,22.13275],[113.50457,22.13249],[113.50395,22.13227],[113.50392,22.13234],[113.50347,22.13219],[113.50348,22.13211],[113.50157,22.13132],[113.50149,22.13131],[113.5014,22.13138],[113.50122,22.13178],[113.50109,22.13173],[113.50128,22.13134],[113.5011,22.13109],[113.50084,22.13092],[113.49985,22.13057],[113.49779,22.12963],[113.49776,22.1297],[113.49755,22.12961],[113.49758,22.12954],[113.49644,22.12903],[113.49641,22.12897],[113.4962,22.129],[113.49583,22.12957],[113.49584,22.12966],[113.49492,22.13182],[113.49493,22.13191],[113.50015,22.13382],[113.50027,22.13375],[113.50099,22.13205],[113.50113,22.1321],[113.50033,22.13387],[113.50033,22.13394],[113.5007,22.13402],[113.50207,22.13452],[113.50387,22.13519],[113.50545,22.13582],[113.50552,22.13581],[113.5063,22.134],[113.50647,22.13407],[113.50569,22.13582],[113.5057,22.13588],[113.50723,22.13647],[113.50848,22.1369],[113.5086,22.13688],[113.5086,22.13684],[113.50876,22.13689],[113.50877,22.13696],[113.50889,22.13706],[113.51079,22.13777],[113.51074,22.13789],[113.50548,22.13602],[113.50364,22.13525],[113.50057,22.13411],[113.50028,22.13408],[113.5002,22.13401],[113.49997,22.13391],[113.49213,22.13104],[113.49218,22.13093],[113.49454,22.1318],[113.49469,22.13183],[113.49475,22.13181],[113.49552,22.13006],[113.49577,22.12961],[113.49594,22.12913],[113.49615,22.12889],[113.49615,22.12867],[113.4955,22.12833],[113.49525,22.12861],[113.49368,22.12795],[113.49351,22.12795],[113.49343,22.128],[113.4931,22.12875],[113.49296,22.1287],[113.49331,22.12788],[113.4915,22.12727],[113.48992,22.12666],[113.48935,22.1266],[113.48917,22.12651],[113.48904,22.12656],[113.48877,22.1265],[113.48867,22.12686],[113.4885,22.1268],[113.48856,22.12624],[113.487,22.12569],[113.48636,22.1256],[113.48596,22.12545],[113.48572,22.12528],[113.48524,22.12513],[113.48495,22.1251],[113.48492,22.12552],[113.48484,22.12564],[113.48472,22.12563],[113.48481,22.12509],[113.48369,22.12488],[113.48358,22.12473],[113.48252,22.12448],[113.48234,22.1245],[113.48228,22.12458],[113.48201,22.12455],[113.48188,22.12443],[113.48169,22.12437],[113.48151,22.12436],[113.4813,22.12443],[113.48091,22.12437],[113.48082,22.12445],[113.48064,22.12523],[113.48068,22.12524],[113.48062,22.12529],[113.48024,22.12721],[113.4802,22.12744],[113.48023,22.12752],[113.48009,22.12764],[113.48,22.12763],[113.48,22.1495],[113.48183,22.15003],[113.48231,22.15021],[113.48347,22.15073],[113.48504,22.15139],[113.48995,22.15287],[113.49116,22.1531],[113.4954,22.15378],[113.4957,22.15386],[113.50454,22.15693],[113.50489,22.15711],[113.50529,22.15737],[113.51114,22.1606],[113.51333,22.16184],[113.5141,22.16211],[113.51479,22.16248],[113.51517,22.16273],[113.51551,22.16284],[113.51582,22.16304],[113.51646,22.16322],[113.51741,22.1637],[113.51754,22.16379],[113.51775,22.16408],[113.51783,22.16412],[113.51809,22.16414],[113.51824,22.16419],[113.51975,22.16484],[113.52106,22.16556],[113.52147,22.1657],[113.522,22.16592],[113.52328,22.16654],[113.52353,22.16651],[113.52358,22.16655],[113.52365,22.16671],[113.52479,22.1673],[113.52552,22.16763],[113.52614,22.16799],[113.5281,22.16886],[113.52914,22.1694]],[[113.547,22.13816],[113.547,22.1382],[113.54696,22.13815],[113.54696,22.13802],[113.54703,22.13804],[113.54703,22.13816],[113.547,22.13816]],[[113.54464,22.14098],[113.54464,22.14102],[113.54421,22.141],[113.54425,22.14017],[113.54469,22.14019],[113.54468,22.14023],[113.54477,22.14025],[113.54478,22.14019],[113.54525,22.14021],[113.54519,22.14015],[113.54519,22.13999],[113.54506,22.14002],[113.54507,22.13983],[113.54511,22.13983],[113.54512,22.13997],[113.5452,22.13997],[113.54515,22.13965],[113.54526,22.13779],[113.54535,22.13762],[113.54551,22.13751],[113.54567,22.13749],[113.54598,22.13752],[113.54621,22.13764],[113.54637,22.13786],[113.5464,22.13811],[113.54637,22.13881],[113.54625,22.13881],[113.54628,22.13823],[113.54541,22.13819],[113.54535,22.13824],[113.5453,22.13926],[113.54536,22.13932],[113.54554,22.13933],[113.54553,22.13937],[113.54577,22.13938],[113.54571,22.14049],[113.5458,22.14049],[113.54578,22.14082],[113.54569,22.14082],[113.54556,22.14334],[113.54624,22.14337],[113.54646,22.14328],[113.54654,22.1432],[113.54661,22.14304],[113.54659,22.1424],[113.54675,22.14239],[113.54676,22.14308],[113.54668,22.14325],[113.5465,22.14342],[113.54638,22.14347],[113.54618,22.1435],[113.5451,22.14343],[113.54499,22.14336],[113.54496,22.14315],[113.5449,22.14314],[113.54491,22.14295],[113.54497,22.14295],[113.54505,22.14162],[113.54512,22.14127],[113.54506,22.14127],[113.54505,22.14146],[113.54499,22.14145],[113.545,22.14119],[113.54513,22.14119],[113.54515,22.14109],[113.54521,22.14105],[113.54473,22.14102],[113.54474,22.14096],[113.54471,22.14096],[113.54464,22.14098]]],[[[113.54741,22.13612],[113.54741,22.1361],[113.54041,22.13568],[113.54017,22.13545],[113.54076,22.12406],[113.5411,22.1235],[113.54567,22.1206],[113.54655,22.12062],[113.54637,22.11755],[113.54651,22.11754],[113.54657,22.1174],[113.54659,22.11692],[113.54652,22.11672],[113.54652,22.11663],[113.54668,22.11575],[113.5468,22.11464],[113.54692,22.11397],[113.54697,22.11382],[113.54729,22.11081],[113.54728,22.11068],[113.54718,22.11048],[113.5469,22.11023],[113.54658,22.10973],[113.54503,22.10632],[113.54475,22.10536],[113.54466,22.10494],[113.54455,22.10414],[113.54448,22.10318],[113.54462,22.10167],[113.54477,22.10093],[113.54502,22.10016],[113.54535,22.09937],[113.54617,22.09782],[113.54641,22.09741],[113.54677,22.09688],[113.54728,22.09617],[113.54776,22.0956],[113.54833,22.095],[113.48,22.095],[113.48,22.12316],[113.48006,22.12312],[113.48143,22.1234],[113.48179,22.12346],[113.48207,22.12346],[113.48215,22.12353],[113.48238,22.12362],[113.48294,22.12359],[113.48301,22.1237],[113.48348,22.12376],[113.48417,22.12411],[113.48666,22.12457],[113.48674,22.12444],[113.4871,22.12455],[113.48736,22.12469],[113.48742,22.12482],[113.48792,22.1251],[113.48817,22.12521],[113.48848,22.12526],[113.48882,22.12527],[113.48902,22.12446],[113.48918,22.12358],[113.48932,22.12361],[113.489,22.12524],[113.48904,22.12541],[113.48916,22.12549],[113.48944,22.12557],[113.48959,22.12565],[113.48962,22.12573],[113.48993,22.12585],[113.49012,22.12587],[113.49018,22.12583],[113.49061,22.12596],[113.49062,22.12606],[113.49109,22.12625],[113.49135,22.12631],[113.49148,22.12631],[113.49157,22.12625],[113.4917,22.12631],[113.49181,22.12632],[113.4919,22.12628],[113.49191,22.1264],[113.49196,22.12646],[113.49207,22.12631],[113.49237,22.12643],[113.49233,22.12651],[113.4926,22.12654],[113.49272,22.1266],[113.4925,22.12661],[113.49253,22.12671],[113.4934,22.12688],[113.49356,22.12686],[113.49361,22.1268],[113.49371,22.12642],[113.49384,22.12645],[113.49376,22.12685],[113.49377,22.12695],[113.49384,22.12699],[113.49386,22.12715],[113.49449,22.12733],[113.49475,22.12736],[113.49514,22.12757],[113.49554,22.12768],[113.49637,22.12804],[113.49965,22.12058],[113.49956,22.12056],[113.49959,22.12043],[113.5029,22.12118],[113.50309,22.12119],[113.50336,22.12129],[113.50387,22.12137],[113.50551,22.12177],[113.50709,22.12224],[113.50873,22.1228],[113.51727,22.12603],[113.51811,22.1263],[113.51897,22.12651],[113.51894,22.12664],[113.51785,22.12637],[113.51777,22.12638],[113.51773,22.12643],[113.51514,22.13413],[113.51514,22.13425],[113.51518,22.13432],[113.51511,22.13446],[113.51526,22.1346],[113.51583,22.13463],[113.51621,22.13478],[113.51755,22.13478],[113.51779,22.13482],[113.51839,22.13482],[113.51964,22.13467],[113.51997,22.13459],[113.5203,22.13438],[113.5203,22.13426],[113.52035,22.13415],[113.52036,22.13254],[113.52049,22.13254],[113.52048,22.134],[113.52056,22.13427],[113.52066,22.13439],[113.52157,22.13401],[113.52332,22.13313],[113.52348,22.13294],[113.52348,22.12956],[113.52363,22.12956],[113.52361,22.13286],[113.52362,22.13293],[113.52367,22.13297],[113.52385,22.133],[113.52393,22.13313],[113.52651,22.13282],[113.52645,22.13271],[113.52646,22.13178],[113.52661,22.13177],[113.5266,22.13238],[113.52663,22.13271],[113.52674,22.13278],[113.52693,22.13281],[113.52734,22.13265],[113.52765,22.13259],[113.52774,22.13264],[113.52783,22.13265],[113.52785,22.13258],[113.52793,22.13251],[113.52791,22.13177],[113.52807,22.13179],[113.52807,22.13246],[113.5281,22.13265],[113.52824,22.13274],[113.52841,22.13276],[113.52859,22.13274],[113.52892,22.1326],[113.5293,22.13271],[113.52955,22.13274],[113.53033,22.13261],[113.53074,22.13264],[113.53106,22.13276],[113.5313,22.13276],[113.53205,22.13303],[113.53219,22.13315],[113.53256,22.13334],[113.53272,22.13334],[113.53272,22.1333],[113.53301,22.1333],[113.53327,22.13352],[113.53325,22.13369],[113.53297,22.13413],[113.53297,22.13426],[113.53289,22.13444],[113.53288,22.13465],[113.53292,22.13488],[113.53285,22.13492],[113.5329,22.13507],[113.53304,22.13505],[113.53329,22.13531],[113.53342,22.13535],[113.53349,22.13536],[113.53356,22.13528],[113.53361,22.13526],[113.53367,22.1353],[113.53374,22.13541],[113.53413,22.13552],[113.53512,22.13563],[113.53925,22.13589],[113.53985,22.13592],[113.54022,22.1359],[113.54721,22.13633],[113.54727,22.13629],[113.54737,22.13632],[113.54741,22.13627],[113.54741,22.13612]]],[[[113.48061,22.12484],[113.48066,22.12444],[113.48065,22.12435],[113.48058,22.12427],[113.48066,22.12409],[113.48012,22.12399],[113.48,22.12406],[113.48,22.12751],[113.48003,22.12751],[113.48005,22.12747],[113.48061,22.12484]]],[[[113.48,22.15357],[113.48,22.15373],[113.48044,22.15391],[113.48051,22.15377],[113.48,22.15357]]],[[[113.54683,22.10921],[113.54683,22.1093],[113.54694,22.1093],[113.5469,22.10919],[113.54683,22.10921]]],[[[113.54785,22.11151],[113.54784,22.1116],[113.54794,22.1116],[113.54795,22.11156],[113.54785,22.11151]]],[[[113.54858,22.14023],[113.54862,22.14018],[113.54861,22.13987],[113.54853,22.13984],[113.54851,22.13987],[113.54853,22.14019],[113.54858,22.14023]]],[[[113.57001,22.21135],[113.5701,22.2117],[113.5718,22.21416],[113.57211,22.21445],[113.57237,22.2146],[113.5726,22.21468],[113.57295,22.21472],[113.57978,22.21474],[113.58374,22.21367],[113.58476,22.21335],[113.58481,22.21331],[113.58508,22.21299],[113.58518,22.21281],[113.5852,22.21253],[113.58513,22.21236],[113.5827,22.20853],[113.5813,22.20598],[113.58109,22.20531],[113.58099,22.20463],[113.58099,22.20405],[113.57151,22.20403],[113.57165,22.20518],[113.57164,22.20844],[113.57155,22.20875],[113.57131,22.20905],[113.57111,22.20918],[113.57058,22.2094],[113.5703,22.20961],[113.57011,22.20986],[113.57001,22.21027],[113.57001,22.21135]]],[[[113.58526,22.23448],[113.5851,22.23427],[113.58494,22.23421],[113.58483,22.23421],[113.58235,22.235],[113.58519,22.235],[113.58526,22.23467],[113.58526,22.23448]]],[[[113.51474,22.13436],[113.51477,22.1344],[113.51483,22.13441],[113.51486,22.1343],[113.51498,22.13414],[113.51762,22.1263],[113.51553,22.12552],[113.51281,22.13357],[113.51281,22.13383],[113.51297,22.13404],[113.51378,22.13429],[113.51408,22.13435],[113.51474,22.13436]]],[[[113.51366,22.12593],[113.51357,22.12621],[113.51341,22.12646],[113.51312,22.12672],[113.51301,22.12688],[113.51298,22.12707],[113.513,22.12733],[113.51294,22.12762],[113.51278,22.12789],[113.51258,22.12807],[113.51041,22.13305],[113.51051,22.13319],[113.5106,22.13324],[113.5106,22.13332],[113.51068,22.13346],[113.51075,22.13345],[113.51081,22.13352],[113.51099,22.13355],[113.51178,22.13386],[113.51253,22.13395],[113.5154,22.12547],[113.51405,22.12496],[113.51394,22.125],[113.51368,22.12559],[113.51366,22.12593]]],[[[113.50724,22.13216],[113.50723,22.13227],[113.50728,22.13234],[113.50726,22.13239],[113.50735,22.13255],[113.50754,22.13267],[113.50766,22.13266],[113.50781,22.13271],[113.50786,22.13267],[113.50817,22.13282],[113.50829,22.13294],[113.50972,22.13328],[113.50993,22.13313],[113.51009,22.13312],[113.51024,22.13306],[113.51028,22.133],[113.51245,22.12802],[113.51253,22.12791],[113.51267,22.1278],[113.51281,22.12758],[113.51286,22.12732],[113.51283,22.12707],[113.51287,22.12684],[113.51301,22.12663],[113.5133,22.12638],[113.51344,22.12616],[113.51351,22.12592],[113.51351,22.12562],[113.51381,22.12492],[113.51376,22.12485],[113.51101,22.1238],[113.51093,22.12381],[113.51088,22.12385],[113.50724,22.13216]]],[[[113.50701,22.13227],[113.5071,22.13211],[113.51075,22.12378],[113.5107,22.12369],[113.50867,22.12292],[113.5073,22.12245],[113.50725,22.12247],[113.50723,22.12251],[113.50736,22.12282],[113.50738,22.12304],[113.50736,22.12315],[113.50726,22.12334],[113.50691,22.12364],[113.50683,22.12384],[113.50694,22.12431],[113.50691,22.12458],[113.50678,22.12482],[113.50669,22.12492],[113.50606,22.12533],[113.50588,22.12553],[113.50574,22.12576],[113.50566,22.12601],[113.50561,22.12635],[113.5056,22.12678],[113.50563,22.12733],[113.50561,22.1275],[113.50555,22.12766],[113.50535,22.12793],[113.50466,22.1284],[113.50446,22.12864],[113.50438,22.12878],[113.50428,22.12908],[113.50427,22.12923],[113.5043,22.12954],[113.50439,22.12995],[113.50436,22.13022],[113.50425,22.13047],[113.50407,22.13069],[113.50392,22.13096],[113.50391,22.13108],[113.504,22.13129],[113.50595,22.13217],[113.50609,22.13212],[113.50627,22.13223],[113.50626,22.13229],[113.50672,22.13244],[113.5069,22.13237],[113.50701,22.13227]]],[[[113.50553,22.12192],[113.50196,22.13009],[113.50215,22.13046],[113.5029,22.13079],[113.50308,22.13081],[113.50338,22.13076],[113.50352,22.13071],[113.50364,22.13063],[113.50385,22.13044],[113.50393,22.13032],[113.50402,22.13005],[113.50399,22.12936],[113.50407,22.12896],[113.50414,22.12877],[113.50431,22.12848],[113.50489,22.12785],[113.50509,22.12753],[113.5052,22.12718],[113.50533,22.12628],[113.50551,22.12577],[113.50565,22.12549],[113.50582,22.12526],[113.50643,22.12464],[113.50648,22.12453],[113.50653,22.1243],[113.50648,22.12394],[113.50652,22.1237],[113.50665,22.12349],[113.50692,22.12323],[113.50703,22.12302],[113.50706,22.12279],[113.50705,22.12237],[113.50553,22.12192]]],[[[113.50182,22.13005],[113.50539,22.12188],[113.50326,22.12138],[113.50307,22.1213],[113.50287,22.12129],[113.49979,22.12061],[113.4965,22.1281],[113.49736,22.12842],[113.49745,22.12832],[113.49756,22.12827],[113.49771,22.12826],[113.49781,22.12832],[113.49782,22.12842],[113.49978,22.12924],[113.4998,22.12931],[113.50004,22.12945],[113.50013,22.12941],[113.5006,22.1296],[113.5006,22.12968],[113.50091,22.12978],[113.50095,22.12973],[113.50106,22.12979],[113.50111,22.12994],[113.50139,22.13006],[113.50172,22.13008],[113.50182,22.13005]]],[[[113.52462,22.13362],[113.52381,22.13379],[113.52345,22.1341],[113.52333,22.13427],[113.52258,22.13428],[113.52258,22.13483],[113.52329,22.13484],[113.52363,22.1352],[113.52389,22.13532],[113.52417,22.1354],[113.52459,22.13547],[113.52503,22.1355],[113.52588,22.1355],[113.52604,22.13543],[113.52609,22.13546],[113.52616,22.13541],[113.52622,22.13542],[113.52626,22.13537],[113.52636,22.13541],[113.52641,22.13539],[113.52648,22.13528],[113.52665,22.13525],[113.52694,22.13498],[113.52705,22.13483],[113.52713,22.13462],[113.5271,22.1344],[113.52699,22.1342],[113.52675,22.13399],[113.52669,22.13388],[113.52653,22.13388],[113.52645,22.13376],[113.52634,22.13377],[113.52619,22.13365],[113.52608,22.1337],[113.52594,22.13361],[113.52577,22.13363],[113.525,22.13359],[113.52462,22.13362]]],[[[113.52894,22.21108],[113.52903,22.21113],[113.52909,22.21108],[113.52933,22.21029],[113.52952,22.20981],[113.52959,22.20951],[113.5296,22.2093],[113.52973,22.20884],[113.52973,22.20878],[113.5297,22.20877],[113.52965,22.20885],[113.52899,22.21094],[113.52892,22.211],[113.52894,22.21108]]]]}},{"type":"Feature","properties":{"layer":"land"},"geometry":{"type":"MultiPolygon","coordinates":[[[[113.54041,22.13568],[113.54741,22.1361],[113.54731,22.13322],[113.54729,22.13289],[113.54655,22.12062],[113.54567,22.1206],[113.5411,22.1235],[113.54076,22.12406],[113.54017,22.13545],[113.54041,22.13568]]],[[[113.55152,22.13042],[113.55151,22.1302],[113.5514,22.13008],[113.55131,22.13005],[113.55114,22.13007],[113.551,22.1302],[113.55099,22.13041],[113.55113,22.13057],[113.55127,22.13059],[113.55137,22.13057],[113.55152,22.13042]]],[[[113.55129,22.13731],[113.55118,22.13717],[113.55109,22.1372],[113.55099,22.13743],[113.55101,22.13769],[113.55108,22.13779],[113.55119,22.1378],[113.55127,22.13769],[113.5513,22.13756],[113.55129,22.13731]]],[[[113.54696,22.13815],[113.547,22.1382],[113.547,22.13816],[113.54703,22.13816],[113.54703,22.13804],[113.54696,22.13802],[113.54696,22.13815]]],[[[113.54948,22.13977],[113.54946,22.1398],[113.54948,22.14012],[113.54952,22.14016],[113.54957,22.14012],[113.54955,22.13979],[113.54948,22.13977]]],[[[113.54506,22.14127],[113.54512,22.14127],[113.54505,22.14162],[113.54497,22.14295],[113.54491,22.14295],[113.5449,22.14314],[113.54496,22.14315],[113.54499,22.14336],[113.5451,22.14343],[113.54618,22.1435],[113.54638,22.14347],[113.5465,22.14342],[113.54668,22.14325],[113.54676,22.14308],[113.54675,22.14239],[113.54659,22.1424],[113.54661,22.14304],[113.54654,22.1432],[113.54646,22.14328],[113.54624,22.14337],[113.54556,22.14334],[113.54569,22.14082],[113.54578,22.14082],[113.5458,22.14049],[113.54571,22.14049],[113.54577,22.13938],[113.54553,22.13937],[113.54554,22.13933],[113.54536,22.13932],[113.5453,22.13926],[113.54535,22.13824],[113.54541,22.13819],[113.54628,22.13823],[113.54625,22.13881],[113.54637,22.13881],[113.5464,22.13811],[113.54637,22.13786],[113.54621,22.13764],[113.54598,22.13752],[113.54567,22.13749],[113.54551,22.13751],[113.54535,22.13762],[113.54526,22.13779],[113.54515,22.13965],[113.5452,22.13997],[113.54512,22.13997],[113.54511,22.13983],[113.54507,22.13983],[113.54506,22.14002],[113.54519,22.13999],[113.54519,22.14015],[113.54525,22.14021],[113.54478,22.14019],[113.54477,22.14025],[113.54468,22.14023],[113.54469,22.14019],[113.54425,22.14017],[113.54421,22.141],[113.54464,22.14102],[113.54464,22.14098],[113.54471,22.14096],[113.54474,22.14096],[113.54473,22.14102],[113.54521,22.14105],[113.54515,22.14109],[113.54513,22.14119],[113.545,22.14119],[113.54499,22.14145],[113.54505,22.14146],[113.54506,22.14127]]],[[[113.55168,22.14144],[113.55157,22.14143],[113.55147,22.14147],[113.55143,22.14161],[113.55153,22.14172],[113.55164,22.14173],[113.55173,22.14168],[113.55176,22.14152],[113.55168,22.14144]]],[[[113.55002,22.15094],[113.54984,22.15094],[113.54984,22.15101],[113.55003,22.15101],[113.55002,22.15094]]],[[[113.54454,22.17025],[113.54416,22.17032],[113.54376,22.17032],[113.54341,22.17051],[113.54332,22.17042],[113.54307,22.17072],[113.54296,22.17113],[113.54592,22.17121],[113.5461,22.17121],[113.54623,22.17116],[113.54637,22.17107],[113.54647,22.17086],[113.54644,22.17064],[113.54632,22.17029],[113.54636,22.17027],[113.54658,22.1694],[113.54683,22.16938],[113.54697,22.16919],[113.54755,22.16658],[113.54751,22.16637],[113.54731,22.16624],[113.54268,22.16517],[113.54208,22.16523],[113.54179,22.16566],[113.542,22.16626],[113.54165,22.16655],[113.54097,22.16639],[113.5406,22.1667],[113.54064,22.16673],[113.54037,22.16697],[113.5404,22.16731],[113.53988,22.16829],[113.53989,22.16884],[113.53982,22.16918],[113.54017,22.16952],[113.54067,22.16969],[113.54116,22.16966],[113.54159,22.16943],[113.54161,22.16937],[113.54156,22.16934],[113.54234,22.1687],[113.54278,22.1685],[113.54325,22.16843],[113.54375,22.16847],[113.54467,22.16872],[113.54492,22.16887],[113.545,22.16914],[113.54491,22.16938],[113.54479,22.16994],[113.54454,22.17025]]],[[[113.55581,22.21447],[113.56004,22.21294],[113.56018,22.21272],[113.56023,22.21256],[113.5602,22.21227],[113.56013,22.21216],[113.56001,22.21207],[113.55977,22.21197],[113.55998,22.21165],[113.56013,22.21159],[113.56019,22.21145],[113.56057,22.21088],[113.56078,22.21048],[113.56101,22.20969],[113.56114,22.20912],[113.56116,22.2089],[113.56111,22.20713],[113.56118,22.20711],[113.56111,22.2071],[113.56114,22.20677],[113.5611,22.20641],[113.56112,22.20598],[113.56121,22.20534],[113.56146,22.20452],[113.56098,22.20444],[113.56094,22.20441],[113.56093,22.2043],[113.56173,22.20171],[113.56198,22.20096],[113.56245,22.20109],[113.56241,22.20122],[113.56245,22.20123],[113.56255,22.20093],[113.5625,22.20092],[113.56246,22.20104],[113.562,22.20091],[113.56233,22.19998],[113.56237,22.1998],[113.56236,22.19965],[113.56223,22.19948],[113.56185,22.19925],[113.56146,22.19922],[113.5608,22.19902],[113.56022,22.19801],[113.5601,22.19795],[113.55934,22.19773],[113.55927,22.19762],[113.5599,22.19731],[113.56024,22.1979],[113.56031,22.19786],[113.56044,22.19809],[113.56051,22.19806],[113.56061,22.19823],[113.56092,22.19807],[113.56094,22.19811],[113.56129,22.19794],[113.56123,22.19784],[113.56088,22.19801],[113.5609,22.19805],[113.56067,22.19816],[113.56046,22.1978],[113.56069,22.19768],[113.56071,22.19772],[113.56106,22.19755],[113.561,22.19745],[113.56065,22.19762],[113.56068,22.19766],[113.56044,22.19777],[113.56023,22.19741],[113.56074,22.19719],[113.56069,22.19712],[113.56022,22.19738],[113.56001,22.19702],[113.56051,22.1968],[113.56047,22.19672],[113.55999,22.19699],[113.55978,22.19662],[113.56028,22.1964],[113.56024,22.19633],[113.55976,22.1966],[113.55955,22.19623],[113.56006,22.19601],[113.56001,22.19594],[113.55954,22.1962],[113.55943,22.19603],[113.55939,22.19601],[113.55883,22.19628],[113.55877,22.19618],[113.55852,22.1963],[113.55858,22.1964],[113.55704,22.19716],[113.55702,22.19722],[113.55707,22.19733],[113.55691,22.19729],[113.55666,22.19701],[113.55677,22.19694],[113.55621,22.1962],[113.55623,22.19616],[113.55708,22.19559],[113.5571,22.19555],[113.55709,22.19551],[113.55665,22.19495],[113.55665,22.19453],[113.55659,22.19439],[113.55657,22.19414],[113.55664,22.19391],[113.55706,22.19313],[113.55666,22.19298],[113.55684,22.1926],[113.55696,22.19264],[113.55699,22.19258],[113.55717,22.19265],[113.55719,22.1926],[113.557,22.19253],[113.55705,22.19242],[113.55723,22.1925],[113.55726,22.19245],[113.55708,22.19237],[113.55712,22.19227],[113.5573,22.19234],[113.55732,22.19229],[113.55714,22.19222],[113.55719,22.19212],[113.55737,22.19219],[113.55739,22.19215],[113.55721,22.19207],[113.55725,22.19198],[113.55743,22.19205],[113.55746,22.19199],[113.55728,22.19192],[113.55732,22.19182],[113.5575,22.1919],[113.55753,22.19185],[113.55734,22.19178],[113.55739,22.19168],[113.55757,22.19175],[113.5576,22.19169],[113.55741,22.19162],[113.55745,22.19152],[113.55768,22.19161],[113.55771,22.19156],[113.55748,22.19147],[113.55755,22.19132],[113.55791,22.19146],[113.55793,22.19141],[113.55757,22.19127],[113.55766,22.19108],[113.55802,22.19122],[113.55804,22.19117],[113.55768,22.19103],[113.55775,22.19088],[113.55813,22.19103],[113.55814,22.19091],[113.55809,22.19088],[113.55806,22.19094],[113.55766,22.19078],[113.55785,22.19039],[113.55849,22.19014],[113.55815,22.18939],[113.55788,22.18949],[113.55744,22.18932],[113.55746,22.18911],[113.55757,22.18899],[113.55769,22.18898],[113.5578,22.18891],[113.55795,22.18897],[113.558,22.18895],[113.55799,22.18891],[113.55785,22.1888],[113.55772,22.18864],[113.55771,22.18842],[113.55785,22.18814],[113.55819,22.18774],[113.55825,22.18753],[113.55854,22.18732],[113.55862,22.18718],[113.55857,22.18713],[113.55849,22.18713],[113.5582,22.18728],[113.55787,22.18658],[113.55788,22.18644],[113.55794,22.18627],[113.55787,22.18605],[113.55774,22.18594],[113.5575,22.18586],[113.55716,22.18564],[113.55693,22.18543],[113.55673,22.18535],[113.55659,22.18534],[113.55633,22.18539],[113.55616,22.18551],[113.55608,22.18562],[113.55601,22.18582],[113.55607,22.18611],[113.55604,22.18623],[113.55548,22.18749],[113.55533,22.18736],[113.55517,22.18727],[113.55479,22.18723],[113.55254,22.18636],[113.55246,22.18636],[113.55238,22.1864],[113.55228,22.1866],[113.55223,22.18661],[113.55021,22.18591],[113.54958,22.18565],[113.54949,22.18554],[113.54954,22.18546],[113.54959,22.18545],[113.54994,22.18556],[113.55132,22.18609],[113.55139,22.18609],[113.55144,22.18604],[113.55074,22.18362],[113.55063,22.18336],[113.55049,22.18313],[113.5503,22.1831],[113.55019,22.18317],[113.55007,22.18333],[113.55006,22.18355],[113.55012,22.18384],[113.55009,22.18403],[113.54986,22.18508],[113.54974,22.18532],[113.54968,22.18534],[113.54956,22.18529],[113.54974,22.18513],[113.54981,22.1849],[113.55003,22.18388],[113.54997,22.18359],[113.54998,22.18333],[113.55014,22.18306],[113.55019,22.18267],[113.54982,22.18226],[113.54927,22.18184],[113.5487,22.18155],[113.54811,22.18134],[113.54668,22.18101],[113.54612,22.18085],[113.546,22.18088],[113.54593,22.18097],[113.54583,22.18159],[113.54557,22.18267],[113.54614,22.18302],[113.54659,22.1832],[113.54697,22.18342],[113.54737,22.18367],[113.54738,22.18371],[113.54736,22.18374],[113.54707,22.18353],[113.54673,22.18335],[113.546,22.18307],[113.54591,22.18299],[113.54583,22.18299],[113.54573,22.18302],[113.54567,22.18311],[113.54386,22.18278],[113.54383,22.18264],[113.54374,22.18255],[113.54366,22.18252],[113.5436,22.18252],[113.54354,22.18256],[113.54342,22.18255],[113.54334,22.18247],[113.54282,22.18239],[113.54283,22.18233],[113.54288,22.18233],[113.54363,22.18241],[113.54399,22.18248],[113.5441,22.18244],[113.54442,22.18103],[113.54442,22.18082],[113.5445,22.18066],[113.54445,22.18059],[113.54432,22.18057],[113.54415,22.18049],[113.54385,22.18051],[113.54349,22.18037],[113.54331,22.18036],[113.54235,22.18019],[113.54209,22.18012],[113.54195,22.18006],[113.54162,22.18001],[113.5397,22.17952],[113.53915,22.17951],[113.539,22.17948],[113.53881,22.17952],[113.53773,22.17952],[113.53737,22.17942],[113.53675,22.17939],[113.53649,22.17927],[113.53618,22.17921],[113.5361,22.17924],[113.5361,22.17936],[113.53602,22.17936],[113.53594,22.17927],[113.53588,22.17925],[113.53496,22.17933],[113.53454,22.17929],[113.53449,22.1793],[113.53441,22.17941],[113.53432,22.1794],[113.53429,22.1793],[113.53425,22.17928],[113.53259,22.17929],[113.53232,22.17938],[113.53174,22.17989],[113.53174,22.17972],[113.53187,22.17964],[113.5319,22.1795],[113.53185,22.17942],[113.53177,22.17937],[113.53168,22.17937],[113.53159,22.1794],[113.53153,22.17947],[113.53152,22.17955],[113.53157,22.17966],[113.53168,22.17972],[113.53168,22.17996],[113.53134,22.18024],[113.5311,22.18041],[113.53104,22.18034],[113.53071,22.18052],[113.53035,22.18078],[113.52998,22.1812],[113.52946,22.18188],[113.52944,22.18186],[113.52903,22.1826],[113.52886,22.18304],[113.52878,22.18336],[113.52865,22.18423],[113.52875,22.18438],[113.52879,22.18474],[113.52887,22.18508],[113.52906,22.18551],[113.52927,22.18587],[113.5295,22.18616],[113.52974,22.18641],[113.5301,22.1867],[113.5306,22.187],[113.53057,22.18703],[113.53048,22.18697],[113.53035,22.18721],[113.53011,22.18708],[113.53008,22.18713],[113.53037,22.18728],[113.5305,22.18703],[113.53056,22.18705],[113.53018,22.18769],[113.53031,22.18784],[113.53036,22.18779],[113.53038,22.18772],[113.53045,22.18773],[113.53052,22.18785],[113.53038,22.18793],[113.5304,22.18797],[113.53036,22.18801],[113.53115,22.18909],[113.53211,22.19026],[113.53195,22.19038],[113.53437,22.19331],[113.53447,22.19325],[113.53474,22.19368],[113.53488,22.19361],[113.53499,22.19381],[113.53488,22.19388],[113.53509,22.19451],[113.53552,22.19438],[113.53553,22.19443],[113.53535,22.1945],[113.53541,22.19462],[113.53559,22.19456],[113.5356,22.19458],[113.53515,22.19475],[113.53536,22.1953],[113.53546,22.19526],[113.53577,22.19621],[113.53588,22.19618],[113.53592,22.19629],[113.53603,22.19625],[113.53608,22.19639],[113.53604,22.19631],[113.53586,22.19636],[113.53587,22.1964],[113.53576,22.19642],[113.53578,22.19647],[113.5355,22.19654],[113.53588,22.19797],[113.53616,22.19791],[113.53617,22.19796],[113.53638,22.19793],[113.53639,22.19801],[113.53617,22.19805],[113.53618,22.19812],[113.53641,22.19807],[113.53642,22.19815],[113.53619,22.19818],[113.53634,22.19901],[113.53653,22.19899],[113.5367,22.19987],[113.53672,22.1999],[113.53681,22.19989],[113.53683,22.20001],[113.53655,22.20005],[113.53669,22.20091],[113.53706,22.20086],[113.53709,22.201],[113.53698,22.20101],[113.537,22.20117],[113.53711,22.20121],[113.53714,22.20138],[113.53705,22.20146],[113.53709,22.20159],[113.53721,22.20162],[113.53722,22.2018],[113.53709,22.20182],[113.53711,22.20199],[113.53692,22.20203],[113.53711,22.20325],[113.53749,22.20317],[113.5375,22.20319],[113.53715,22.20329],[113.53717,22.20344],[113.53724,22.20346],[113.5372,22.20362],[113.53732,22.20426],[113.53739,22.20448],[113.53764,22.20467],[113.53805,22.20479],[113.53814,22.20477],[113.5384,22.20453],[113.53822,22.20472],[113.53828,22.20477],[113.53847,22.20458],[113.53864,22.20463],[113.5386,22.20478],[113.53857,22.20477],[113.53855,22.20484],[113.53854,22.20484],[113.53852,22.20491],[113.53856,22.20492],[113.53855,22.20496],[113.53851,22.20495],[113.53849,22.20502],[113.53864,22.20506],[113.53866,22.20499],[113.53862,22.20498],[113.53864,22.20494],[113.53867,22.20495],[113.53869,22.20489],[113.53866,22.20487],[113.53869,22.20487],[113.53871,22.2048],[113.53868,22.20479],[113.53872,22.20465],[113.53907,22.20473],[113.53905,22.20487],[113.53902,22.20487],[113.539,22.20494],[113.53902,22.20496],[113.53898,22.20495],[113.53896,22.20502],[113.539,22.20503],[113.53899,22.20507],[113.53895,22.20506],[113.53893,22.20514],[113.53908,22.20517],[113.5391,22.2051],[113.53906,22.20509],[113.53907,22.20506],[113.53911,22.20507],[113.53914,22.205],[113.53909,22.20499],[113.5391,22.20496],[113.53914,22.20497],[113.53916,22.2049],[113.53912,22.20489],[113.53917,22.20476],[113.53951,22.20484],[113.53946,22.20496],[113.53948,22.20498],[113.53945,22.20497],[113.53943,22.20504],[113.53946,22.20505],[113.53942,22.20518],[113.53939,22.20517],[113.53937,22.20524],[113.53952,22.20528],[113.53954,22.20521],[113.5395,22.2052],[113.53951,22.20517],[113.53955,22.20518],[113.53957,22.20511],[113.53953,22.2051],[113.53954,22.20507],[113.53957,22.20508],[113.53959,22.20502],[113.53956,22.205],[113.53959,22.20491],[113.53961,22.20486],[113.53968,22.20488],[113.5397,22.20481],[113.53874,22.20457],[113.54042,22.20496],[113.5404,22.20501],[113.54024,22.20498],[113.54006,22.20553],[113.53987,22.20548],[113.53983,22.20559],[113.54004,22.20565],[113.54002,22.20572],[113.53945,22.20556],[113.5394,22.20571],[113.53886,22.20555],[113.53885,22.20558],[113.53964,22.20582],[113.53961,22.20594],[113.53881,22.20571],[113.53879,22.20578],[113.53763,22.20545],[113.53754,22.20546],[113.5369,22.20588],[113.53685,22.20602],[113.53687,22.20641],[113.53696,22.20649],[113.53999,22.20731],[113.54007,22.20737],[113.54139,22.20771],[113.54129,22.20797],[113.54176,22.20804],[113.54097,22.2106],[113.5409,22.21064],[113.5404,22.21052],[113.54025,22.21056],[113.53998,22.21045],[113.53994,22.21039],[113.53917,22.2102],[113.53921,22.21008],[113.54007,22.2103],[113.54008,22.21026],[113.53998,22.21023],[113.54002,22.21013],[113.53957,22.20999],[113.53976,22.20946],[113.54024,22.20961],[113.54026,22.20957],[113.53977,22.20943],[113.53988,22.20908],[113.54033,22.2092],[113.54035,22.20915],[113.53805,22.20851],[113.5381,22.20838],[113.53851,22.2085],[113.53853,22.20846],[113.53742,22.20813],[113.53736,22.20832],[113.53731,22.20834],[113.53721,22.20831],[113.53722,22.20826],[113.53719,22.20825],[113.53724,22.20811],[113.53737,22.20815],[113.53738,22.20812],[113.53706,22.20803],[113.53705,22.20806],[113.53719,22.2081],[113.53714,22.20824],[113.53701,22.20825],[113.53679,22.20818],[113.53675,22.20807],[113.53608,22.20784],[113.53604,22.20794],[113.53595,22.20791],[113.53604,22.20772],[113.53584,22.20765],[113.53582,22.2077],[113.53577,22.20768],[113.53579,22.20763],[113.53571,22.20761],[113.53569,22.20765],[113.53563,22.20763],[113.53571,22.20742],[113.53575,22.20743],[113.53574,22.20748],[113.53581,22.2075],[113.53583,22.20746],[113.53582,22.2075],[113.5359,22.20753],[113.53592,22.2075],[113.53591,22.20753],[113.53605,22.20759],[113.53607,22.20755],[113.53606,22.20759],[113.53613,22.20762],[113.53616,22.20758],[113.53613,22.20765],[113.53621,22.20768],[113.53626,22.20754],[113.53567,22.20733],[113.53553,22.20765],[113.53489,22.20744],[113.53484,22.20754],[113.53451,22.20867],[113.5343,22.20863],[113.53408,22.20935],[113.53428,22.20941],[113.53352,22.21141],[113.53329,22.21206],[113.53329,22.21223],[113.53336,22.21234],[113.53438,22.21305],[113.53509,22.21333],[113.53568,22.21349],[113.53633,22.21357],[113.53807,22.21358],[113.53911,22.2134],[113.54072,22.21302],[113.54109,22.21296],[113.54125,22.21299],[113.54118,22.21302],[113.54133,22.21309],[113.54153,22.21333],[113.54172,22.21323],[113.54196,22.21367],[113.54201,22.21369],[113.54241,22.21429],[113.54339,22.21631],[113.54436,22.21695],[113.54519,22.21692],[113.54548,22.21681],[113.54704,22.21678],[113.54763,22.21656],[113.54772,22.21666],[113.54834,22.21673],[113.54875,22.21662],[113.5492,22.21661],[113.54965,22.21673],[113.55,22.21693],[113.55085,22.21704],[113.55076,22.2161],[113.55162,22.21579],[113.55203,22.216],[113.55387,22.21532],[113.55385,22.21529],[113.55373,22.21518],[113.55527,22.21464],[113.55518,22.21437],[113.55559,22.21424],[113.55574,22.21448],[113.55581,22.21447]],[[113.55862,22.19744],[113.5585,22.1975],[113.55755,22.19722],[113.55828,22.19686],[113.55862,22.19744]],[[113.55757,22.19099],[113.55763,22.19084],[113.55772,22.19088],[113.55765,22.19102],[113.55757,22.19099]],[[113.53751,22.20836],[113.53747,22.2084],[113.53743,22.20834],[113.53746,22.20823],[113.5375,22.2082],[113.53802,22.20836],[113.53796,22.20849],[113.53751,22.20836]]],[[[113.56294,22.11167],[113.56297,22.1117],[113.56304,22.1117],[113.56305,22.11167],[113.56299,22.11162],[113.56296,22.11162],[113.56294,22.11167]]],[[[113.57309,22.11278],[113.57316,22.11277],[113.57317,22.11274],[113.57312,22.11267],[113.57303,22.11267],[113.57301,22.11269],[113.57309,22.11278]]],[[[113.5732,22.11277],[113.57325,22.11283],[113.57326,22.11276],[113.5732,22.11277]]],[[[113.58776,22.13431],[113.58752,22.13402],[113.58798,22.13369],[113.58939,22.13549],[113.58959,22.13536],[113.58988,22.13572],[113.58967,22.13572],[113.58951,22.13576],[113.58951,22.1358],[113.58966,22.13575],[113.58982,22.13575],[113.58982,22.1358],[113.59017,22.1358],[113.59017,22.13574],[113.59028,22.13574],[113.59048,22.13579],[113.59048,22.13575],[113.59032,22.13572],[113.58994,22.13572],[113.58963,22.13533],[113.58998,22.13511],[113.58989,22.135],[113.59037,22.1347],[113.59043,22.13475],[113.59063,22.13467],[113.59073,22.13443],[113.59073,22.13424],[113.59056,22.13392],[113.59056,22.13384],[113.59127,22.13246],[113.59227,22.1329],[113.5919,22.13358],[113.59193,22.1336],[113.59181,22.13384],[113.59186,22.13385],[113.59197,22.13363],[113.59202,22.13365],[113.59239,22.13288],[113.59231,22.13284],[113.59234,22.13278],[113.59215,22.13269],[113.59211,22.13277],[113.5913,22.13241],[113.59188,22.13124],[113.59233,22.13138],[113.59247,22.13121],[113.59255,22.13089],[113.59253,22.13066],[113.59242,22.13039],[113.59242,22.13019],[113.59229,22.13004],[113.59207,22.12985],[113.5921,22.12981],[113.59235,22.13004],[113.59249,22.13001],[113.59259,22.12978],[113.59252,22.12963],[113.59258,22.12958],[113.59257,22.12953],[113.59248,22.12942],[113.59246,22.12933],[113.59249,22.12923],[113.59246,22.12916],[113.59242,22.12919],[113.59239,22.12916],[113.59239,22.12902],[113.5923,22.12895],[113.59225,22.12899],[113.59188,22.12896],[113.5917,22.1289],[113.59168,22.12896],[113.59176,22.12909],[113.59163,22.12908],[113.59139,22.12886],[113.59127,22.12882],[113.59124,22.12872],[113.59113,22.12876],[113.59081,22.12855],[113.59045,22.12839],[113.59034,22.12833],[113.59031,22.12827],[113.59057,22.12822],[113.59061,22.12817],[113.5906,22.12809],[113.59044,22.12782],[113.59006,22.12733],[113.58989,22.12719],[113.58917,22.12709],[113.589,22.127],[113.58901,22.12712],[113.58866,22.12718],[113.58848,22.12719],[113.58837,22.12714],[113.58822,22.12716],[113.58814,22.12723],[113.58818,22.12733],[113.58806,22.12735],[113.58795,22.12742],[113.58793,22.12747],[113.58793,22.12752],[113.58812,22.12775],[113.58809,22.12778],[113.588,22.12775],[113.58795,22.12766],[113.58778,22.1276],[113.58768,22.1276],[113.58748,22.12772],[113.58742,22.12771],[113.58743,22.12782],[113.58738,22.12783],[113.58734,22.12781],[113.58725,22.12768],[113.58682,22.12759],[113.58635,22.12781],[113.58636,22.12792],[113.58641,22.12794],[113.58623,22.12803],[113.58616,22.12805],[113.58599,22.12802],[113.58599,22.12797],[113.58602,22.12795],[113.58615,22.12799],[113.58616,22.12795],[113.58608,22.12785],[113.5858,22.1279],[113.58577,22.12793],[113.58574,22.12788],[113.58578,22.1278],[113.58574,22.12774],[113.58534,22.12757],[113.58522,22.12738],[113.58484,22.12721],[113.58457,22.12691],[113.58412,22.12666],[113.5836,22.12564],[113.58342,22.12514],[113.58326,22.12498],[113.58314,22.12489],[113.58263,22.12475],[113.58216,22.12456],[113.5815,22.12419],[113.58028,22.12339],[113.58001,22.12338],[113.57942,22.12365],[113.57891,22.12378],[113.57776,22.12368],[113.57769,22.12372],[113.57736,22.1241],[113.57648,22.12444],[113.57588,22.12476],[113.57579,22.12487],[113.57578,22.12496],[113.57573,22.12497],[113.57557,22.12518],[113.57541,22.12531],[113.57525,22.1253],[113.57482,22.12511],[113.57419,22.12475],[113.57362,22.12436],[113.5724,22.1231],[113.57185,22.12234],[113.57127,22.12161],[113.571,22.12112],[113.57061,22.12015],[113.57012,22.1184],[113.57006,22.11769],[113.57027,22.11643],[113.57063,22.11627],[113.57081,22.11637],[113.57079,22.11639],[113.57088,22.11645],[113.57094,22.11643],[113.57097,22.11633],[113.57079,22.1162],[113.57081,22.11613],[113.57132,22.11623],[113.57185,22.11628],[113.57292,22.11613],[113.57307,22.11616],[113.57307,22.11624],[113.57313,22.11632],[113.57326,22.11635],[113.57339,22.11632],[113.5738,22.1157],[113.574,22.1157],[113.57403,22.11558],[113.57414,22.1155],[113.57393,22.11497],[113.57402,22.11489],[113.57402,22.11455],[113.57393,22.11409],[113.57406,22.11416],[113.57426,22.11407],[113.57424,22.11389],[113.574,22.11371],[113.57379,22.11375],[113.57325,22.11321],[113.57303,22.11292],[113.57305,22.11284],[113.57303,22.11281],[113.57293,22.11285],[113.57283,22.11277],[113.5722,22.11262],[113.57191,22.11247],[113.5717,22.11232],[113.57114,22.11208],[113.57085,22.11189],[113.5707,22.11186],[113.57048,22.11187],[113.56999,22.11173],[113.56958,22.11179],[113.56947,22.11173],[113.56885,22.11182],[113.56866,22.11194],[113.56826,22.11211],[113.56823,22.11202],[113.56797,22.11213],[113.5679,22.1122],[113.56762,22.11228],[113.56744,22.11225],[113.56736,22.11201],[113.56542,22.11202],[113.56537,22.11204],[113.56537,22.11208],[113.56617,22.11207],[113.56617,22.11225],[113.56608,22.11233],[113.56564,22.11233],[113.56555,22.11241],[113.56536,22.11241],[113.56527,22.11229],[113.56515,22.11228],[113.56501,22.11209],[113.56482,22.11198],[113.56463,22.11197],[113.56445,22.112],[113.56424,22.11212],[113.56412,22.11225],[113.56384,22.11225],[113.56336,22.11192],[113.56335,22.11186],[113.56296,22.11177],[113.56281,22.11182],[113.56249,22.11171],[113.56241,22.11158],[113.5623,22.11154],[113.56225,22.11161],[113.56219,22.1116],[113.56213,22.1117],[113.56187,22.11183],[113.56188,22.11189],[113.56174,22.11205],[113.56172,22.11218],[113.56148,22.11215],[113.56147,22.11246],[113.56139,22.1125],[113.56144,22.11296],[113.56131,22.11299],[113.56138,22.11323],[113.56098,22.11349],[113.56048,22.11332],[113.55995,22.11322],[113.55947,22.11296],[113.55905,22.11259],[113.55888,22.11239],[113.55874,22.11201],[113.55882,22.11187],[113.5588,22.11172],[113.5587,22.1116],[113.55852,22.11149],[113.55842,22.11153],[113.55828,22.1113],[113.55815,22.11142],[113.55796,22.11138],[113.55765,22.11105],[113.55745,22.11117],[113.55696,22.11083],[113.55693,22.11065],[113.5572,22.11055],[113.55699,22.11014],[113.5565,22.10979],[113.55621,22.1099],[113.55612,22.10987],[113.55542,22.10999],[113.55501,22.10983],[113.55416,22.10996],[113.55389,22.11008],[113.55374,22.11024],[113.55372,22.11049],[113.55352,22.11065],[113.55315,22.11076],[113.55246,22.1111],[113.55218,22.11126],[113.55194,22.11148],[113.55171,22.11157],[113.55144,22.11159],[113.55128,22.11177],[113.55119,22.11182],[113.55094,22.11184],[113.55072,22.11181],[113.55054,22.1119],[113.55022,22.11218],[113.54997,22.11251],[113.54976,22.11332],[113.54915,22.11374],[113.54916,22.11383],[113.5493,22.11389],[113.54944,22.11407],[113.54939,22.11416],[113.55005,22.11451],[113.5506,22.11583],[113.55096,22.11751],[113.55095,22.11781],[113.55091,22.11792],[113.54975,22.11759],[113.54974,22.11761],[113.55068,22.11788],[113.55052,22.11792],[113.55038,22.11804],[113.55049,22.11847],[113.55033,22.11852],[113.55034,22.11857],[113.55003,22.11862],[113.5501,22.11891],[113.55005,22.11892],[113.54997,22.11864],[113.54983,22.11868],[113.5499,22.11892],[113.54983,22.11889],[113.5498,22.11899],[113.54965,22.1189],[113.5496,22.11896],[113.5497,22.11904],[113.54937,22.11897],[113.54939,22.11881],[113.54929,22.11879],[113.54928,22.11899],[113.54982,22.11913],[113.54965,22.11911],[113.54964,22.11921],[113.54982,22.11922],[113.5498,22.1196],[113.54999,22.12019],[113.54978,22.12028],[113.54986,22.1205],[113.55018,22.12041],[113.5502,22.12045],[113.55002,22.12049],[113.55005,22.12073],[113.55035,22.12068],[113.55038,22.12073],[113.55027,22.12081],[113.5504,22.12093],[113.55059,22.12078],[113.55076,22.12088],[113.55075,22.12091],[113.55091,22.121],[113.55088,22.12105],[113.55118,22.1212],[113.55154,22.12149],[113.55193,22.1217],[113.55187,22.12188],[113.55209,22.12204],[113.55212,22.1221],[113.5521,22.12216],[113.55179,22.12247],[113.55152,22.12268],[113.55147,22.12523],[113.55154,22.12523],[113.55153,22.12546],[113.55146,22.12546],[113.55147,22.12656],[113.55136,22.12656],[113.55136,22.12632],[113.55128,22.12632],[113.55128,22.12656],[113.55074,22.12655],[113.55074,22.12564],[113.55067,22.12564],[113.55066,22.12573],[113.54982,22.12573],[113.54982,22.1258],[113.55066,22.1258],[113.55067,22.12627],[113.54983,22.12628],[113.54983,22.12635],[113.55067,22.12635],[113.55066,22.12681],[113.54981,22.12681],[113.54981,22.12688],[113.55066,22.12688],[113.55066,22.1272],[113.54981,22.12721],[113.54981,22.12728],[113.55066,22.12728],[113.55066,22.12736],[113.55074,22.12736],[113.55074,22.12674],[113.55147,22.12674],[113.55147,22.12761],[113.55151,22.1279],[113.55141,22.12848],[113.55142,22.12898],[113.55146,22.12912],[113.5517,22.12952],[113.55168,22.1296],[113.55175,22.12963],[113.55183,22.13001],[113.55182,22.13253],[113.55191,22.13802],[113.5519,22.14075],[113.55188,22.1412],[113.55191,22.14301],[113.55189,22.14443],[113.5518,22.14468],[113.55154,22.14502],[113.55145,22.14507],[113.55136,22.14519],[113.55137,22.14525],[113.55111,22.1456],[113.55101,22.14566],[113.55092,22.14577],[113.5509,22.14587],[113.54983,22.14727],[113.54964,22.14776],[113.54953,22.14777],[113.5492,22.14825],[113.5492,22.14829],[113.5494,22.14836],[113.54954,22.14815],[113.55003,22.14815],[113.55003,22.14817],[113.54984,22.14817],[113.54985,22.14824],[113.55003,22.14824],[113.55003,22.14832],[113.54984,22.14832],[113.54984,22.14839],[113.55003,22.14839],[113.55003,22.14847],[113.54984,22.14847],[113.54984,22.14854],[113.55003,22.14854],[113.55003,22.14862],[113.54984,22.14861],[113.54984,22.14869],[113.55003,22.14869],[113.55003,22.14877],[113.54984,22.14877],[113.54984,22.14884],[113.55003,22.14884],[113.55003,22.14891],[113.54984,22.14891],[113.54984,22.14898],[113.55003,22.14898],[113.55003,22.14904],[113.54983,22.14904],[113.54983,22.14911],[113.55003,22.14911],[113.55003,22.14917],[113.54985,22.14917],[113.54985,22.14924],[113.55003,22.14924],[113.55003,22.14931],[113.54984,22.14931],[113.54984,22.14938],[113.55003,22.14938],[113.55003,22.14946],[113.54984,22.14946],[113.54984,22.14953],[113.55003,22.14953],[113.55003,22.1496],[113.54984,22.1496],[113.54984,22.14968],[113.55003,22.14968],[113.55003,22.14975],[113.54984,22.14975],[113.54984,22.14983],[113.55003,22.14983],[113.55003,22.1499],[113.54984,22.1499],[113.54984,22.14997],[113.55003,22.14998],[113.55003,22.15005],[113.54984,22.15005],[113.54984,22.15012],[113.55003,22.15012],[113.55003,22.1502],[113.54984,22.1502],[113.54984,22.15027],[113.55003,22.15027],[113.55003,22.15035],[113.54984,22.15035],[113.54984,22.15042],[113.55003,22.15042],[113.55003,22.1505],[113.54984,22.15049],[113.54984,22.15057],[113.55003,22.15057],[113.55003,22.15065],[113.54984,22.15065],[113.54984,22.15072],[113.55003,22.15072],[113.55003,22.15079],[113.54984,22.15079],[113.54984,22.15087],[113.55003,22.15086],[113.55003,22.15101],[113.55003,22.15109],[113.55006,22.15109],[113.55006,22.15117],[113.54804,22.15118],[113.54795,22.15117],[113.54768,22.15091],[113.54849,22.15001],[113.54928,22.14899],[113.54931,22.14888],[113.54925,22.14871],[113.54902,22.1486],[113.54888,22.14862],[113.5488,22.14867],[113.5461,22.15176],[113.54596,22.15204],[113.5458,22.15206],[113.54562,22.15215],[113.54245,22.15447],[113.54204,22.15487],[113.54173,22.15526],[113.54157,22.15566],[113.54002,22.16015],[113.53985,22.16078],[113.53965,22.16169],[113.53947,22.16327],[113.53933,22.164],[113.53896,22.16554],[113.53885,22.16577],[113.53895,22.16606],[113.53941,22.16628],[113.53965,22.16627],[113.53983,22.1661],[113.54038,22.16507],[113.54074,22.16405],[113.54096,22.16387],[113.54125,22.16371],[113.54151,22.16361],[113.54195,22.16354],[113.5421,22.16355],[113.54245,22.16383],[113.54291,22.16408],[113.54316,22.16416],[113.54373,22.16424],[113.54379,22.1643],[113.54389,22.16432],[113.54405,22.16428],[113.54544,22.16429],[113.54565,22.16433],[113.54577,22.16439],[113.54593,22.16439],[113.54668,22.16455],[113.54831,22.1648],[113.54843,22.1649],[113.54861,22.1653],[113.5487,22.16532],[113.54876,22.1653],[113.5488,22.1652],[113.54924,22.16501],[113.54962,22.16511],[113.55093,22.16569],[113.55176,22.16593],[113.5522,22.16597],[113.55326,22.16597],[113.55353,22.16589],[113.55386,22.16586],[113.55468,22.16561],[113.55577,22.16565],[113.55592,22.16571],[113.55592,22.16576],[113.55612,22.16592],[113.5562,22.16604],[113.5563,22.16612],[113.55664,22.16621],[113.5567,22.16627],[113.55676,22.16649],[113.55683,22.16656],[113.55694,22.1665],[113.55698,22.16629],[113.55705,22.16622],[113.55745,22.16603],[113.55836,22.16598],[113.55862,22.16585],[113.55979,22.16556],[113.56002,22.1656],[113.56016,22.16543],[113.56051,22.16534],[113.56115,22.16523],[113.56222,22.16515],[113.5628,22.16517],[113.56332,22.16525],[113.5636,22.16536],[113.56388,22.16541],[113.564,22.1654],[113.56456,22.16523],[113.5646,22.16515],[113.56584,22.16487],[113.5659,22.16502],[113.56592,22.16502],[113.56649,22.16707],[113.56505,22.16741],[113.56484,22.1675],[113.56468,22.1676],[113.56456,22.16774],[113.5644,22.16798],[113.56433,22.16826],[113.56433,22.16849],[113.56459,22.17072],[113.56759,22.16973],[113.56768,22.16998],[113.56762,22.17001],[113.56764,22.17008],[113.56759,22.17009],[113.56779,22.17061],[113.56801,22.17054],[113.56769,22.16969],[113.56904,22.16925],[113.5719,22.16734],[113.57203,22.16741],[113.57256,22.16956],[113.57264,22.16973],[113.57272,22.16978],[113.57281,22.16978],[113.57311,22.1697],[113.5734,22.16967],[113.57444,22.16936],[113.57491,22.17001],[113.57418,22.17042],[113.57422,22.17047],[113.57492,22.17008],[113.57497,22.17008],[113.57544,22.1708],[113.57541,22.17086],[113.57448,22.17139],[113.57451,22.17144],[113.57545,22.17091],[113.57551,22.17094],[113.57568,22.17084],[113.57581,22.17062],[113.57582,22.17035],[113.57571,22.17008],[113.57365,22.16699],[113.57386,22.16694],[113.57385,22.16686],[113.57388,22.16685],[113.57349,22.16546],[113.57419,22.16529],[113.57444,22.16621],[113.57474,22.16614],[113.57448,22.16523],[113.57605,22.16485],[113.57612,22.16487],[113.57621,22.16481],[113.57635,22.16536],[113.57621,22.16549],[113.57626,22.16554],[113.57579,22.16595],[113.57581,22.16597],[113.57579,22.16599],[113.57586,22.16605],[113.57589,22.16604],[113.57636,22.16562],[113.57645,22.1657],[113.57653,22.166],[113.57639,22.16611],[113.57644,22.16616],[113.57597,22.16658],[113.57599,22.1666],[113.57597,22.16662],[113.57603,22.16668],[113.57607,22.16667],[113.57654,22.16625],[113.57663,22.16634],[113.5767,22.16662],[113.57657,22.16674],[113.57661,22.16679],[113.57614,22.16721],[113.57617,22.16723],[113.57615,22.16725],[113.57621,22.16732],[113.57625,22.1673],[113.57671,22.16688],[113.57679,22.16697],[113.57687,22.16725],[113.57673,22.16738],[113.57678,22.16743],[113.57669,22.1675],[113.57679,22.16759],[113.57688,22.16751],[113.57697,22.16759],[113.57705,22.16789],[113.57827,22.16761],[113.5783,22.16757],[113.57821,22.16728],[113.57825,22.16718],[113.57838,22.16721],[113.57841,22.16708],[113.57828,22.16706],[113.57829,22.16699],[113.57812,22.16695],[113.57804,22.16665],[113.57807,22.16655],[113.57821,22.16658],[113.57824,22.16646],[113.57811,22.16643],[113.57812,22.16636],[113.57794,22.16632],[113.57787,22.16603],[113.5779,22.16592],[113.57802,22.16595],[113.57806,22.16582],[113.57793,22.1658],[113.57795,22.16573],[113.57777,22.16569],[113.57769,22.1654],[113.57772,22.16529],[113.57836,22.16546],[113.57836,22.16543],[113.57839,22.16544],[113.57842,22.16536],[113.57775,22.16516],[113.57777,22.1651],[113.5776,22.16506],[113.57747,22.16458],[113.57831,22.16439],[113.57838,22.1646],[113.57856,22.16456],[113.57857,22.1646],[113.57865,22.16457],[113.57868,22.16469],[113.57885,22.16465],[113.57849,22.16332],[113.57851,22.16327],[113.57845,22.16306],[113.57844,22.16284],[113.57848,22.16278],[113.5786,22.16274],[113.57974,22.16309],[113.57981,22.16316],[113.5798,22.16329],[113.57948,22.16415],[113.5795,22.16428],[113.5797,22.1645],[113.57965,22.16455],[113.5795,22.16495],[113.5792,22.16486],[113.57918,22.16493],[113.57985,22.16514],[113.57987,22.16507],[113.57956,22.16497],[113.57971,22.16458],[113.57975,22.16455],[113.58012,22.16496],[113.58075,22.16726],[113.58074,22.16738],[113.58006,22.16914],[113.57966,22.17032],[113.57967,22.17036],[113.57972,22.17037],[113.58003,22.16947],[113.58086,22.16728],[113.58093,22.16722],[113.58095,22.16706],[113.58092,22.16696],[113.58105,22.16649],[113.58108,22.16649],[113.58126,22.16592],[113.58143,22.16571],[113.58162,22.16562],[113.58261,22.16593],[113.58278,22.16591],[113.58344,22.16427],[113.58358,22.16383],[113.58358,22.16364],[113.58354,22.16361],[113.58256,22.16329],[113.58029,22.16244],[113.57906,22.16205],[113.57891,22.16206],[113.57885,22.16203],[113.57875,22.16207],[113.57873,22.16205],[113.57873,22.162],[113.57882,22.16193],[113.57879,22.16179],[113.57873,22.16175],[113.57888,22.16153],[113.57903,22.16115],[113.57904,22.16099],[113.5781,22.15764],[113.57786,22.15704],[113.57741,22.15623],[113.5778,22.15599],[113.57807,22.15597],[113.57816,22.15593],[113.57829,22.15568],[113.57829,22.15556],[113.57823,22.15545],[113.5781,22.15539],[113.57796,22.15537],[113.57783,22.15544],[113.5777,22.15556],[113.57753,22.15582],[113.57722,22.15602],[113.57701,22.15571],[113.57674,22.15544],[113.57672,22.15527],[113.57666,22.15527],[113.57663,22.15517],[113.57655,22.15507],[113.57659,22.15504],[113.57632,22.15485],[113.57636,22.15482],[113.57626,22.15477],[113.57618,22.15467],[113.5759,22.15449],[113.57586,22.15424],[113.57596,22.15424],[113.57583,22.15413],[113.57578,22.15399],[113.57612,22.15426],[113.57741,22.15399],[113.58766,22.14764],[113.58783,22.14621],[113.58789,22.14607],[113.58799,22.14594],[113.58812,22.14568],[113.58807,22.14561],[113.58862,22.14489],[113.58892,22.14443],[113.58837,22.14404],[113.58835,22.14394],[113.58828,22.14387],[113.58666,22.14285],[113.5865,22.14286],[113.58595,22.14252],[113.58573,22.14276],[113.58502,22.14371],[113.5845,22.14358],[113.58435,22.14352],[113.58417,22.14338],[113.58406,22.14338],[113.58358,22.14353],[113.58241,22.14321],[113.581,22.14235],[113.58094,22.14231],[113.58093,22.14225],[113.57982,22.14154],[113.5789,22.14141],[113.57803,22.14097],[113.57755,22.14105],[113.57743,22.14038],[113.57733,22.14026],[113.57728,22.14003],[113.57722,22.13995],[113.57714,22.13991],[113.57704,22.13973],[113.57684,22.13952],[113.57681,22.13937],[113.57668,22.13929],[113.57671,22.13913],[113.57668,22.13905],[113.57702,22.13901],[113.57741,22.13845],[113.57747,22.13844],[113.57779,22.13863],[113.57796,22.13881],[113.57818,22.13897],[113.57839,22.13899],[113.57845,22.13893],[113.5786,22.13902],[113.57864,22.13893],[113.57885,22.13907],[113.57824,22.13992],[113.57822,22.14001],[113.57826,22.1402],[113.57864,22.14052],[113.58248,22.14294],[113.5828,22.14306],[113.58307,22.14308],[113.58326,22.14307],[113.58356,22.14299],[113.58366,22.143],[113.58372,22.1431],[113.5839,22.14302],[113.58377,22.14278],[113.58393,22.14271],[113.58379,22.14241],[113.58363,22.14248],[113.58348,22.14215],[113.58329,22.14224],[113.58324,22.14207],[113.58321,22.14208],[113.58319,22.14205],[113.5834,22.14195],[113.58342,22.14199],[113.58398,22.14177],[113.58395,22.14171],[113.58412,22.14165],[113.5841,22.14162],[113.58395,22.14169],[113.58393,22.14164],[113.58338,22.14185],[113.58334,22.14191],[113.58322,22.14195],[113.58296,22.14128],[113.58276,22.14102],[113.58016,22.13851],[113.58011,22.13856],[113.58007,22.13852],[113.58007,22.13843],[113.58057,22.13774],[113.5806,22.1372],[113.58052,22.1364],[113.58042,22.13587],[113.58045,22.1358],[113.58051,22.13574],[113.58055,22.13576],[113.58066,22.13572],[113.58069,22.13561],[113.58091,22.13541],[113.58109,22.13533],[113.58117,22.13534],[113.58119,22.13524],[113.58124,22.13524],[113.58127,22.1353],[113.58135,22.1353],[113.58166,22.13516],[113.58204,22.13528],[113.58211,22.13544],[113.58222,22.13557],[113.58241,22.13568],[113.58231,22.13576],[113.58233,22.13582],[113.58242,22.13603],[113.58259,22.13622],[113.58247,22.13641],[113.58243,22.13655],[113.58264,22.13676],[113.58268,22.13678],[113.58278,22.13676],[113.58284,22.13652],[113.58292,22.13637],[113.5829,22.13622],[113.58299,22.1359],[113.58297,22.13571],[113.58286,22.13544],[113.58306,22.13533],[113.58312,22.13521],[113.58316,22.13498],[113.58392,22.13511],[113.58418,22.13543],[113.58557,22.13452],[113.58636,22.13551],[113.58674,22.13527],[113.58682,22.13536],[113.58689,22.13536],[113.58782,22.13471],[113.58817,22.13514],[113.58812,22.13517],[113.58817,22.13524],[113.58825,22.13519],[113.58853,22.13555],[113.58856,22.13553],[113.58829,22.13519],[113.58833,22.13516],[113.58826,22.13507],[113.58822,22.1351],[113.58789,22.13466],[113.58793,22.13464],[113.58794,22.13455],[113.5878,22.13437],[113.58796,22.13426],[113.58792,22.1342],[113.58776,22.13431]],[[113.55007,22.14812],[113.5495,22.14812],[113.55008,22.14811],[113.55006,22.15109],[113.55007,22.14812]],[[113.55136,22.12663],[113.55147,22.12663],[113.55147,22.12667],[113.55136,22.12667],[113.55136,22.12663]],[[113.55074,22.12663],[113.55128,22.12663],[113.55128,22.12667],[113.55074,22.12667],[113.55074,22.12663]]],[[[113.5848,22.16412],[113.5847,22.16453],[113.58483,22.16492],[113.585,22.16517],[113.58519,22.16534],[113.58544,22.16543],[113.58507,22.16641],[113.58471,22.16735],[113.58478,22.16738],[113.58551,22.16545],[113.58639,22.16573],[113.58674,22.16572],[113.58721,22.1655],[113.5874,22.16531],[113.59825,22.13598],[113.59835,22.13555],[113.59823,22.13522],[113.5981,22.13498],[113.59788,22.13476],[113.59585,22.13408],[113.59552,22.13403],[113.59521,22.13403],[113.59478,22.13428],[113.59448,22.13455],[113.59437,22.13495],[113.59046,22.14559],[113.59024,22.14608],[113.58994,22.14613],[113.58995,22.14609],[113.58988,22.14605],[113.58974,22.14622],[113.58939,22.146],[113.58938,22.14602],[113.58948,22.1461],[113.58944,22.14614],[113.58933,22.14607],[113.58928,22.14613],[113.58963,22.14634],[113.58937,22.1472],[113.58942,22.14732],[113.58995,22.14806],[113.58989,22.14814],[113.58996,22.14823],[113.59005,22.14821],[113.59042,22.14878],[113.5848,22.16412]]],[[[113.55474,22.16721],[113.55456,22.16735],[113.55448,22.16755],[113.5545,22.16776],[113.55457,22.16785],[113.55473,22.16797],[113.55483,22.168],[113.5551,22.16798],[113.55526,22.1683],[113.55441,22.16866],[113.55405,22.16878],[113.55386,22.1688],[113.55377,22.16877],[113.55364,22.16862],[113.55349,22.16839],[113.55347,22.1683],[113.55352,22.16809],[113.55378,22.16744],[113.55375,22.16731],[113.55369,22.16726],[113.55316,22.16705],[113.55012,22.16653],[113.54963,22.16654],[113.54949,22.1666],[113.54939,22.16668],[113.54925,22.16691],[113.54859,22.17019],[113.54857,22.17038],[113.54859,22.17073],[113.54866,22.1709],[113.54889,22.17114],[113.54906,22.17123],[113.54935,22.1713],[113.56139,22.17127],[113.56178,22.17123],[113.56193,22.17117],[113.56206,22.17107],[113.56225,22.17078],[113.56227,22.17064],[113.56229,22.16871],[113.56226,22.16837],[113.56222,22.16822],[113.56214,22.1681],[113.56198,22.16797],[113.56168,22.1679],[113.56001,22.16809],[113.55964,22.16811],[113.55929,22.16806],[113.55728,22.16753],[113.55695,22.16752],[113.55576,22.1676],[113.55506,22.16719],[113.55485,22.16718],[113.55474,22.16721]]],[[[113.55238,22.18584],[113.55239,22.18577],[113.55235,22.18564],[113.55223,22.18555],[113.55216,22.18554],[113.55201,22.18557],[113.55195,22.18561],[113.55189,22.18574],[113.55192,22.18588],[113.55208,22.186],[113.55215,22.186],[113.55229,22.18596],[113.55238,22.18584]]],[[[113.56228,22.20885],[113.56211,22.21007],[113.56228,22.21044],[113.56248,22.21059],[113.56275,22.21069],[113.5635,22.21069],[113.5664,22.20948],[113.56793,22.20852],[113.56867,22.20724],[113.56956,22.20425],[113.5702,22.20165],[113.57022,22.1987],[113.57014,22.1987],[113.57014,22.19731],[113.57064,22.19133],[113.57068,22.18994],[113.57039,22.18952],[113.56997,22.1894],[113.56853,22.1894],[113.56719,22.18973],[113.56541,22.19066],[113.56497,22.19078],[113.56488,22.19094],[113.56483,22.19228],[113.56476,22.19228],[113.56475,22.19254],[113.56418,22.19251],[113.56417,22.19258],[113.56424,22.19258],[113.56424,22.19255],[113.56475,22.19257],[113.56469,22.19432],[113.56483,22.19677],[113.56478,22.19913],[113.56428,22.20109],[113.56257,22.20459],[113.56229,22.20732],[113.56228,22.20885]]],[[[113.57866,22.19703],[113.57237,22.19701],[113.57199,22.19709],[113.57177,22.1972],[113.5716,22.19735],[113.57144,22.19756],[113.57136,22.19785],[113.57134,22.19936],[113.5714,22.19936],[113.57139,22.20309],[113.57151,22.20403],[113.58099,22.20405],[113.58099,22.19879],[113.58091,22.1985],[113.58072,22.19822],[113.58057,22.1981],[113.57903,22.19718],[113.57884,22.19708],[113.57866,22.19703]]]]}},{"type":"Feature","properties":{"layer":"park"},"geometry":{"type":"MultiPolygon","coordinates":[[[[113.53097,22.18098],[113.5307,22.18119],[113.53042,22.18158],[113.53017,22.18212],[113.53014,22.1825],[113.53019,22.18228],[113.53049,22.18209],[113.53036,22.18185],[113.5304,22.18168],[113.53097,22.18098]]],[[[113.53011,22.18153],[113.53016,22.18158],[113.52979,22.18205],[113.52962,22.18245],[113.52965,22.18267],[113.53012,22.18279],[113.5302,22.18275],[113.53015,22.18255],[113.52998,22.18252],[113.52999,22.18213],[113.53023,22.18161],[113.53019,22.18149],[113.53011,22.18153]]],[[[113.52963,22.1847],[113.52996,22.1844],[113.52996,22.18432],[113.53028,22.1843],[113.53033,22.18346],[113.53044,22.18331],[113.53026,22.18293],[113.5302,22.18293],[113.5301,22.18316],[113.52997,22.18322],[113.52982,22.1832],[113.52968,22.18304],[113.52959,22.18445],[113.52915,22.18441],[113.52956,22.18543],[113.52972,22.18539],[113.52957,22.18457],[113.52963,22.18459],[113.52963,22.1847]]],[[[113.53063,22.18692],[113.53023,22.18665],[113.53008,22.18662],[113.52985,22.18641],[113.52985,22.18628],[113.52972,22.18611],[113.52934,22.18583],[113.52957,22.18617],[113.53013,22.18669],[113.53061,22.18697],[113.53063,22.18692]]],[[[113.53239,22.17967],[113.53308,22.17969],[113.53378,22.17948],[113.5338,22.17943],[113.53279,22.17943],[113.53221,22.17963],[113.53212,22.17978],[113.53239,22.17967]]],[[[113.53478,22.17956],[113.53441,22.17953],[113.53375,22.17955],[113.53331,22.1797],[113.53445,22.17967],[113.53509,22.17968],[113.53478,22.17956]]],[[[113.5336,22.17983],[113.53319,22.17996],[113.53345,22.18002],[113.53389,22.17982],[113.5336,22.17983]]],[[[113.53162,22.18031],[113.53178,22.18033],[113.53218,22.17995],[113.53212,22.17988],[113.53162,22.18031]]],[[[113.53326,22.18036],[113.53366,22.18012],[113.53313,22.18],[113.53281,22.18008],[113.53186,22.18065],[113.53187,22.18068],[113.53326,22.18036]]],[[[113.53218,22.18152],[113.5318,22.18164],[113.53176,22.18195],[113.53204,22.18233],[113.53262,22.18212],[113.53282,22.18223],[113.5327,22.18207],[113.53258,22.18202],[113.53255,22.18209],[113.53233,22.18211],[113.53225,22.18205],[113.53234,22.18198],[113.53232,22.18178],[113.53221,22.18173],[113.53218,22.18152]]],[[[113.53083,22.18297],[113.53136,22.18386],[113.53184,22.18418],[113.53111,22.18292],[113.53122,22.1827],[113.53101,22.18233],[113.53083,22.18297]]],[[[113.53357,22.18412],[113.53326,22.18392],[113.53313,22.18373],[113.53305,22.18351],[113.53318,22.18263],[113.53311,22.18223],[113.53301,22.18199],[113.53273,22.18181],[113.53272,22.18186],[113.53291,22.18197],[113.53302,22.18212],[113.53305,22.18226],[113.53305,22.18252],[113.53298,22.18253],[113.53286,22.18316],[113.53278,22.18326],[113.5332,22.18404],[113.53367,22.1844],[113.53383,22.18437],[113.53412,22.18465],[113.53437,22.18476],[113.53454,22.18478],[113.53486,22.18455],[113.53478,22.1844],[113.53466,22.18433],[113.53449,22.18464],[113.53446,22.18462],[113.53405,22.18446],[113.53394,22.18439],[113.53393,22.18439],[113.53396,22.18428],[113.53383,22.18422],[113.53357,22.18412]]],[[[113.53352,22.1826],[113.53346,22.18362],[113.53362,22.1838],[113.53482,22.18432],[113.53493,22.18451],[113.53506,22.18524],[113.53535,22.18561],[113.53587,22.1858],[113.53701,22.186],[113.53703,22.18591],[113.53548,22.18557],[113.53528,22.18538],[113.53511,22.18508],[113.53499,22.18447],[113.53487,22.18428],[113.53366,22.18367],[113.53354,22.18348],[113.53362,22.18273],[113.53359,22.18243],[113.53337,22.18186],[113.53319,22.18157],[113.53304,22.18147],[113.53248,22.18134],[113.5322,22.18135],[113.5318,22.18149],[113.53159,22.18142],[113.5315,22.1815],[113.53146,22.18164],[113.53069,22.18197],[113.53048,22.18217],[113.53154,22.18171],[113.53158,22.18152],[113.5317,22.18151],[113.5318,22.18161],[113.53221,22.18143],[113.53292,22.1815],[113.53319,22.18171],[113.53352,22.1826]]],[[[113.53325,22.18423],[113.53265,22.18338],[113.53239,22.18336],[113.53242,22.18307],[113.5322,22.18275],[113.53199,22.18273],[113.53191,22.1825],[113.53133,22.18275],[113.53127,22.18286],[113.53129,22.183],[113.53207,22.18434],[113.53298,22.18486],[113.53291,22.18489],[113.53313,22.18505],[113.53362,22.18504],[113.53372,22.18469],[113.53363,22.18469],[113.53354,22.18458],[113.53338,22.18457],[113.53316,22.18437],[113.53325,22.18423]]],[[[113.53393,22.184],[113.53383,22.18422],[113.53397,22.18427],[113.53396,22.18428],[113.53394,22.18439],[113.53446,22.18462],[113.53465,22.1843],[113.53393,22.184]]],[[[113.53145,22.18454],[113.53157,22.18451],[113.53182,22.18473],[113.53188,22.18486],[113.53214,22.18481],[113.53151,22.1844],[113.53136,22.18425],[113.53145,22.18454]]],[[[113.53446,22.18486],[113.53455,22.18515],[113.53497,22.18509],[113.53488,22.18457],[113.53446,22.18486]]],[[[113.53257,22.18622],[113.53239,22.18631],[113.53225,22.18628],[113.53203,22.18583],[113.53217,22.18563],[113.53231,22.18561],[113.53269,22.18506],[113.53211,22.18473],[113.53227,22.18495],[113.53226,22.18507],[113.53216,22.1851],[113.53195,22.18543],[113.53184,22.1854],[113.53139,22.18606],[113.53138,22.18616],[113.53151,22.18626],[113.53143,22.18631],[113.53139,22.18647],[113.53168,22.18676],[113.53204,22.18675],[113.53225,22.18643],[113.53236,22.18638],[113.53247,22.18641],[113.53277,22.18658],[113.53266,22.18677],[113.5328,22.18695],[113.53288,22.18674],[113.53304,22.18657],[113.53257,22.18622]]],[[[113.53386,22.18668],[113.53424,22.18672],[113.53421,22.18686],[113.53434,22.18688],[113.53451,22.18675],[113.53435,22.1867],[113.5344,22.18656],[113.53383,22.18647],[113.53382,22.18628],[113.53366,22.18626],[113.53365,22.18613],[113.5335,22.18607],[113.5335,22.18594],[113.53303,22.1858],[113.53298,22.18599],[113.53315,22.18616],[113.53363,22.18638],[113.53362,22.18649],[113.53373,22.18653],[113.53368,22.18665],[113.53354,22.18661],[113.53348,22.18672],[113.53383,22.1868],[113.53386,22.18668]]],[[[113.53293,22.18741],[113.53304,22.18706],[113.53272,22.18703],[113.53252,22.18683],[113.53244,22.18694],[113.53293,22.18741]]],[[[113.53512,22.18707],[113.535,22.18694],[113.53471,22.18701],[113.53485,22.18735],[113.53511,22.18727],[113.53547,22.18737],[113.53554,22.18724],[113.53539,22.1873],[113.53524,22.18726],[113.53546,22.18699],[113.53532,22.18693],[113.53512,22.18707]]],[[[113.53416,22.20992],[113.53365,22.21119],[113.53371,22.2112],[113.53426,22.20981],[113.53492,22.20747],[113.53485,22.20753],[113.53416,22.20992]]],[[[113.53442,22.17951],[113.53478,22.17956],[113.53502,22.17959],[113.53501,22.17952],[113.53607,22.17946],[113.53757,22.17965],[113.53763,22.17959],[113.53615,22.17939],[113.53452,22.1794],[113.53442,22.17951]]],[[[113.53641,22.18031],[113.53658,22.18036],[113.53662,22.18031],[113.53665,22.18026],[113.53576,22.17993],[113.53553,22.1799],[113.53641,22.18031]]],[[[113.53649,22.1808],[113.53659,22.18094],[113.53703,22.18056],[113.53662,22.18031],[113.53649,22.1808]]],[[[113.53739,22.18159],[113.53693,22.18135],[113.53689,22.18142],[113.53717,22.18163],[113.53751,22.1818],[113.53739,22.18159]]],[[[113.53758,22.18179],[113.5376,22.18391],[113.53763,22.1818],[113.53773,22.18161],[113.53749,22.18157],[113.53758,22.18179]]],[[[113.53671,22.18498],[113.53699,22.18525],[113.53679,22.18422],[113.53693,22.18412],[113.53694,22.18377],[113.53664,22.18391],[113.5365,22.1842],[113.53669,22.18466],[113.53671,22.18498]]],[[[113.53726,22.18523],[113.53744,22.18526],[113.53755,22.18515],[113.53755,22.18437],[113.5374,22.1842],[113.53724,22.18419],[113.53711,22.18428],[113.53705,22.18456],[113.53715,22.18508],[113.53726,22.18523]]],[[[113.53711,22.1861],[113.5369,22.18601],[113.53614,22.18589],[113.53613,22.18597],[113.53698,22.18608],[113.53713,22.18615],[113.53719,22.18637],[113.53711,22.18652],[113.53725,22.18643],[113.5372,22.18619],[113.53711,22.1861]]],[[[113.53786,22.18702],[113.53794,22.18642],[113.53788,22.18625],[113.5377,22.18664],[113.53782,22.18777],[113.53799,22.18847],[113.53818,22.18895],[113.53788,22.18776],[113.53786,22.18702]]],[[[113.53476,22.18671],[113.53537,22.18659],[113.53563,22.1866],[113.53556,22.18649],[113.53474,22.18658],[113.53467,22.18667],[113.53476,22.18671]]],[[[113.53581,22.18679],[113.53581,22.18695],[113.5359,22.18683],[113.53584,22.1867],[113.53592,22.18644],[113.5354,22.18636],[113.53513,22.18643],[113.53488,22.18636],[113.53486,22.1865],[113.53479,22.18656],[113.53508,22.18647],[113.53562,22.18645],[113.53563,22.1866],[113.53565,22.1868],[113.53581,22.18679]]],[[[113.53729,22.18657],[113.53697,22.18668],[113.53733,22.18715],[113.53739,22.18712],[113.53729,22.18657]]],[[[113.53613,22.18704],[113.53587,22.18694],[113.53566,22.18712],[113.5355,22.18739],[113.53585,22.18755],[113.53613,22.18704]]],[[[113.53773,22.18805],[113.53756,22.18658],[113.53742,22.18645],[113.53739,22.18657],[113.53777,22.1886],[113.53792,22.18907],[113.53812,22.18916],[113.53773,22.18805]]],[[[113.53797,22.19228],[113.53781,22.19218],[113.53777,22.19226],[113.53768,22.1922],[113.53737,22.19229],[113.53734,22.19256],[113.53757,22.19278],[113.53781,22.19261],[113.53777,22.19256],[113.53797,22.19228]]],[[[113.53618,22.19357],[113.5362,22.19352],[113.53608,22.19338],[113.53541,22.19369],[113.53548,22.19387],[113.53618,22.19357]]],[[[113.53782,22.20618],[113.53771,22.20653],[113.53791,22.20659],[113.53801,22.20626],[113.53861,22.20643],[113.53869,22.20619],[113.53805,22.20601],[113.53813,22.20573],[113.53798,22.20574],[113.5379,22.20597],[113.53734,22.20582],[113.53724,22.20588],[113.5372,22.20602],[113.53782,22.20618]]],[[[113.53591,22.21104],[113.53605,22.21112],[113.53611,22.21101],[113.53629,22.21112],[113.53641,22.21088],[113.5365,22.21081],[113.53667,22.21072],[113.53681,22.2107],[113.53702,22.21066],[113.53684,22.21059],[113.53684,22.21049],[113.5374,22.21039],[113.53741,22.21025],[113.5368,22.21048],[113.53643,22.21021],[113.53623,22.2104],[113.53636,22.21051],[113.53626,22.21056],[113.53612,22.21054],[113.53625,22.21068],[113.53629,22.21085],[113.53591,22.21104]]],[[[113.53898,22.21191],[113.53904,22.21193],[113.53903,22.21169],[113.53912,22.21141],[113.53888,22.2116],[113.53844,22.21163],[113.53831,22.21099],[113.53822,22.21096],[113.53836,22.21172],[113.53893,22.21162],[113.53835,22.21173],[113.5382,22.21096],[113.53827,22.2109],[113.53821,22.21084],[113.53828,22.2108],[113.53817,22.21073],[113.53829,22.21053],[113.53781,22.21021],[113.53743,22.21024],[113.53741,22.21039],[113.53759,22.21038],[113.5376,22.21062],[113.53681,22.2107],[113.53645,22.21086],[113.5363,22.21112],[113.53631,22.2112],[113.53687,22.21208],[113.53733,22.21238],[113.53737,22.21229],[113.53752,22.21233],[113.53761,22.21201],[113.53817,22.21213],[113.53832,22.21247],[113.53861,22.21239],[113.53896,22.21194],[113.53893,22.21164],[113.53898,22.21191]]],[[[113.53609,22.21199],[113.53543,22.21168],[113.53538,22.21182],[113.53623,22.21229],[113.53642,22.21195],[113.53625,22.21175],[113.53609,22.21199]]],[[[113.53662,22.2134],[113.5364,22.21337],[113.53584,22.21314],[113.53627,22.21337],[113.53664,22.21343],[113.53913,22.21318],[113.53938,22.2131],[113.53944,22.21302],[113.53939,22.21298],[113.53915,22.21315],[113.53662,22.2134]]],[[[113.54093,22.13292],[113.54094,22.13292],[113.54094,22.13323],[113.54127,22.13312],[113.54163,22.13324],[113.54186,22.13324],[113.54206,22.13311],[113.54206,22.13295],[113.54223,22.13295],[113.54223,22.13311],[113.54228,22.13292],[113.54164,22.13283],[113.54078,22.13285],[113.54064,22.13287],[113.54052,22.13298],[113.54044,22.13327],[113.54034,22.13551],[113.54042,22.13563],[113.54102,22.13567],[113.54104,22.13495],[113.54075,22.13483],[113.54073,22.13453],[113.54048,22.13453],[113.54053,22.13309],[113.54073,22.13309],[113.54073,22.13292],[113.54074,22.13292],[113.54074,22.1331],[113.54054,22.1331],[113.54054,22.13343],[113.54074,22.13343],[113.54074,22.13324],[113.54093,22.13324],[113.54093,22.13292]]],[[[113.54017,22.16157],[113.54028,22.16181],[113.54061,22.16194],[113.54094,22.1618],[113.54104,22.16156],[113.5409,22.16124],[113.54064,22.16114],[113.5403,22.16125],[113.54017,22.16157]]],[[[113.54026,22.16299],[113.53968,22.16502],[113.53962,22.16543],[113.5399,22.16494],[113.54042,22.16302],[113.54055,22.16304],[113.54077,22.16204],[113.54028,22.16198],[113.54013,22.16296],[113.54026,22.16299]]],[[[113.53765,22.17979],[113.53783,22.17973],[113.53783,22.17978],[113.53842,22.1799],[113.53955,22.18042],[113.54084,22.18115],[113.54095,22.17991],[113.5401,22.17963],[113.53949,22.17954],[113.53769,22.17956],[113.53762,22.17967],[113.53765,22.17979]]],[[[113.53871,22.18061],[113.5386,22.18047],[113.53849,22.18051],[113.53871,22.18101],[113.53879,22.18109],[113.53871,22.18061]]],[[[113.53839,22.1808],[113.53846,22.18096],[113.53837,22.18124],[113.53809,22.18141],[113.53766,22.18147],[113.5381,22.1815],[113.53844,22.18127],[113.53851,22.18097],[113.53844,22.18075],[113.53821,22.18058],[113.53819,22.18062],[113.53839,22.1808]]],[[[113.5381,22.18111],[113.53791,22.18129],[113.53764,22.18141],[113.5381,22.18135],[113.53831,22.18121],[113.5384,22.18099],[113.5382,22.1807],[113.53822,22.18093],[113.5381,22.18111]]],[[[113.53986,22.18168],[113.54006,22.18137],[113.53989,22.18113],[113.53978,22.18073],[113.53952,22.18061],[113.53951,22.18071],[113.53971,22.1809],[113.53947,22.18149],[113.53986,22.18168]]],[[[113.54062,22.1815],[113.5408,22.18129],[113.54026,22.18094],[113.5401,22.18121],[113.54035,22.18142],[113.54062,22.1815]]],[[[113.53777,22.18174],[113.53821,22.18172],[113.53863,22.18144],[113.5378,22.18167],[113.5377,22.18178],[113.53777,22.18174]]],[[[113.54084,22.1821],[113.54113,22.18215],[113.54123,22.18177],[113.54113,22.18168],[113.54042,22.18167],[113.54029,22.18184],[113.54084,22.1821]]],[[[113.53821,22.18172],[113.53815,22.18176],[113.53777,22.18175],[113.53768,22.18181],[113.53768,22.18192],[113.5378,22.18195],[113.5378,22.18271],[113.53788,22.1828],[113.53811,22.1828],[113.53882,22.18164],[113.53863,22.18149],[113.53821,22.18172]]],[[[113.53917,22.18283],[113.53929,22.18286],[113.53955,22.18312],[113.54034,22.18283],[113.53917,22.18283]]],[[[113.5404,22.18299],[113.54041,22.18318],[113.54028,22.18344],[113.5406,22.18328],[113.54068,22.18287],[113.5404,22.18299]]],[[[113.53926,22.18298],[113.53908,22.18295],[113.53904,22.18311],[113.53954,22.18372],[113.53967,22.18373],[113.53972,22.18362],[113.53926,22.18298]]],[[[113.53879,22.18305],[113.5378,22.18306],[113.53779,22.18369],[113.53786,22.18375],[113.53895,22.18334],[113.53894,22.18327],[113.53879,22.18305]]],[[[113.538,22.18583],[113.53839,22.18505],[113.53777,22.18464],[113.53778,22.18584],[113.53785,22.18588],[113.538,22.18583]]],[[[113.53872,22.18485],[113.53848,22.18525],[113.53819,22.18588],[113.53801,22.1867],[113.53854,22.18637],[113.53859,22.18618],[113.5385,22.18601],[113.53897,22.1851],[113.53933,22.18471],[113.53917,22.18431],[113.53872,22.18485]]],[[[113.54066,22.18693],[113.5407,22.18707],[113.54105,22.18705],[113.54093,22.18684],[113.54066,22.18693]]],[[[113.53975,22.18763],[113.53978,22.18746],[113.53949,22.18735],[113.53933,22.18722],[113.53924,22.18725],[113.53919,22.18731],[113.53931,22.18741],[113.53949,22.18786],[113.53973,22.18813],[113.53988,22.18816],[113.53997,22.18771],[113.53991,22.18761],[113.53975,22.18763]]],[[[113.53981,22.18876],[113.53975,22.18887],[113.54001,22.18904],[113.54018,22.18889],[113.53981,22.18876]]],[[[113.53949,22.191],[113.53948,22.19118],[113.54005,22.1917],[113.54023,22.19173],[113.54034,22.19167],[113.5404,22.19156],[113.54035,22.19138],[113.53984,22.19093],[113.53966,22.1909],[113.53949,22.191]]],[[[113.54098,22.19759],[113.54102,22.19694],[113.54092,22.19694],[113.54093,22.19661],[113.54075,22.19662],[113.54066,22.19669],[113.54076,22.19687],[113.5407,22.19758],[113.54098,22.19759]]],[[[113.53926,22.1996],[113.53975,22.19974],[113.53963,22.19949],[113.53971,22.1993],[113.53947,22.19935],[113.53928,22.19923],[113.53926,22.1996]]],[[[113.53962,22.20178],[113.53961,22.20187],[113.53997,22.20182],[113.54009,22.20161],[113.54007,22.20118],[113.53976,22.20105],[113.53976,22.20082],[113.53967,22.20079],[113.53968,22.20048],[113.5395,22.20045],[113.53967,22.19977],[113.53925,22.19964],[113.53901,22.20061],[113.53872,22.20045],[113.53872,22.20072],[113.53902,22.20114],[113.53897,22.20125],[113.53872,22.20141],[113.53874,22.20155],[113.53938,22.20165],[113.53962,22.20178]]],[[[113.53974,22.20397],[113.53951,22.2039],[113.53952,22.2041],[113.53943,22.20434],[113.53977,22.20443],[113.53983,22.20422],[113.53973,22.20419],[113.53974,22.20397]]],[[[113.53935,22.20435],[113.53945,22.20409],[113.53924,22.20399],[113.53914,22.20429],[113.53935,22.20435]]],[[[113.54046,22.20494],[113.54049,22.20481],[113.53843,22.20433],[113.53839,22.20446],[113.54046,22.20494]]],[[[113.53963,22.20604],[113.53758,22.20547],[113.53693,22.2059],[113.5369,22.20637],[113.53697,22.20646],[113.54147,22.20772],[113.54149,22.20763],[113.53704,22.20642],[113.53696,22.20632],[113.53712,22.20584],[113.53758,22.20553],[113.53962,22.20609],[113.53963,22.20604]]],[[[113.54074,22.213],[113.54065,22.21262],[113.53994,22.21285],[113.5394,22.21321],[113.5374,22.21342],[113.5374,22.21354],[113.53805,22.21355],[113.54074,22.213]]],[[[113.54557,22.12092],[113.54602,22.12093],[113.54623,22.12099],[113.54634,22.1211],[113.54638,22.1228],[113.54657,22.12311],[113.54659,22.12325],[113.54642,22.12354],[113.54646,22.12552],[113.54674,22.12595],[113.54695,22.12978],[113.54693,22.13036],[113.54669,22.13106],[113.54662,22.1315],[113.54662,22.13228],[113.54681,22.13266],[113.5466,22.13304],[113.54658,22.13448],[113.54666,22.13463],[113.5467,22.13448],[113.54715,22.13448],[113.54715,22.13461],[113.54708,22.13461],[113.54708,22.13467],[113.54722,22.13476],[113.54728,22.13492],[113.54731,22.13584],[113.54718,22.13592],[113.54717,22.13607],[113.54738,22.13607],[113.54654,22.12071],[113.54631,22.12078],[113.5458,22.12072],[113.5455,22.12081],[113.54306,22.12235],[113.54118,22.12363],[113.541,22.12388],[113.54095,22.12435],[113.54103,22.1247],[113.54145,22.1249],[113.54181,22.12492],[113.54298,22.12479],[113.54294,22.1238],[113.54195,22.12376],[113.54171,22.12388],[113.54153,22.12378],[113.54149,22.12365],[113.54155,22.12352],[113.54171,22.12345],[113.54195,22.12358],[113.54287,22.12357],[113.54298,22.12347],[113.54298,22.12328],[113.54294,22.12342],[113.54288,22.12342],[113.54289,22.12313],[113.54294,22.12313],[113.54294,22.12325],[113.54303,22.12246],[113.54527,22.12104],[113.54557,22.12092]]],[[[113.54391,22.12333],[113.54331,22.12333],[113.54317,22.12346],[113.54316,22.12397],[113.5439,22.12397],[113.54391,22.12333]]],[[[113.54283,22.12515],[113.54283,22.12585],[113.54296,22.12585],[113.54295,22.12514],[113.54283,22.12515]]],[[[113.54341,22.12565],[113.54341,22.12542],[113.54319,22.12541],[113.54318,22.12584],[113.5433,22.12584],[113.5433,22.12564],[113.54341,22.12565]]],[[[113.54263,22.12598],[113.54273,22.12589],[113.54271,22.12582],[113.54208,22.12582],[113.54204,22.12598],[113.54263,22.12598]]],[[[113.54081,22.12686],[113.5409,22.12714],[113.54107,22.12729],[113.54136,22.12737],[113.54258,22.12733],[113.54277,22.12679],[113.54267,22.12679],[113.54267,22.12692],[113.54261,22.12692],[113.54261,22.12679],[113.5409,22.12676],[113.54088,22.12595],[113.54106,22.12563],[113.54109,22.12519],[113.54118,22.12512],[113.54296,22.12499],[113.54282,22.12492],[113.54121,22.12504],[113.54106,22.1251],[113.54091,22.12531],[113.54081,22.12686]]],[[[113.54339,22.12688],[113.54303,22.12679],[113.54285,22.12733],[113.54314,22.12735],[113.54348,22.12727],[113.54357,22.1271],[113.54339,22.12688]]],[[[113.54091,22.12759],[113.54121,22.12744],[113.54081,22.12728],[113.54081,22.12759],[113.54091,22.12759]]],[[[113.54316,22.12746],[113.5429,22.12745],[113.54276,22.1276],[113.54314,22.12755],[113.5437,22.12764],[113.54316,22.12746]]],[[[113.54303,22.12769],[113.54303,22.12776],[113.54266,22.12774],[113.54284,22.12765],[113.54265,22.12768],[113.54262,22.12775],[113.54304,22.12779],[113.54304,22.12787],[113.54341,22.12792],[113.54341,22.12772],[113.54349,22.12767],[113.54289,22.12764],[113.54289,22.12769],[113.54303,22.12769]]],[[[113.54194,22.12795],[113.54196,22.12842],[113.5419,22.12842],[113.54187,22.12829],[113.54191,22.12862],[113.54209,22.12857],[113.54226,22.12796],[113.54194,22.12795]]],[[[113.54098,22.12771],[113.54106,22.12765],[113.54136,22.12764],[113.54152,22.12772],[113.54164,22.1279],[113.54229,22.12789],[113.54245,22.12754],[113.54185,22.12748],[113.54124,22.12752],[113.54092,22.12773],[113.54078,22.12808],[113.54078,22.12862],[113.54068,22.12922],[113.54072,22.12986],[113.54087,22.12995],[113.54149,22.13007],[113.54216,22.13012],[113.54213,22.12993],[113.54085,22.12992],[113.54074,22.12978],[113.54076,22.12891],[113.54097,22.12854],[113.54098,22.12771]]],[[[113.5423,22.1294],[113.54254,22.12938],[113.54258,22.12911],[113.5423,22.12911],[113.5423,22.1294]]],[[[113.5427,22.13011],[113.54357,22.12995],[113.54381,22.12976],[113.54328,22.12992],[113.54235,22.12989],[113.5424,22.13012],[113.5427,22.13011]]],[[[113.54072,22.13028],[113.54132,22.13017],[113.54081,22.13003],[113.54061,22.13008],[113.54072,22.13028]]],[[[113.54298,22.13028],[113.54327,22.13022],[113.54379,22.1303],[113.54364,22.13016],[113.54321,22.13015],[113.54244,22.1303],[113.54245,22.13039],[113.54298,22.13028]]],[[[113.54248,22.13066],[113.54274,22.13067],[113.54277,22.13037],[113.54297,22.13037],[113.54297,22.13045],[113.54369,22.13045],[113.54362,22.13031],[113.54298,22.13028],[113.54246,22.13043],[113.54248,22.13066]]],[[[113.54104,22.13075],[113.54166,22.1308],[113.54166,22.13074],[113.54198,22.13074],[113.54198,22.1308],[113.54223,22.13073],[113.54217,22.13034],[113.54122,22.1303],[113.54075,22.13041],[113.54064,22.13085],[113.54054,22.13239],[113.54063,22.13262],[113.54079,22.13273],[113.54228,22.13279],[113.54228,22.13268],[113.54111,22.13272],[113.54077,22.13258],[113.54061,22.13225],[113.54078,22.13067],[113.54104,22.13067],[113.54104,22.13075]]],[[[113.54307,22.13154],[113.54312,22.13148],[113.54262,22.13149],[113.54256,22.13153],[113.54256,22.13168],[113.54306,22.13168],[113.54306,22.13154],[113.54307,22.13154]]],[[[113.5437,22.13142],[113.54336,22.13134],[113.54307,22.13154],[113.5431,22.13176],[113.54311,22.13188],[113.54379,22.13188],[113.54379,22.13149],[113.5437,22.13149],[113.5437,22.13142]]],[[[113.54073,22.13162],[113.54073,22.13177],[113.54141,22.13177],[113.54141,22.13194],[113.54154,22.13194],[113.54154,22.13162],[113.54073,22.13162]]],[[[113.54255,22.13173],[113.54256,22.1318],[113.54277,22.1318],[113.54277,22.13186],[113.54255,22.13186],[113.54256,22.13222],[113.54264,22.13222],[113.54264,22.13188],[113.5431,22.13188],[113.5431,22.13176],[113.54255,22.13173]]],[[[113.54255,22.13281],[113.54298,22.13295],[113.54371,22.13297],[113.54384,22.13291],[113.54291,22.13291],[113.54286,22.1326],[113.54254,22.13259],[113.54255,22.13281]]],[[[113.5426,22.13312],[113.54393,22.13313],[113.54393,22.13307],[113.54291,22.13304],[113.54253,22.13296],[113.54253,22.13306],[113.5426,22.13312]]],[[[113.54349,22.13333],[113.5434,22.1333],[113.54331,22.13336],[113.54332,22.13456],[113.54347,22.13461],[113.54353,22.13448],[113.54351,22.13347],[113.54349,22.13333]]],[[[113.54228,22.15625],[113.5426,22.15623],[113.54286,22.15632],[113.543,22.15653],[113.54315,22.15648],[113.54291,22.15627],[113.54265,22.15573],[113.54256,22.15599],[113.54228,22.15625]]],[[[113.54216,22.15534],[113.54155,22.15688],[113.54164,22.15707],[113.54196,22.15641],[113.54247,22.15592],[113.54261,22.1554],[113.54256,22.1553],[113.54239,22.15523],[113.54216,22.15534]]],[[[113.54195,22.15669],[113.54198,22.15671],[113.54196,22.15701],[113.54188,22.15707],[113.54193,22.15716],[113.54201,22.15718],[113.54217,22.15697],[113.54226,22.15699],[113.54235,22.15686],[113.54219,22.15653],[113.5421,22.15647],[113.54195,22.15669]]],[[[113.54287,22.15704],[113.54306,22.15717],[113.54335,22.15705],[113.54342,22.15686],[113.54336,22.15665],[113.54314,22.15658],[113.54296,22.15667],[113.54285,22.15687],[113.54287,22.15704]]],[[[113.54243,22.1577],[113.5424,22.15783],[113.54245,22.15788],[113.54267,22.15757],[113.54256,22.1574],[113.5426,22.15731],[113.5423,22.15757],[113.54243,22.1577]]],[[[113.54193,22.15671],[113.54129,22.15855],[113.54107,22.15971],[113.54098,22.16091],[113.54107,22.16123],[113.54126,22.16152],[113.5415,22.16142],[113.54118,22.16051],[113.5412,22.15967],[113.54134,22.15896],[113.54195,22.15741],[113.54211,22.15725],[113.54191,22.15718],[113.54185,22.15707],[113.54194,22.157],[113.54193,22.15671]]],[[[113.54256,22.15776],[113.54223,22.15828],[113.54204,22.15873],[113.54201,22.15909],[113.54207,22.15942],[113.54222,22.15975],[113.54249,22.16009],[113.54275,22.16026],[113.54328,22.16051],[113.54251,22.16006],[113.54224,22.15973],[113.5421,22.15941],[113.54205,22.15909],[113.54208,22.15873],[113.54256,22.15776]]],[[[113.54146,22.16183],[113.54166,22.16173],[113.54154,22.16146],[113.54129,22.16156],[113.54146,22.16183]]],[[[113.54183,22.16206],[113.54199,22.1621],[113.54239,22.16191],[113.54271,22.16236],[113.54283,22.16231],[113.54298,22.16171],[113.54278,22.16134],[113.5422,22.16112],[113.54208,22.16118],[113.5422,22.1614],[113.54213,22.16144],[113.54227,22.1617],[113.54187,22.16187],[113.5418,22.16196],[113.54183,22.16206]]],[[[113.54412,22.16384],[113.54379,22.16387],[113.54321,22.16377],[113.54249,22.16335],[113.54216,22.16303],[113.54113,22.16163],[113.54104,22.16188],[113.5413,22.162],[113.54213,22.16312],[113.54274,22.16367],[113.54347,22.16394],[113.54412,22.164],[113.54412,22.16384]]],[[[113.54174,22.18226],[113.54182,22.18209],[113.54208,22.18214],[113.54212,22.18202],[113.54163,22.18164],[113.54153,22.18169],[113.54148,22.18199],[113.54155,22.18216],[113.54174,22.18226]]],[[[113.54282,22.1823],[113.54237,22.18218],[113.54236,22.18229],[113.54203,22.18239],[113.5438,22.18279],[113.54383,22.18267],[113.54376,22.18259],[113.54367,22.18254],[113.54355,22.18255],[113.54354,22.18256],[113.54352,22.18256],[113.54342,22.18257],[113.54338,22.18252],[113.54285,22.18245],[113.54279,22.18239],[113.54282,22.1823]]],[[[113.54307,22.18542],[113.54272,22.1852],[113.54257,22.18496],[113.54241,22.18489],[113.54223,22.18493],[113.54221,22.18514],[113.54236,22.18532],[113.54248,22.18567],[113.54269,22.1858],[113.54281,22.18609],[113.54299,22.18613],[113.54306,22.18607],[113.5431,22.1859],[113.54301,22.18571],[113.54307,22.18542]]],[[[113.54237,22.18703],[113.54223,22.18751],[113.54233,22.18751],[113.54237,22.18721],[113.54264,22.18682],[113.54288,22.18667],[113.54318,22.18661],[113.54315,22.18651],[113.54305,22.18648],[113.54265,22.18676],[113.54258,22.18673],[113.54237,22.18703]]],[[[113.54282,22.18784],[113.54284,22.18797],[113.54301,22.18794],[113.54361,22.18747],[113.54372,22.18729],[113.54386,22.18679],[113.5437,22.18683],[113.54335,22.1873],[113.54287,22.18777],[113.54282,22.18784]]],[[[113.54333,22.18789],[113.54302,22.18811],[113.54292,22.18836],[113.54294,22.18854],[113.54309,22.18878],[113.54325,22.18889],[113.54354,22.18894],[113.54373,22.1889],[113.54402,22.18866],[113.54409,22.18839],[113.54405,22.18821],[113.5438,22.18794],[113.54352,22.18786],[113.54333,22.18789]]],[[[113.54111,22.19696],[113.54106,22.1974],[113.54119,22.19744],[113.54127,22.19756],[113.54105,22.19764],[113.54105,22.19799],[113.54134,22.19797],[113.54135,22.19778],[113.54161,22.19779],[113.54161,22.19796],[113.5422,22.19791],[113.54221,22.19779],[113.54232,22.19775],[113.54272,22.19771],[113.54273,22.19764],[113.54157,22.19743],[113.54267,22.19761],[113.54268,22.19733],[113.54263,22.1973],[113.5428,22.197],[113.54294,22.19696],[113.54321,22.19669],[113.5429,22.19656],[113.54242,22.19654],[113.54171,22.19639],[113.54142,22.19691],[113.54111,22.19696]]],[[[113.54202,22.20444],[113.54176,22.20429],[113.54167,22.20456],[113.54196,22.20464],[113.54202,22.20444]]],[[[113.54173,22.20593],[113.5421,22.20604],[113.54217,22.20595],[113.54193,22.20565],[113.54177,22.20569],[113.54173,22.20593]]],[[[113.54052,22.20668],[113.54045,22.20688],[113.54114,22.20707],[113.54119,22.20714],[113.54108,22.20746],[113.54122,22.2075],[113.54133,22.20718],[113.54143,22.20714],[113.54213,22.20733],[113.5422,22.20714],[113.54151,22.20695],[113.54147,22.20686],[113.54158,22.20651],[113.54141,22.20646],[113.54129,22.20681],[113.54116,22.20686],[113.54052,22.20668]]],[[[113.54265,22.20727],[113.54263,22.20734],[113.54367,22.20763],[113.54369,22.20756],[113.54265,22.20727]]],[[[113.54249,22.20885],[113.5432,22.20904],[113.54324,22.20892],[113.54294,22.20884],[113.5431,22.20834],[113.54242,22.20815],[113.54238,22.20827],[113.54265,22.20834],[113.54249,22.20885]]],[[[113.54115,22.21026],[113.54124,22.20998],[113.54133,22.21],[113.54198,22.20793],[113.54186,22.20775],[113.5415,22.20765],[113.54149,22.2077],[113.54185,22.2078],[113.54097,22.2106],[113.54108,22.21068],[113.54122,22.21028],[113.54115,22.21026]]],[[[113.54246,22.21417],[113.5424,22.2142],[113.54304,22.21554],[113.54313,22.21525],[113.54302,22.21529],[113.54293,22.21513],[113.54303,22.21507],[113.54259,22.21431],[113.54246,22.21417]]],[[[113.54538,22.12122],[113.54332,22.12254],[113.54322,22.12273],[113.54322,22.12307],[113.54335,22.12313],[113.54599,22.12311],[113.54615,22.12293],[113.54616,22.1213],[113.54602,22.12114],[113.54563,22.12114],[113.54538,22.12122]]],[[[113.54403,22.12384],[113.54403,22.12442],[113.54418,22.12442],[113.54418,22.12384],[113.54403,22.12384]]],[[[113.54529,22.12521],[113.54467,22.12464],[113.54441,22.12462],[113.54397,22.12475],[113.54323,22.12474],[113.5433,22.12483],[113.54375,22.12486],[113.54435,22.1247],[113.54472,22.12472],[113.54519,22.12521],[113.54553,22.12541],[113.54558,22.12537],[113.54529,22.12521]]],[[[113.54447,22.12505],[113.54467,22.12512],[113.54486,22.12529],[113.54503,22.12524],[113.5447,22.12499],[113.54455,22.12495],[113.5432,22.12497],[113.5432,22.12509],[113.54447,22.12505]]],[[[113.54403,22.12547],[113.54458,22.12533],[113.54474,22.12538],[113.54462,22.12519],[113.54446,22.1251],[113.54337,22.12513],[113.54337,22.12532],[113.54342,22.12515],[113.54434,22.12516],[113.54434,22.12537],[113.54403,22.12541],[113.54403,22.12547]]],[[[113.54473,22.12547],[113.54457,22.12537],[113.54403,22.12551],[113.54455,22.12554],[113.54455,22.12562],[113.54463,22.12562],[113.54463,22.12568],[113.54473,22.12568],[113.54473,22.12547]]],[[[113.54482,22.1255],[113.5448,22.12628],[113.54453,22.12632],[113.54453,22.12651],[113.54495,22.12635],[113.5451,22.12621],[113.5452,22.12545],[113.54509,22.12531],[113.54482,22.1255]]],[[[113.54425,22.12665],[113.54413,22.12668],[113.54447,22.12668],[113.54447,22.12655],[113.54368,22.12655],[113.54368,22.12663],[113.54389,22.12668],[113.54389,22.1266],[113.54425,22.1266],[113.54425,22.12665]]],[[[113.54503,22.1267],[113.54518,22.12686],[113.54533,22.12679],[113.54521,22.12642],[113.54508,22.12639],[113.54497,22.12651],[113.54503,22.1267]]],[[[113.54498,22.12715],[113.54502,22.12702],[113.54496,22.12689],[113.54464,22.1266],[113.54452,22.1266],[113.54452,22.12672],[113.54482,22.12689],[113.54482,22.12709],[113.54467,22.12714],[113.54474,22.1273],[113.54449,22.12744],[113.54451,22.1275],[113.54481,22.12733],[113.54498,22.12715]]],[[[113.54441,22.12932],[113.54436,22.12933],[113.54439,22.13057],[113.54438,22.12934],[113.54455,22.12933],[113.54452,22.12852],[113.54461,22.12852],[113.54462,22.12779],[113.54474,22.12767],[113.54474,22.12758],[113.54456,22.12786],[113.54436,22.12864],[113.54443,22.12919],[113.54441,22.12932]]],[[[113.54451,22.13076],[113.54451,22.13066],[113.5444,22.13066],[113.54448,22.13084],[113.54466,22.13095],[113.54497,22.13098],[113.54541,22.13089],[113.54542,22.13076],[113.54451,22.13076]]],[[[113.54383,22.13062],[113.54383,22.13145],[113.54391,22.13145],[113.54391,22.13062],[113.54383,22.13062]]],[[[113.54403,22.13144],[113.54412,22.13144],[113.54412,22.13166],[113.54404,22.13166],[113.54405,22.13242],[113.54412,22.13242],[113.54412,22.13272],[113.54432,22.13272],[113.54443,22.13237],[113.54442,22.13221],[113.54419,22.13189],[113.54415,22.13173],[113.54422,22.13099],[113.54403,22.13064],[113.54403,22.13144]]],[[[113.54441,22.13186],[113.5445,22.13199],[113.54469,22.13207],[113.54474,22.13186],[113.54444,22.13156],[113.54439,22.13156],[113.54441,22.13186]]],[[[113.54452,22.13287],[113.54451,22.13313],[113.54504,22.13286],[113.54494,22.13274],[113.54452,22.13287]]],[[[113.54494,22.13338],[113.54498,22.13332],[113.54529,22.13329],[113.54583,22.13328],[113.54583,22.13315],[113.54517,22.13322],[113.54517,22.13306],[113.54494,22.1332],[113.54494,22.13338]]],[[[113.54441,22.13349],[113.54441,22.13358],[113.5449,22.13358],[113.54489,22.13325],[113.54431,22.13334],[113.54431,22.13349],[113.54441,22.13349]]],[[[113.54416,22.13333],[113.54379,22.13333],[113.54379,22.13351],[113.54368,22.13351],[113.54368,22.13338],[113.54364,22.13344],[113.54364,22.13358],[113.54406,22.13358],[113.54406,22.1335],[113.54416,22.1335],[113.54416,22.13333]]],[[[113.54489,22.13402],[113.54437,22.13402],[113.54438,22.13426],[113.54373,22.13426],[113.54373,22.13438],[113.54393,22.13457],[113.54488,22.13457],[113.5448,22.1344],[113.54479,22.13414],[113.54489,22.13414],[113.54489,22.13402]]],[[[113.54408,22.13537],[113.54442,22.13537],[113.54442,22.13483],[113.54407,22.13483],[113.54408,22.13537]]],[[[113.5452,22.13523],[113.54459,22.13523],[113.54459,22.13542],[113.5452,22.13542],[113.5452,22.13523]]],[[[113.5447,22.13591],[113.54595,22.13599],[113.54595,22.13589],[113.5447,22.13591]]],[[[113.54289,22.15458],[113.5423,22.15516],[113.54246,22.15516],[113.54264,22.15527],[113.54284,22.15479],[113.54333,22.15428],[113.54604,22.15231],[113.54289,22.15458]]],[[[113.54293,22.15483],[113.54279,22.1551],[113.54273,22.15545],[113.5428,22.15585],[113.54297,22.15617],[113.54322,22.15645],[113.54297,22.15565],[113.54293,22.15509],[113.54304,22.15475],[113.54335,22.15444],[113.54439,22.15365],[113.54333,22.15442],[113.54293,22.15483]]],[[[113.54345,22.15564],[113.54336,22.15577],[113.54477,22.15578],[113.54461,22.1556],[113.54404,22.15566],[113.544,22.15546],[113.54379,22.1555],[113.5437,22.15562],[113.54345,22.15564]]],[[[113.54351,22.15683],[113.54367,22.15684],[113.54464,22.15723],[113.54501,22.15727],[113.54499,22.1571],[113.54504,22.15701],[113.54433,22.15695],[113.54346,22.15665],[113.54351,22.15683]]],[[[113.54358,22.15736],[113.5433,22.15749],[113.54289,22.1573],[113.54275,22.15712],[113.54267,22.15711],[113.54259,22.15738],[113.54274,22.15761],[113.54235,22.15832],[113.54246,22.15843],[113.54244,22.15979],[113.54263,22.15999],[113.54276,22.15972],[113.54261,22.15956],[113.54258,22.15922],[113.54285,22.15892],[113.54309,22.15902],[113.54313,22.15868],[113.54307,22.15868],[113.54308,22.15843],[113.5429,22.15839],[113.54291,22.1583],[113.5428,22.15826],[113.54296,22.15787],[113.5431,22.15773],[113.54324,22.15774],[113.54324,22.15764],[113.54378,22.15759],[113.54387,22.15765],[113.54387,22.15779],[113.54395,22.1578],[113.54399,22.1577],[113.54576,22.15816],[113.54581,22.15811],[113.54358,22.15736]]],[[[113.54036,22.16092],[113.54054,22.15956],[113.54071,22.15895],[113.54173,22.15598],[113.54202,22.15528],[113.54239,22.15482],[113.54591,22.15224],[113.54572,22.15215],[113.54255,22.15446],[113.5418,22.15523],[113.54054,22.15873],[113.5399,22.16077],[113.53935,22.16414],[113.53896,22.16578],[113.53902,22.16597],[113.53953,22.16618],[113.5397,22.16614],[113.54025,22.16516],[113.54085,22.16334],[113.54112,22.16314],[113.54145,22.16306],[113.54186,22.16321],[113.54227,22.16368],[113.54313,22.16414],[113.54402,22.16426],[113.54545,22.16427],[113.54673,22.16455],[113.54834,22.16478],[113.54852,22.16492],[113.54865,22.1653],[113.54868,22.16498],[113.54859,22.1648],[113.54822,22.16459],[113.54541,22.16414],[113.54447,22.16417],[113.5435,22.16405],[113.54293,22.16387],[113.54258,22.16368],[113.54202,22.16314],[113.5419,22.1631],[113.54147,22.16248],[113.54149,22.16238],[113.54143,22.16229],[113.54117,22.16214],[113.54097,22.16218],[113.54083,22.16233],[113.54032,22.16428],[113.54031,22.16467],[113.53994,22.1655],[113.53969,22.16565],[113.53938,22.1655],[113.5393,22.16527],[113.53984,22.16377],[113.54018,22.16227],[113.54016,22.16192],[113.54001,22.1616],[113.54002,22.16145],[113.54036,22.16092]]],[[[113.5433,22.15973],[113.54278,22.15972],[113.54271,22.15988],[113.54337,22.16001],[113.54334,22.16013],[113.54393,22.16039],[113.54441,22.16043],[113.54465,22.16067],[113.54473,22.16107],[113.54452,22.16166],[113.54447,22.16232],[113.54431,22.16242],[113.54428,22.1626],[113.54456,22.16304],[113.54475,22.16307],[113.54514,22.16295],[113.54588,22.16301],[113.54644,22.16281],[113.5451,22.16272],[113.54465,22.1628],[113.54454,22.16245],[113.54471,22.16235],[113.54464,22.16199],[113.54496,22.16067],[113.54482,22.16042],[113.54364,22.15989],[113.54333,22.15966],[113.5433,22.15973]]],[[[113.54387,22.163],[113.54427,22.16368],[113.54447,22.16367],[113.54418,22.16344],[113.54395,22.16311],[113.54387,22.16276],[113.54399,22.16189],[113.54385,22.1627],[113.54387,22.163]]],[[[113.54465,22.16406],[113.54473,22.16396],[113.54462,22.16381],[113.54427,22.16384],[113.54424,22.16395],[113.54433,22.16405],[113.54465,22.16406]]],[[[113.54443,22.18064],[113.54397,22.18051],[113.54374,22.1824],[113.544,22.18246],[113.54409,22.18241],[113.54444,22.18071],[113.54443,22.18064]]],[[[113.54384,22.18734],[113.54388,22.18761],[113.54408,22.18805],[113.54439,22.18828],[113.54476,22.18851],[113.54499,22.18853],[113.54523,22.18799],[113.54552,22.188],[113.54578,22.18813],[113.54571,22.188],[113.54525,22.18784],[113.54577,22.18658],[113.54601,22.18668],[113.54597,22.18647],[113.54613,22.18634],[113.54592,22.18626],[113.547,22.18389],[113.5468,22.18375],[113.54484,22.18827],[113.54437,22.18795],[113.54415,22.18763],[113.54407,22.18693],[113.54396,22.18681],[113.54384,22.18734]]],[[[113.54369,22.18774],[113.54389,22.18783],[113.54377,22.18734],[113.54341,22.18773],[113.54369,22.18774]]],[[[113.54438,22.18887],[113.5446,22.18896],[113.54571,22.18954],[113.54654,22.18988],[113.54671,22.18973],[113.54671,22.18955],[113.54663,22.18949],[113.54517,22.18893],[113.54565,22.18916],[113.54564,22.1892],[113.54527,22.18906],[113.54501,22.18886],[113.54441,22.18863],[113.54426,22.18874],[113.54425,22.18887],[113.54433,22.18897],[113.54438,22.18887]]],[[[113.54408,22.19085],[113.54421,22.19088],[113.54457,22.19074],[113.54454,22.19066],[113.54417,22.19042],[113.54413,22.19047],[113.54379,22.1903],[113.5441,22.19058],[113.54408,22.19085]]],[[[113.54444,22.19152],[113.54452,22.19144],[113.54435,22.19127],[113.54447,22.19115],[113.54463,22.19127],[113.54487,22.19116],[113.54469,22.19091],[113.54431,22.19095],[113.54419,22.19108],[113.54418,22.1912],[113.54444,22.19152]]],[[[113.54516,22.19264],[113.54438,22.192],[113.54439,22.19233],[113.54429,22.19252],[113.54465,22.19274],[113.54479,22.19269],[113.54496,22.19295],[113.54516,22.19264]]],[[[113.54365,22.19267],[113.54365,22.19301],[113.54412,22.19232],[113.5441,22.19224],[113.54401,22.19226],[113.54365,22.19267]]],[[[113.54485,22.20956],[113.54515,22.20859],[113.54508,22.20856],[113.54478,22.20953],[113.5448,22.20956],[113.54485,22.20956]]],[[[113.54394,22.21446],[113.54401,22.21448],[113.54406,22.21472],[113.54377,22.21483],[113.54398,22.21495],[113.54411,22.21484],[113.54414,22.21467],[113.54393,22.21406],[113.54386,22.21404],[113.54377,22.21414],[113.54394,22.21446]]],[[[113.54386,22.21498],[113.54358,22.21475],[113.54306,22.21394],[113.54341,22.21456],[113.54355,22.21475],[113.54382,22.21497],[113.54415,22.21513],[113.5458,22.21556],[113.54434,22.21517],[113.54386,22.21498]]],[[[113.54727,22.21616],[113.54576,22.21569],[113.54559,22.21571],[113.54498,22.21556],[113.54474,22.21541],[113.54404,22.21518],[113.54368,22.21497],[113.54344,22.21499],[113.54331,22.21507],[113.54316,22.21528],[113.54313,22.21563],[113.54346,22.21628],[113.54438,22.21687],[113.54512,22.21687],[113.54552,22.21675],[113.547,22.21671],[113.54712,22.21669],[113.54732,22.21651],[113.54736,22.2163],[113.54727,22.21616]]],[[[113.5461,22.12538],[113.5461,22.12544],[113.54589,22.12545],[113.54589,22.12539],[113.54563,22.12538],[113.54556,22.12542],[113.54565,22.12558],[113.54552,22.12593],[113.54552,22.12614],[113.54586,22.12687],[113.54589,22.12717],[113.54579,22.12719],[113.54566,22.12733],[113.54495,22.12743],[113.54482,22.1275],[113.54482,22.12775],[113.54508,22.12762],[113.54641,22.12756],[113.54624,22.12542],[113.5461,22.12538]]],[[[113.54656,22.12596],[113.54651,22.1259],[113.5464,22.12593],[113.5466,22.12735],[113.54662,22.12736],[113.54656,22.12596]]],[[[113.54624,22.12764],[113.54623,22.12808],[113.54643,22.12808],[113.54641,22.12764],[113.54624,22.12764]]],[[[113.54549,22.12882],[113.54594,22.12882],[113.54594,22.12849],[113.54549,22.1285],[113.54549,22.12882]]],[[[113.54647,22.12832],[113.54622,22.12832],[113.54621,22.12875],[113.54629,22.12875],[113.54636,22.12905],[113.5465,22.12909],[113.54646,22.12894],[113.54647,22.12832]]],[[[113.54646,22.13242],[113.54651,22.13242],[113.5465,22.13129],[113.54681,22.13027],[113.54685,22.12983],[113.54663,22.12981],[113.54648,22.13106],[113.54646,22.13242]]],[[[113.54604,22.13074],[113.54604,22.131],[113.54611,22.13105],[113.54606,22.13156],[113.54629,22.13197],[113.54628,22.13221],[113.54612,22.13237],[113.54599,22.13238],[113.54561,22.13206],[113.54547,22.13206],[113.54536,22.13215],[113.54521,22.13254],[113.5453,22.13268],[113.54608,22.13253],[113.54628,22.13242],[113.54635,22.13233],[113.5463,22.13102],[113.54638,22.13074],[113.54604,22.13074]]],[[[113.54629,22.13259],[113.54632,22.13276],[113.54643,22.13283],[113.54657,22.13281],[113.54668,22.13266],[113.54664,22.13254],[113.54654,22.13248],[113.54637,22.1325],[113.54629,22.13259]]],[[[113.54551,22.13302],[113.54581,22.13295],[113.54598,22.13298],[113.54605,22.13312],[113.54584,22.13319],[113.54584,22.13329],[113.54499,22.13333],[113.54499,22.13339],[113.54601,22.13339],[113.54607,22.13354],[113.54613,22.13348],[113.54613,22.13326],[113.54589,22.13334],[113.54592,22.13324],[113.54637,22.13317],[113.5463,22.13289],[113.54608,22.13277],[113.54572,22.13278],[113.54542,22.1329],[113.54551,22.13302]]],[[[113.54524,22.13453],[113.5453,22.13458],[113.54629,22.13455],[113.54635,22.13451],[113.54638,22.13389],[113.54623,22.13386],[113.54623,22.1344],[113.54614,22.1344],[113.54613,22.1345],[113.54496,22.13451],[113.54506,22.13457],[113.54506,22.13453],[113.54524,22.13453]]],[[[113.54712,22.13547],[113.54712,22.13535],[113.54685,22.13535],[113.54685,22.13479],[113.54652,22.13479],[113.54652,22.13492],[113.54676,22.13492],[113.54676,22.13544],[113.54608,22.13546],[113.54611,22.13553],[113.54695,22.13554],[113.54712,22.13547]]],[[[113.54331,22.15617],[113.54528,22.15619],[113.54527,22.15684],[113.54679,22.15686],[113.54684,22.15691],[113.55129,22.15693],[113.55166,22.15686],[113.55256,22.15646],[113.55246,22.15589],[113.55093,22.15282],[113.54926,22.15237],[113.54639,22.15234],[113.54613,22.15243],[113.54472,22.15345],[113.54481,22.15356],[113.5445,22.15394],[113.54433,22.15445],[113.54434,22.15488],[113.54454,22.15539],[113.54491,22.1558],[113.5432,22.1558],[113.54331,22.15617]]],[[[113.54508,22.15734],[113.54457,22.15727],[113.544,22.15704],[113.54456,22.15733],[113.54523,22.15748],[113.54851,22.15751],[113.54839,22.15727],[113.54827,22.15721],[113.54689,22.15722],[113.54655,22.15732],[113.54508,22.15734]]],[[[113.54581,22.15811],[113.54574,22.15836],[113.54626,22.15834],[113.54684,22.15814],[113.54734,22.15817],[113.54753,22.15829],[113.54766,22.15847],[113.54768,22.15907],[113.54778,22.15915],[113.54785,22.15907],[113.5478,22.15827],[113.54755,22.15801],[113.54723,22.1579],[113.54689,22.15788],[113.54581,22.15811]]],[[[113.54751,22.15963],[113.54726,22.16007],[113.54682,22.15991],[113.54637,22.15946],[113.546,22.1592],[113.54485,22.15875],[113.5449,22.15859],[113.54617,22.15891],[113.54627,22.15875],[113.54604,22.15849],[113.5454,22.15846],[113.54386,22.15802],[113.5435,22.15804],[113.54331,22.15823],[113.54317,22.15898],[113.54318,22.1592],[113.54329,22.15947],[113.54362,22.1598],[113.5448,22.16031],[113.54501,22.16049],[113.54505,22.16075],[113.54472,22.16206],[113.54477,22.16228],[113.54494,22.1625],[113.54534,22.16263],[113.54615,22.16268],[113.54613,22.16233],[113.54663,22.16229],[113.54698,22.16235],[113.54777,22.16274],[113.5477,22.16317],[113.54865,22.16359],[113.54894,22.16364],[113.54963,22.16353],[113.55146,22.1628],[113.55164,22.16258],[113.55158,22.16227],[113.55145,22.162],[113.55126,22.16217],[113.55041,22.16106],[113.54993,22.1606],[113.54879,22.15998],[113.54751,22.15963]],[[113.54803,22.16146],[113.54803,22.16161],[113.54768,22.16184],[113.54755,22.16176],[113.54739,22.16123],[113.54752,22.16113],[113.54803,22.16146]],[[113.54825,22.1619],[113.54825,22.16161],[113.54803,22.16133],[113.54843,22.16107],[113.54861,22.16105],[113.54921,22.16128],[113.54934,22.16145],[113.54838,22.16206],[113.54825,22.1619]]],[[[113.54723,22.16416],[113.5481,22.16409],[113.54814,22.16394],[113.54828,22.16387],[113.54885,22.16401],[113.5495,22.16392],[113.55001,22.16377],[113.55209,22.16279],[113.55225,22.16266],[113.55226,22.16247],[113.55213,22.16233],[113.55189,22.16226],[113.55174,22.16234],[113.55174,22.1626],[113.55157,22.16283],[113.55056,22.16328],[113.54966,22.16362],[113.54903,22.16374],[113.54865,22.16371],[113.54806,22.16346],[113.54805,22.16385],[113.54728,22.16404],[113.54618,22.16377],[113.54613,22.16394],[113.54723,22.16416]]],[[[113.5448,22.16398],[113.54696,22.16427],[113.54694,22.16433],[113.54654,22.1643],[113.54776,22.16449],[113.54822,22.1645],[113.54813,22.16434],[113.54818,22.16419],[113.5473,22.1643],[113.54478,22.16379],[113.5448,22.16398]]],[[[113.54718,22.1897],[113.54682,22.18954],[113.54685,22.18971],[113.54675,22.18988],[113.54747,22.19019],[113.54718,22.1897]]],[[[113.54759,22.19254],[113.54574,22.19141],[113.54772,22.19265],[113.54759,22.19254]]],[[[113.5468,22.19299],[113.54658,22.19271],[113.54619,22.19247],[113.54615,22.19236],[113.54573,22.19208],[113.54566,22.19214],[113.54694,22.1933],[113.54748,22.19407],[113.54774,22.19399],[113.54795,22.19427],[113.54844,22.1945],[113.54881,22.1948],[113.54866,22.19497],[113.54884,22.19498],[113.54893,22.19511],[113.5489,22.19534],[113.54862,22.19532],[113.54869,22.19561],[113.54923,22.19559],[113.55063,22.19516],[113.55103,22.1952],[113.55124,22.19545],[113.55132,22.19594],[113.55142,22.19608],[113.55137,22.19622],[113.55145,22.19652],[113.55166,22.19672],[113.55185,22.19677],[113.55192,22.19652],[113.55177,22.19659],[113.55157,22.19587],[113.55145,22.19587],[113.55142,22.1957],[113.55162,22.19557],[113.55113,22.19491],[113.55082,22.1947],[113.55069,22.19477],[113.55054,22.19473],[113.55,22.19495],[113.54991,22.1949],[113.54965,22.19498],[113.54964,22.19488],[113.54952,22.19495],[113.54937,22.19487],[113.54935,22.19499],[113.54914,22.19508],[113.54904,22.19506],[113.54906,22.19494],[113.54898,22.19464],[113.5481,22.19422],[113.54788,22.19403],[113.54815,22.19357],[113.54803,22.19348],[113.54793,22.1936],[113.54778,22.1936],[113.54752,22.19345],[113.54737,22.19346],[113.5468,22.19299]]],[[[113.54624,22.1945],[113.54634,22.19463],[113.54636,22.19485],[113.54661,22.1951],[113.54689,22.19515],[113.54656,22.19477],[113.54645,22.19473],[113.54635,22.19441],[113.54624,22.1945]]],[[[113.54807,22.19466],[113.5478,22.19457],[113.54769,22.19456],[113.54768,22.19457],[113.54777,22.19468],[113.54776,22.19482],[113.54722,22.19515],[113.54761,22.19522],[113.54756,22.19512],[113.5476,22.19503],[113.54807,22.19466]]],[[[113.54642,22.19659],[113.54697,22.1962],[113.54674,22.19597],[113.546,22.19599],[113.54598,22.19605],[113.54635,22.19651],[113.54645,22.19644],[113.54649,22.19649],[113.54642,22.19659]]],[[[113.547,22.19755],[113.54752,22.19817],[113.5476,22.19811],[113.54697,22.19735],[113.54681,22.19747],[113.54688,22.19757],[113.547,22.19755]]],[[[113.54633,22.19888],[113.5461,22.19802],[113.54474,22.19808],[113.54481,22.19837],[113.54473,22.19839],[113.5449,22.19907],[113.54615,22.19901],[113.54633,22.19888]]],[[[113.54638,22.20778],[113.5462,22.20736],[113.54601,22.20742],[113.54623,22.20784],[113.54638,22.20778]]],[[[113.54626,22.21036],[113.54618,22.20984],[113.54648,22.20982],[113.547,22.20959],[113.54586,22.20755],[113.54554,22.20771],[113.5449,22.20969],[113.54465,22.21052],[113.54626,22.21036]]],[[[113.5473,22.20979],[113.54751,22.21017],[113.54771,22.2102],[113.54754,22.20972],[113.5473,22.20979]]],[[[113.54695,22.21133],[113.54739,22.21131],[113.54738,22.2111],[113.54694,22.21112],[113.54695,22.21133]]],[[[113.54721,22.21573],[113.54732,22.21583],[113.54766,22.21591],[113.54866,22.21591],[113.54843,22.21484],[113.54776,22.21492],[113.54719,22.21556],[113.54721,22.21573]]],[[[113.54717,22.21581],[113.54709,22.21568],[113.54712,22.21546],[113.54672,22.21561],[113.54651,22.21565],[113.54717,22.21581]]],[[[113.55004,22.11388],[113.55015,22.11348],[113.55013,22.11331],[113.55024,22.11312],[113.55027,22.11273],[113.55045,22.11237],[113.55077,22.11214],[113.55112,22.11207],[113.55156,22.11244],[113.55132,22.11283],[113.55098,22.11309],[113.55046,22.11302],[113.55017,22.11395],[113.55051,22.11436],[113.55101,22.11526],[113.55124,22.11516],[113.55114,22.11484],[113.55183,22.1146],[113.55309,22.11506],[113.55409,22.11478],[113.5546,22.11509],[113.55358,22.11625],[113.55433,22.11694],[113.55496,22.11702],[113.55565,22.117],[113.55584,22.11746],[113.5563,22.11779],[113.55767,22.11803],[113.55764,22.11836],[113.5575,22.11852],[113.55682,22.11847],[113.55679,22.11869],[113.55652,22.11907],[113.55688,22.11939],[113.5568,22.11967],[113.55633,22.1199],[113.55567,22.11983],[113.5546,22.12],[113.55423,22.12014],[113.55357,22.12026],[113.55315,22.12187],[113.55342,22.12211],[113.55425,22.1221],[113.55454,22.12224],[113.55466,22.12256],[113.55467,22.12279],[113.55403,22.12305],[113.55371,22.12309],[113.55385,22.12331],[113.55378,22.12359],[113.55355,22.1237],[113.55364,22.12382],[113.55436,22.12438],[113.55497,22.12475],[113.55529,22.12507],[113.55551,22.12542],[113.55576,22.1255],[113.5559,22.12581],[113.55747,22.12633],[113.55802,22.12676],[113.55854,22.12752],[113.55874,22.12823],[113.55913,22.12813],[113.55913,22.12846],[113.55933,22.12894],[113.5592,22.12913],[113.55931,22.12946],[113.55955,22.12964],[113.55976,22.12956],[113.55981,22.12908],[113.56018,22.12813],[113.56049,22.12797],[113.56116,22.128],[113.56211,22.12817],[113.56336,22.12805],[113.56375,22.12808],[113.56394,22.12817],[113.56416,22.12855],[113.56429,22.12865],[113.56439,22.12864],[113.56487,22.12815],[113.56482,22.12804],[113.56454,22.12808],[113.56433,22.12804],[113.56421,22.1279],[113.56411,22.12751],[113.56413,22.12729],[113.56425,22.1273],[113.56502,22.12779],[113.56494,22.12798],[113.56546,22.12805],[113.56565,22.12794],[113.56612,22.12823],[113.56621,22.12854],[113.56691,22.12892],[113.56702,22.12877],[113.56738,22.12896],[113.56724,22.12919],[113.56782,22.12953],[113.56868,22.12983],[113.56948,22.13096],[113.56896,22.13105],[113.56852,22.13128],[113.56733,22.1315],[113.56725,22.13168],[113.56701,22.13179],[113.56685,22.13208],[113.56685,22.13227],[113.56707,22.1323],[113.56721,22.1324],[113.56738,22.13277],[113.56735,22.13316],[113.56754,22.13372],[113.56755,22.135],[113.56735,22.13493],[113.56665,22.13432],[113.56662,22.13373],[113.56695,22.13369],[113.56725,22.13353],[113.56723,22.13339],[113.56708,22.1333],[113.56701,22.13264],[113.56691,22.13264],[113.56684,22.13308],[113.56646,22.13328],[113.56641,22.13341],[113.56611,22.13355],[113.56609,22.13368],[113.5662,22.13382],[113.56618,22.13427],[113.56651,22.13464],[113.56691,22.13483],[113.56712,22.13507],[113.56725,22.13511],[113.56741,22.13527],[113.56801,22.13534],[113.56817,22.13547],[113.5686,22.13557],[113.56886,22.13586],[113.56941,22.13614],[113.56975,22.13621],[113.57061,22.13717],[113.5712,22.13758],[113.57161,22.13805],[113.57292,22.13814],[113.57318,22.13798],[113.57442,22.13783],[113.57481,22.13794],[113.57502,22.1381],[113.57566,22.13812],[113.57596,22.13822],[113.57619,22.13819],[113.57632,22.13812],[113.57642,22.13785],[113.57662,22.13767],[113.57713,22.13759],[113.57747,22.13775],[113.57805,22.13699],[113.5782,22.13707],[113.57834,22.13699],[113.57861,22.13716],[113.57869,22.13696],[113.57881,22.13689],[113.5793,22.13702],[113.5791,22.13669],[113.57906,22.13638],[113.57924,22.13628],[113.57939,22.13575],[113.57912,22.13572],[113.57909,22.13553],[113.57841,22.13577],[113.57756,22.13619],[113.57683,22.13682],[113.57671,22.13705],[113.57629,22.13726],[113.57578,22.13711],[113.57535,22.13731],[113.57509,22.1373],[113.57473,22.13713],[113.57425,22.13674],[113.57365,22.13643],[113.57327,22.13634],[113.57422,22.13752],[113.57333,22.13783],[113.57328,22.13769],[113.57284,22.13751],[113.57325,22.1372],[113.57327,22.13698],[113.57297,22.13651],[113.57337,22.13611],[113.5737,22.13615],[113.5743,22.13637],[113.57457,22.13653],[113.57483,22.13681],[113.57522,22.13695],[113.57571,22.13697],[113.57628,22.13718],[113.57648,22.13711],[113.57665,22.1369],[113.57654,22.13625],[113.57674,22.1356],[113.57684,22.1355],[113.57701,22.13549],[113.57728,22.13558],[113.57746,22.13557],[113.57749,22.13514],[113.57709,22.13488],[113.57702,22.13457],[113.57705,22.13445],[113.57731,22.13421],[113.57718,22.13402],[113.57702,22.13396],[113.577,22.13385],[113.57683,22.13371],[113.5764,22.13384],[113.57622,22.13401],[113.57612,22.13437],[113.57635,22.13454],[113.57634,22.13469],[113.5763,22.13491],[113.57615,22.13515],[113.57607,22.13516],[113.5757,22.13494],[113.57549,22.13492],[113.57531,22.1348],[113.5749,22.13469],[113.57461,22.1347],[113.57451,22.13443],[113.57509,22.1342],[113.57518,22.13404],[113.57543,22.13393],[113.57542,22.13386],[113.57563,22.13346],[113.57561,22.13336],[113.57467,22.13301],[113.57469,22.13283],[113.57491,22.13252],[113.57495,22.13201],[113.57504,22.13196],[113.57522,22.13206],[113.57526,22.13248],[113.57538,22.13262],[113.5757,22.13267],[113.5761,22.13234],[113.57616,22.1321],[113.57632,22.13197],[113.57693,22.13184],[113.57725,22.13168],[113.57737,22.13189],[113.57727,22.1323],[113.57726,22.13296],[113.5775,22.13334],[113.57763,22.13341],[113.57724,22.13384],[113.57788,22.13409],[113.57816,22.13431],[113.57833,22.1347],[113.5782,22.13478],[113.5785,22.13562],[113.57847,22.13572],[113.57918,22.13547],[113.57913,22.1353],[113.57947,22.13525],[113.57955,22.13534],[113.57974,22.1353],[113.58056,22.13507],[113.58098,22.13483],[113.58106,22.13433],[113.58085,22.13409],[113.57958,22.1342],[113.57877,22.13412],[113.57912,22.13334],[113.57905,22.13311],[113.57928,22.133],[113.57941,22.13266],[113.57931,22.13285],[113.57869,22.13289],[113.57861,22.13273],[113.57872,22.13237],[113.57881,22.13233],[113.57899,22.13233],[113.57933,22.13268],[113.57942,22.13262],[113.57922,22.13207],[113.57932,22.13195],[113.57949,22.1319],[113.57965,22.13213],[113.57989,22.13256],[113.5799,22.13284],[113.57998,22.13279],[113.57996,22.13267],[113.58005,22.13254],[113.58044,22.13246],[113.58081,22.13199],[113.58055,22.13138],[113.58009,22.1309],[113.57997,22.13091],[113.57975,22.13082],[113.5796,22.13061],[113.57969,22.13057],[113.58023,22.13064],[113.58076,22.13081],[113.58088,22.13061],[113.58065,22.13034],[113.58065,22.12984],[113.58129,22.13022],[113.5817,22.13029],[113.5818,22.13064],[113.58194,22.13075],[113.58194,22.13108],[113.58209,22.13132],[113.58191,22.1315],[113.58217,22.13189],[113.58228,22.13219],[113.58226,22.13248],[113.58272,22.13298],[113.58279,22.13329],[113.58316,22.13331],[113.5833,22.13307],[113.58305,22.13272],[113.58369,22.13238],[113.58382,22.13216],[113.5843,22.13228],[113.58429,22.1325],[113.58412,22.13272],[113.58458,22.13276],[113.58477,22.13262],[113.58492,22.13235],[113.58517,22.13222],[113.58554,22.13182],[113.58613,22.13152],[113.5861,22.13144],[113.58677,22.13098],[113.587,22.13087],[113.58724,22.13108],[113.5876,22.13089],[113.58793,22.13115],[113.58818,22.13103],[113.58792,22.13056],[113.58902,22.13019],[113.58945,22.13049],[113.58946,22.13092],[113.58952,22.13093],[113.58954,22.13113],[113.58937,22.13154],[113.58954,22.13174],[113.58957,22.13188],[113.58942,22.13228],[113.58954,22.13258],[113.58915,22.13277],[113.5891,22.13274],[113.58912,22.13207],[113.58897,22.13257],[113.58884,22.13262],[113.5889,22.13283],[113.58911,22.13313],[113.58968,22.1325],[113.58957,22.13225],[113.58973,22.13197],[113.58967,22.13163],[113.58985,22.13121],[113.59042,22.13065],[113.59106,22.13062],[113.59121,22.13031],[113.59186,22.13057],[113.59188,22.13124],[113.59204,22.13129],[113.59228,22.13124],[113.59208,22.13116],[113.59225,22.13096],[113.59222,22.13081],[113.59234,22.13083],[113.59237,22.13073],[113.59215,22.13048],[113.59229,22.13004],[113.59207,22.12985],[113.5921,22.12981],[113.59212,22.12982],[113.5922,22.12988],[113.5923,22.12973],[113.59223,22.12961],[113.59224,22.12941],[113.59237,22.12935],[113.59222,22.12922],[113.59156,22.12921],[113.59023,22.12852],[113.5901,22.1283],[113.59026,22.12833],[113.59027,22.12822],[113.59043,22.12811],[113.5897,22.12737],[113.58951,22.12729],[113.58888,22.12726],[113.58825,22.1275],[113.58807,22.12768],[113.58807,22.1277],[113.58812,22.12775],[113.58809,22.12778],[113.58804,22.12776],[113.588,22.12775],[113.58782,22.12769],[113.58766,22.12777],[113.58753,22.12769],[113.58748,22.12772],[113.58742,22.12771],[113.58742,22.12773],[113.58743,22.12782],[113.58741,22.12783],[113.5874,22.12789],[113.5872,22.12791],[113.58703,22.12789],[113.58694,22.1278],[113.5867,22.1279],[113.58668,22.12782],[113.58662,22.12781],[113.58639,22.12808],[113.58622,22.12815],[113.58624,22.12824],[113.5861,22.12827],[113.58583,22.12809],[113.58571,22.12815],[113.58545,22.12809],[113.58569,22.128],[113.58533,22.12783],[113.58522,22.12768],[113.58524,22.12756],[113.58517,22.12753],[113.58505,22.12751],[113.58493,22.12771],[113.58478,22.12774],[113.58496,22.12753],[113.58491,22.12754],[113.58492,22.12745],[113.58487,22.12744],[113.58484,22.12754],[113.58461,22.12755],[113.58458,22.12783],[113.58444,22.12782],[113.58443,22.12771],[113.58434,22.12771],[113.58431,22.12781],[113.58436,22.12786],[113.58418,22.1279],[113.58417,22.12775],[113.58434,22.12749],[113.58432,22.12733],[113.58426,22.12739],[113.58418,22.12734],[113.58412,22.12725],[113.58417,22.12721],[113.58414,22.12708],[113.58403,22.12709],[113.58399,22.12717],[113.58412,22.12744],[113.58397,22.1276],[113.58391,22.12734],[113.58378,22.12725],[113.58377,22.12715],[113.5835,22.12698],[113.58356,22.12685],[113.58411,22.12696],[113.58405,22.12688],[113.58381,22.12683],[113.58372,22.12673],[113.58389,22.12661],[113.58389,22.12654],[113.5836,22.126],[113.58343,22.12537],[113.58324,22.12512],[113.58284,22.12491],[113.58248,22.12485],[113.58195,22.12457],[113.58123,22.12415],[113.58053,22.12364],[113.58019,22.1235],[113.57909,22.12388],[113.57818,22.12383],[113.5781,22.1241],[113.57801,22.12413],[113.57802,22.12454],[113.57784,22.12458],[113.57791,22.12467],[113.57806,22.12462],[113.578,22.12479],[113.57807,22.12527],[113.57771,22.12524],[113.57771,22.12531],[113.57742,22.12545],[113.57749,22.12555],[113.57765,22.12557],[113.57765,22.12591],[113.57742,22.12591],[113.57742,22.12609],[113.57732,22.12615],[113.57732,22.12638],[113.5775,22.12663],[113.57797,22.12702],[113.57801,22.12735],[113.57779,22.12781],[113.57803,22.12809],[113.57816,22.12797],[113.57828,22.12812],[113.57813,22.12824],[113.57812,22.12845],[113.57828,22.12861],[113.57828,22.1288],[113.57823,22.12883],[113.57804,22.12871],[113.57787,22.12874],[113.57739,22.12822],[113.57768,22.12792],[113.57762,22.12783],[113.57722,22.12817],[113.57673,22.12773],[113.5768,22.12753],[113.57672,22.12742],[113.57685,22.12732],[113.57637,22.12676],[113.57558,22.12602],[113.5746,22.12573],[113.57388,22.1253],[113.57372,22.12508],[113.57357,22.12485],[113.57263,22.12376],[113.57142,22.12323],[113.57139,22.12316],[113.57154,22.12292],[113.57053,22.12053],[113.5701,22.11921],[113.56952,22.11932],[113.56884,22.11937],[113.56859,22.11927],[113.56834,22.11901],[113.56743,22.11883],[113.5673,22.11919],[113.56788,22.11935],[113.5677,22.11967],[113.56775,22.11981],[113.56754,22.11995],[113.56737,22.11991],[113.56718,22.11995],[113.56693,22.12012],[113.56686,22.12033],[113.56645,22.12034],[113.56643,22.12024],[113.56627,22.12025],[113.56596,22.11988],[113.56623,22.11978],[113.56611,22.1195],[113.56565,22.11961],[113.56557,22.11927],[113.56488,22.11926],[113.56468,22.11906],[113.56497,22.11883],[113.56501,22.11865],[113.56521,22.11841],[113.56569,22.11805],[113.56593,22.11802],[113.56624,22.11752],[113.56647,22.11755],[113.56653,22.1175],[113.56678,22.11705],[113.5669,22.11637],[113.56699,22.11513],[113.56728,22.1148],[113.56773,22.1141],[113.56814,22.11409],[113.56819,22.11415],[113.56775,22.11466],[113.56769,22.11466],[113.56764,22.11452],[113.56756,22.11459],[113.56787,22.11504],[113.56791,22.11533],[113.568,22.11543],[113.56834,22.11556],[113.56931,22.11574],[113.57065,22.11561],[113.57159,22.11573],[113.57328,22.11567],[113.57341,22.11576],[113.5737,22.1155],[113.57374,22.11537],[113.57374,22.1152],[113.57361,22.11503],[113.57369,22.11488],[113.57355,22.1147],[113.57356,22.11451],[113.57371,22.11435],[113.57375,22.11404],[113.57353,22.11393],[113.57337,22.11365],[113.57316,22.11345],[113.57298,22.11307],[113.57192,22.1128],[113.57071,22.11218],[113.56942,22.11211],[113.56914,22.11198],[113.5687,22.11207],[113.56847,22.11225],[113.56833,22.11225],[113.56804,22.11238],[113.56751,22.11245],[113.56758,22.11267],[113.56749,22.11306],[113.56723,22.11323],[113.5669,22.11322],[113.56585,22.1135],[113.56415,22.1133],[113.56371,22.11316],[113.56339,22.1129],[113.56331,22.11311],[113.56279,22.1131],[113.56266,22.11349],[113.56286,22.11393],[113.56283,22.11421],[113.56264,22.11442],[113.56195,22.11478],[113.56169,22.11483],[113.55976,22.11404],[113.5594,22.11396],[113.55944,22.11386],[113.55968,22.11393],[113.55981,22.11367],[113.56009,22.1138],[113.55996,22.11405],[113.56156,22.11473],[113.56185,22.11474],[113.56265,22.11431],[113.56278,22.11409],[113.56276,22.11388],[113.56237,22.11318],[113.56246,22.11284],[113.56269,22.11263],[113.56292,22.11258],[113.56343,22.1128],[113.5636,22.11259],[113.56356,22.11247],[113.56367,22.11231],[113.56291,22.11211],[113.56216,22.11205],[113.56166,22.11254],[113.56173,22.11278],[113.56208,22.11285],[113.56202,22.11306],[113.56168,22.11305],[113.56164,22.11311],[113.56172,22.11332],[113.56193,22.11344],[113.56204,22.11383],[113.56219,22.11406],[113.56164,22.11438],[113.56138,22.11425],[113.56133,22.11401],[113.56104,22.11402],[113.56093,22.11387],[113.56042,22.11373],[113.5596,22.11339],[113.55951,22.11319],[113.55916,22.11318],[113.5591,22.11334],[113.55863,22.11337],[113.55844,22.11357],[113.5583,22.11348],[113.55835,22.11341],[113.55803,22.11322],[113.55831,22.11291],[113.55836,22.11249],[113.55837,22.11249],[113.55851,22.11242],[113.55862,22.11246],[113.55864,22.11241],[113.55849,22.11224],[113.55855,22.11193],[113.55837,22.11167],[113.55663,22.11091],[113.5567,22.1106],[113.55653,22.11015],[113.55626,22.11017],[113.55613,22.11012],[113.55528,22.11018],[113.55505,22.11005],[113.55494,22.1101],[113.55481,22.10998],[113.5547,22.11006],[113.554,22.11012],[113.55378,22.11035],[113.55377,22.11059],[113.55332,22.11088],[113.55313,22.11083],[113.5529,22.11092],[113.55175,22.11178],[113.55155,22.11165],[113.5514,22.11169],[113.55125,22.11192],[113.55064,22.11196],[113.55034,22.11212],[113.55007,22.11246],[113.5498,22.11346],[113.54968,22.11363],[113.5494,22.11379],[113.54933,22.11394],[113.54934,22.11394],[113.55017,22.11408],[113.54988,22.11396],[113.54993,22.11386],[113.55004,22.11388]],[[113.57384,22.12526],[113.57375,22.12531],[113.57363,22.12513],[113.57372,22.12508],[113.57384,22.12526]],[[113.55601,22.11105],[113.55581,22.11104],[113.55569,22.11094],[113.55582,22.11068],[113.55582,22.11055],[113.55573,22.11044],[113.55583,22.11035],[113.55618,22.11031],[113.55623,22.11061],[113.55635,22.11068],[113.55649,22.11098],[113.55669,22.11113],[113.55698,22.11113],[113.55719,22.11122],[113.55725,22.11131],[113.55781,22.11159],[113.55778,22.11164],[113.55786,22.11168],[113.55779,22.11179],[113.55791,22.11184],[113.55802,22.11177],[113.55832,22.11187],[113.55838,22.11214],[113.55829,22.1123],[113.55816,22.11227],[113.55809,22.11239],[113.55816,22.11242],[113.55799,22.11267],[113.55747,22.11245],[113.5575,22.11212],[113.5572,22.11193],[113.55638,22.11175],[113.55644,22.1115],[113.55623,22.1114],[113.55601,22.11105]],[[113.57703,22.12863],[113.57741,22.1289],[113.57863,22.12933],[113.57862,22.1294],[113.57753,22.12901],[113.57702,22.12894],[113.57634,22.12901],[113.57539,22.12939],[113.57604,22.12904],[113.57677,22.12881],[113.57689,22.12864],[113.57703,22.12863]],[[113.56296,22.12102],[113.56293,22.12091],[113.56364,22.12124],[113.56373,22.12133],[113.56353,22.12143],[113.56346,22.12136],[113.56335,22.12141],[113.56286,22.12124],[113.56296,22.12102]],[[113.56205,22.12303],[113.56209,22.12283],[113.56288,22.12237],[113.56273,22.12198],[113.56283,22.12189],[113.56325,22.12187],[113.56363,22.12209],[113.56382,22.12241],[113.56372,22.12303],[113.56322,22.12328],[113.56331,22.1234],[113.56301,22.12351],[113.56291,22.12338],[113.56273,22.12335],[113.56235,22.12349],[113.56205,22.12303]],[[113.55933,22.12304],[113.55925,22.12301],[113.55946,22.12289],[113.5595,22.12295],[113.55933,22.12304]],[[113.55883,22.12371],[113.55851,22.12382],[113.5584,22.12393],[113.55797,22.12345],[113.55831,22.12344],[113.55852,22.12336],[113.55872,22.12323],[113.55879,22.12307],[113.55905,22.12322],[113.55902,22.12347],[113.55883,22.12371]],[[113.5641,22.12356],[113.56433,22.12375],[113.56417,22.12393],[113.5638,22.12372],[113.56383,22.12361],[113.5641,22.12356]],[[113.56934,22.12518],[113.56927,22.12512],[113.56979,22.1249],[113.56999,22.12498],[113.57021,22.12495],[113.5706,22.1248],[113.57084,22.12459],[113.57119,22.12465],[113.57109,22.12528],[113.57148,22.12575],[113.572,22.12607],[113.57223,22.12626],[113.57223,22.12634],[113.57199,22.1263],[113.57177,22.12613],[113.57093,22.12585],[113.5706,22.12602],[113.5705,22.12616],[113.57049,22.12635],[113.57041,22.12637],[113.57024,22.12617],[113.57016,22.12588],[113.57039,22.12577],[113.57058,22.12543],[113.57054,22.12528],[113.57043,22.12522],[113.57005,22.12527],[113.56934,22.12518]],[[113.56263,22.12616],[113.56261,22.12621],[113.56245,22.12608],[113.56251,22.1259],[113.56285,22.12603],[113.56284,22.12612],[113.56294,22.12618],[113.56276,22.12618],[113.56279,22.12622],[113.56269,22.12629],[113.56269,22.12618],[113.56263,22.12616]],[[113.56023,22.12654],[113.5605,22.12664],[113.56015,22.12662],[113.56023,22.12654]],[[113.56082,22.12669],[113.56058,22.12669],[113.56059,22.12663],[113.56082,22.12669]],[[113.56947,22.11389],[113.56927,22.11358],[113.56858,22.11371],[113.56853,22.1135],[113.56871,22.11341],[113.5694,22.1133],[113.57003,22.11364],[113.57006,22.11381],[113.56979,22.11396],[113.56961,22.11396],[113.56947,22.11389]],[[113.57178,22.11392],[113.57146,22.1141],[113.5713,22.11405],[113.57124,22.11395],[113.57137,22.11378],[113.57144,22.1138],[113.57204,22.11356],[113.57262,22.11371],[113.57259,22.11385],[113.5722,22.11384],[113.57218,22.11392],[113.57178,22.11392]],[[113.57498,22.12608],[113.57495,22.12615],[113.57457,22.12604],[113.57462,22.12594],[113.57498,22.12608]],[[113.57558,22.12624],[113.57545,22.12621],[113.57547,22.12614],[113.57559,22.12617],[113.57558,22.12624]],[[113.58472,22.12781],[113.58477,22.12791],[113.58473,22.12797],[113.58449,22.12795],[113.58472,22.12781]],[[113.58523,22.12853],[113.58509,22.12841],[113.58528,22.12829],[113.58527,22.1282],[113.58548,22.12829],[113.58542,22.12843],[113.58523,22.12853]],[[113.58592,22.1285],[113.58587,22.12856],[113.58562,22.12841],[113.58565,22.1283],[113.58555,22.12831],[113.58563,22.12817],[113.58574,22.1284],[113.58589,22.12838],[113.58592,22.1285]],[[113.58633,22.1285],[113.58628,22.12862],[113.58622,22.12846],[113.58626,22.12844],[113.58633,22.1285]],[[113.58606,22.12865],[113.5861,22.12859],[113.5862,22.12865],[113.58615,22.12876],[113.58606,22.12865]]],[[[113.54925,22.14825],[113.54932,22.14829],[113.54948,22.14808],[113.55007,22.14808],[113.55008,22.14708],[113.54965,22.14779],[113.54954,22.14781],[113.54925,22.14825]]],[[[113.54918,22.14872],[113.54893,22.14866],[113.54875,22.14878],[113.54707,22.15069],[113.54756,22.15095],[113.54849,22.14995],[113.54923,22.14901],[113.54927,22.14889],[113.54918,22.14872]]],[[[113.54995,22.15215],[113.55021,22.15222],[113.55049,22.15221],[113.55066,22.1519],[113.55063,22.15163],[113.55021,22.1514],[113.54996,22.15142],[113.54995,22.15215]]],[[[113.54973,22.15229],[113.5497,22.15235],[113.54884,22.15218],[113.5478,22.15217],[113.5478,22.15223],[113.54915,22.15227],[113.55039,22.15256],[113.55064,22.15256],[113.55059,22.15238],[113.5503,22.15243],[113.54973,22.15229]]],[[[113.54759,22.15715],[113.54853,22.15711],[113.54857,22.15706],[113.54759,22.15706],[113.54759,22.15715]]],[[[113.54798,22.15919],[113.54806,22.15932],[113.5495,22.15985],[113.54982,22.16001],[113.55021,22.16036],[113.55036,22.1602],[113.54963,22.15973],[113.54973,22.15958],[113.54965,22.15951],[113.54955,22.15958],[113.54944,22.1595],[113.54953,22.15938],[113.54931,22.15923],[113.54936,22.15902],[113.5482,22.15808],[113.5478,22.15813],[113.54797,22.1585],[113.54798,22.15919]]],[[[113.54894,22.16443],[113.54905,22.1643],[113.54902,22.16418],[113.54892,22.16412],[113.54832,22.16418],[113.54824,22.16425],[113.54823,22.16438],[113.54836,22.16449],[113.54894,22.16443]]],[[[113.54902,22.1645],[113.54845,22.16455],[113.54872,22.16482],[113.54875,22.16501],[113.54902,22.1645]]],[[[113.5511,22.18488],[113.55074,22.18362],[113.55049,22.18313],[113.55039,22.18311],[113.5503,22.1831],[113.55029,22.18311],[113.55009,22.18331],[113.55007,22.18333],[113.55007,22.18338],[113.55008,22.18365],[113.55012,22.18384],[113.55009,22.18403],[113.54999,22.18448],[113.54986,22.18508],[113.54974,22.18532],[113.54968,22.18534],[113.54957,22.18529],[113.54974,22.18513],[113.54981,22.1849],[113.54997,22.18414],[113.55003,22.18388],[113.54997,22.18359],[113.54998,22.18335],[113.54998,22.18333],[113.55005,22.18321],[113.55014,22.18306],[113.55016,22.18289],[113.55019,22.18267],[113.55004,22.18251],[113.54982,22.18226],[113.54927,22.18184],[113.5487,22.18155],[113.54811,22.18134],[113.54668,22.18101],[113.54613,22.18085],[113.54612,22.18085],[113.546,22.18088],[113.54593,22.18097],[113.54583,22.18159],[113.54559,22.18256],[113.54557,22.18267],[113.54614,22.18302],[113.54659,22.1832],[113.54665,22.18324],[113.54697,22.18342],[113.54737,22.18367],[113.54738,22.18371],[113.54736,22.18374],[113.54719,22.18362],[113.54633,22.1832],[113.546,22.18307],[113.54592,22.18299],[113.54591,22.18299],[113.54574,22.18302],[113.54573,22.18302],[113.54569,22.18308],[113.54567,22.18311],[113.54637,22.1833],[113.54721,22.18377],[113.54888,22.18521],[113.54949,22.18554],[113.54954,22.18546],[113.54959,22.18545],[113.54962,22.18546],[113.54994,22.18556],[113.5513,22.18608],[113.55132,22.18609],[113.55143,22.18604],[113.5511,22.18488]]],[[[113.54853,22.18512],[113.54921,22.18563],[113.54721,22.1839],[113.54718,22.1839],[113.54853,22.18512]]],[[[113.54802,22.18486],[113.54797,22.18508],[113.54827,22.1853],[113.54857,22.18539],[113.54865,22.18533],[113.54802,22.18486]]],[[[113.54939,22.18575],[113.55015,22.18615],[113.55136,22.18659],[113.54939,22.18575]]],[[[113.54946,22.18597],[113.54927,22.18606],[113.5491,22.18644],[113.54919,22.18651],[113.54946,22.18597]]],[[[113.54904,22.18657],[113.54882,22.18711],[113.5489,22.18716],[113.54918,22.18658],[113.54904,22.18657]]],[[[113.54875,22.18724],[113.54854,22.18775],[113.54865,22.18783],[113.54889,22.18723],[113.54875,22.18724]]],[[[113.54998,22.18994],[113.54969,22.19062],[113.55023,22.19083],[113.55052,22.19015],[113.54998,22.18994]]],[[[113.54767,22.19027],[113.54921,22.19085],[113.54931,22.19083],[113.54922,22.19059],[113.54887,22.19034],[113.54827,22.19034],[113.54757,22.19013],[113.54767,22.19027]]],[[[113.54949,22.19098],[113.5497,22.1905],[113.54957,22.19057],[113.54924,22.19051],[113.54937,22.19065],[113.54949,22.19098]]],[[[113.54903,22.19213],[113.54958,22.19234],[113.54998,22.19143],[113.54943,22.19122],[113.54903,22.19213]]],[[[113.54899,22.19226],[113.54866,22.19297],[113.54917,22.19324],[113.54953,22.19249],[113.54899,22.19226]]],[[[113.54897,22.19356],[113.54911,22.19355],[113.54849,22.19317],[113.54865,22.19343],[113.54897,22.19356]]],[[[113.55016,22.19423],[113.54998,22.19408],[113.55013,22.1941],[113.54925,22.19349],[113.54913,22.19365],[113.54935,22.19372],[113.55016,22.19423]]],[[[113.54815,22.19573],[113.54827,22.19581],[113.54846,22.19577],[113.54862,22.19561],[113.54852,22.19536],[113.54844,22.19542],[113.54849,22.19559],[113.54828,22.19567],[113.54817,22.19555],[113.54815,22.19573]]],[[[113.54872,22.19572],[113.54881,22.19631],[113.54897,22.19611],[113.54896,22.19604],[113.54903,22.19603],[113.54926,22.19568],[113.54872,22.19572]]],[[[113.55075,22.19905],[113.55075,22.19911],[113.5509,22.19911],[113.55101,22.19924],[113.55066,22.19952],[113.55121,22.20001],[113.5504,22.20063],[113.55056,22.20076],[113.55074,22.20058],[113.55116,22.20096],[113.55137,22.20095],[113.55169,22.20083],[113.55166,22.20086],[113.55197,22.20092],[113.55197,22.20105],[113.55228,22.20111],[113.55233,22.20103],[113.55286,22.20103],[113.55286,22.20111],[113.55342,22.20111],[113.55395,22.20061],[113.55401,22.20028],[113.55396,22.19943],[113.55401,22.19918],[113.55399,22.19871],[113.55372,22.19848],[113.55368,22.19822],[113.55302,22.19777],[113.55274,22.19742],[113.55222,22.19718],[113.55159,22.19699],[113.55151,22.19709],[113.55117,22.1969],[113.55083,22.19589],[113.55068,22.19591],[113.5506,22.19558],[113.55082,22.19523],[113.54931,22.19566],[113.54903,22.19603],[113.54897,22.19611],[113.54882,22.19633],[113.54861,22.19636],[113.54869,22.1969],[113.54908,22.1974],[113.54891,22.19762],[113.54928,22.19783],[113.54941,22.1978],[113.54952,22.19792],[113.54946,22.19798],[113.5496,22.19812],[113.54964,22.19809],[113.54978,22.19845],[113.54949,22.19867],[113.55049,22.19908],[113.55059,22.19897],[113.55075,22.19905]]],[[[113.54888,22.19842],[113.54839,22.19877],[113.54858,22.19895],[113.54906,22.19859],[113.54888,22.19842]]],[[[113.54856,22.20084],[113.54869,22.20074],[113.548,22.19984],[113.54771,22.19992],[113.54765,22.19979],[113.54724,22.20023],[113.54775,22.20102],[113.54815,22.20092],[113.54832,22.20107],[113.5486,22.2009],[113.54856,22.20084]]],[[[113.54918,22.20104],[113.54991,22.20035],[113.54983,22.20034],[113.54904,22.20109],[113.54918,22.20104]]],[[[113.5498,22.2053],[113.55023,22.20577],[113.55047,22.20561],[113.55,22.20513],[113.5498,22.2053]]],[[[113.54888,22.205],[113.55024,22.20667],[113.55027,22.20668],[113.54888,22.205]]],[[[113.54854,22.2083],[113.54856,22.20824],[113.54843,22.20807],[113.54864,22.20744],[113.54892,22.20752],[113.54915,22.20748],[113.54923,22.20717],[113.54951,22.20663],[113.54972,22.20639],[113.5493,22.20596],[113.54864,22.20625],[113.54852,22.20622],[113.54822,22.20644],[113.54795,22.2063],[113.54775,22.20629],[113.54779,22.20648],[113.54709,22.20729],[113.54685,22.20723],[113.54675,22.20745],[113.54655,22.20747],[113.54657,22.20756],[113.54642,22.20759],[113.5465,22.20771],[113.54668,22.2076],[113.54678,22.20761],[113.54678,22.20776],[113.54716,22.20853],[113.54701,22.20876],[113.54713,22.20926],[113.54723,22.20948],[113.54745,22.2096],[113.54785,22.20956],[113.54807,22.20948],[113.54814,22.20935],[113.54829,22.20933],[113.54832,22.20916],[113.54812,22.20904],[113.54833,22.20876],[113.5484,22.20844],[113.54862,22.20848],[113.54866,22.20833],[113.54854,22.2083]]],[[[113.54838,22.21083],[113.5487,22.21024],[113.5483,22.21029],[113.54838,22.21083]]],[[[113.54954,22.21091],[113.54957,22.21109],[113.55009,22.21102],[113.55006,22.21085],[113.54954,22.21091]]],[[[113.55042,22.11521],[113.55045,22.11529],[113.55081,22.11512],[113.55072,22.11491],[113.55046,22.11495],[113.55054,22.11516],[113.55042,22.11521]]],[[[113.55291,22.12059],[113.55269,22.12073],[113.55255,22.12072],[113.55238,22.12068],[113.55232,22.12049],[113.55325,22.12028],[113.5533,22.12015],[113.55269,22.11992],[113.55262,22.11996],[113.55268,22.12011],[113.55256,22.12015],[113.55236,22.12037],[113.55199,22.12015],[113.55132,22.12001],[113.55133,22.1198],[113.55101,22.11972],[113.55104,22.11953],[113.55115,22.11941],[113.55139,22.1194],[113.5517,22.11951],[113.55169,22.11959],[113.55204,22.11971],[113.55237,22.11991],[113.55251,22.11981],[113.55259,22.11966],[113.55275,22.11969],[113.55273,22.11963],[113.55176,22.11919],[113.55155,22.11925],[113.55145,22.11919],[113.55116,22.11928],[113.55092,22.11927],[113.55089,22.11921],[113.55071,22.11926],[113.5506,22.11969],[113.55046,22.11973],[113.55038,22.1197],[113.55033,22.11958],[113.55035,22.11943],[113.55047,22.11942],[113.55048,22.11935],[113.55039,22.11928],[113.55026,22.1193],[113.55017,22.11954],[113.55058,22.12025],[113.55131,22.12046],[113.55168,22.12046],[113.55167,22.12062],[113.552,22.12067],[113.55212,22.12086],[113.55221,22.12071],[113.55257,22.12075],[113.55268,22.12087],[113.55279,22.12083],[113.55291,22.12059]]],[[[113.55296,22.12093],[113.55309,22.12125],[113.55296,22.12159],[113.55278,22.12256],[113.55283,22.12267],[113.55339,22.12044],[113.55305,22.12062],[113.55296,22.12093]]],[[[113.55287,22.12337],[113.55304,22.12394],[113.5531,22.12384],[113.55322,22.12384],[113.55296,22.1233],[113.55291,22.1227],[113.55287,22.12337]]],[[[113.55307,22.12673],[113.55206,22.12674],[113.55206,22.12656],[113.5519,22.12653],[113.55189,22.12613],[113.55178,22.12613],[113.55181,22.12679],[113.5531,22.12676],[113.5531,22.12539],[113.55184,22.12537],[113.55177,22.12546],[113.55178,22.126],[113.55188,22.126],[113.5519,22.1256],[113.5521,22.12557],[113.5521,22.12542],[113.55275,22.12542],[113.55275,22.12548],[113.55281,22.12548],[113.5528,22.12556],[113.55305,22.12556],[113.55307,22.12673]]],[[[113.55257,22.13205],[113.55279,22.13224],[113.55328,22.13193],[113.55328,22.13189],[113.553,22.1319],[113.55297,22.13086],[113.55323,22.13086],[113.55323,22.1307],[113.55284,22.13071],[113.55285,22.13205],[113.55257,22.13205]]],[[[113.55304,22.13186],[113.55328,22.13185],[113.55327,22.13153],[113.55303,22.13154],[113.55304,22.13186]]],[[[113.55244,22.13304],[113.55231,22.13505],[113.55249,22.13507],[113.55249,22.1338],[113.5527,22.13316],[113.55244,22.13304]]],[[[113.55232,22.13577],[113.55253,22.13577],[113.55252,22.13521],[113.55242,22.13517],[113.55233,22.13524],[113.55232,22.13577]]],[[[113.55157,22.12897],[113.55167,22.12748],[113.55149,22.12748],[113.55156,22.12798],[113.55143,22.1284],[113.55143,22.12889],[113.55174,22.12957],[113.55185,22.13008],[113.55195,22.13884],[113.55193,22.14439],[113.5518,22.14471],[113.55067,22.1462],[113.55071,22.14639],[113.55201,22.1445],[113.55214,22.14449],[113.55216,22.14366],[113.55211,22.14339],[113.55209,22.1429],[113.55212,22.14341],[113.55217,22.14365],[113.55218,22.14439],[113.55236,22.14435],[113.55213,22.1434],[113.5521,22.14271],[113.5521,22.14248],[113.55231,22.14191],[113.55226,22.14191],[113.55228,22.14098],[113.55233,22.14085],[113.55218,22.14031],[113.55214,22.1398],[113.5523,22.13881],[113.5522,22.13416],[113.55225,22.13336],[113.55235,22.13286],[113.552,22.13246],[113.55196,22.12998],[113.55183,22.12943],[113.55157,22.12897]]],[[[113.55245,22.13755],[113.5524,22.13909],[113.55262,22.13908],[113.5525,22.13863],[113.55245,22.13755]]],[[[113.55228,22.1402],[113.55235,22.14036],[113.55254,22.14041],[113.55272,22.14033],[113.55277,22.14023],[113.55278,22.13954],[113.5527,22.13926],[113.55256,22.13918],[113.5524,22.13921],[113.55228,22.13936],[113.55224,22.13958],[113.55228,22.1402]]],[[[113.55243,22.14077],[113.55244,22.14166],[113.55225,22.1425],[113.55236,22.14283],[113.55253,22.14303],[113.55251,22.14085],[113.55262,22.14052],[113.55236,22.1405],[113.55243,22.14077]]],[[[113.55235,22.14358],[113.5525,22.14426],[113.55252,22.14506],[113.55246,22.14701],[113.5521,22.14829],[113.55181,22.14886],[113.55218,22.14816],[113.55251,22.14704],[113.55257,22.14617],[113.55253,22.14351],[113.55242,22.14347],[113.55235,22.14358]]],[[[113.55135,22.14827],[113.55112,22.1479],[113.55099,22.14801],[113.55099,22.14859],[113.55115,22.14867],[113.55136,22.14841],[113.55135,22.14827]]],[[[113.5513,22.15001],[113.55119,22.15037],[113.55128,22.15053],[113.55146,22.15047],[113.55137,22.15029],[113.55145,22.15001],[113.55167,22.15015],[113.55179,22.15003],[113.55163,22.1499],[113.55163,22.14978],[113.55197,22.14908],[113.55191,22.14902],[113.55185,22.14911],[113.5513,22.15001]]],[[[113.55093,22.15199],[113.55088,22.1513],[113.551,22.15035],[113.55164,22.14906],[113.55128,22.14956],[113.55097,22.15032],[113.55083,22.15104],[113.55085,22.152],[113.55093,22.15199]]],[[[113.55186,22.15106],[113.55158,22.15098],[113.55139,22.15071],[113.55111,22.15067],[113.55105,22.15077],[113.551,22.15163],[113.55124,22.15187],[113.55148,22.15189],[113.55207,22.15164],[113.55209,22.15153],[113.55186,22.15106]]],[[[113.55272,22.15166],[113.55256,22.15157],[113.5512,22.15212],[113.5513,22.15226],[113.55272,22.15166]]],[[[113.55204,22.15214],[113.55196,22.15228],[113.55282,22.15191],[113.55278,22.1518],[113.55204,22.15214]]],[[[113.55088,22.15256],[113.55105,22.15256],[113.55117,22.15244],[113.55117,22.15234],[113.55107,22.15221],[113.55091,22.15219],[113.55078,22.15229],[113.55077,22.15244],[113.55088,22.15256]]],[[[113.55163,22.15252],[113.55126,22.15271],[113.55133,22.15286],[113.55172,22.15269],[113.55163,22.15252]]],[[[113.55246,22.15589],[113.55257,22.15644],[113.55274,22.15636],[113.5528,22.15614],[113.55267,22.156],[113.55258,22.15613],[113.55251,22.156],[113.55256,22.15591],[113.55245,22.15582],[113.55246,22.15589]]],[[[113.55064,22.15707],[113.55062,22.15733],[113.55102,22.15726],[113.55102,22.15706],[113.55064,22.15707]]],[[[113.55449,22.16266],[113.55447,22.16256],[113.55401,22.16267],[113.55304,22.16267],[113.55254,22.16276],[113.55207,22.16294],[113.55009,22.16387],[113.54915,22.16418],[113.54913,22.16439],[113.54982,22.16408],[113.55011,22.16388],[113.55247,22.16283],[113.55298,22.1627],[113.55378,22.16272],[113.55449,22.16266]]],[[[113.5491,22.1647],[113.54882,22.16518],[113.54925,22.16501],[113.54941,22.16504],[113.54952,22.16509],[113.54962,22.16511],[113.55092,22.16569],[113.55093,22.16569],[113.55176,22.16593],[113.55201,22.16595],[113.5522,22.16597],[113.55262,22.16597],[113.55326,22.16597],[113.55353,22.16589],[113.55386,22.16586],[113.55468,22.16561],[113.55555,22.16564],[113.5556,22.16564],[113.55546,22.16488],[113.5555,22.16455],[113.55561,22.16432],[113.55553,22.16409],[113.55543,22.16388],[113.55501,22.16342],[113.55465,22.1633],[113.55428,22.16286],[113.55466,22.16326],[113.55505,22.1634],[113.55549,22.16388],[113.55566,22.16432],[113.55553,22.16462],[113.55551,22.16486],[113.55563,22.16534],[113.55633,22.16605],[113.55676,22.16614],[113.55685,22.1663],[113.55692,22.16629],[113.55701,22.16603],[113.55829,22.16586],[113.55827,22.16581],[113.55661,22.16589],[113.55632,22.16583],[113.55614,22.16571],[113.55581,22.16531],[113.55573,22.16498],[113.55568,22.16395],[113.55548,22.16364],[113.55487,22.16301],[113.55447,22.16274],[113.55296,22.16282],[113.55279,22.16294],[113.55283,22.16299],[113.55276,22.16313],[113.5515,22.16376],[113.55138,22.16351],[113.55097,22.1637],[113.551,22.16378],[113.55056,22.16399],[113.55098,22.16481],[113.55091,22.16486],[113.55122,22.16516],[113.55105,22.16507],[113.55083,22.16505],[113.55062,22.16522],[113.55006,22.16483],[113.54973,22.1643],[113.5491,22.1647]],[[113.5533,22.16497],[113.55292,22.16479],[113.55264,22.16477],[113.55246,22.16485],[113.55249,22.1649],[113.55231,22.16504],[113.55197,22.16507],[113.55178,22.16522],[113.55111,22.16499],[113.55108,22.16478],[113.55115,22.16473],[113.55118,22.16456],[113.55155,22.16422],[113.55228,22.16397],[113.55244,22.16401],[113.5529,22.16432],[113.55313,22.16438],[113.5536,22.16434],[113.55376,22.16414],[113.55387,22.16415],[113.55425,22.16454],[113.55383,22.16493],[113.55357,22.16502],[113.5533,22.16497]],[[113.55173,22.16534],[113.55178,22.16535],[113.55175,22.16536],[113.55173,22.16534]]],[[[113.55021,22.18591],[113.54998,22.18582],[113.54953,22.18565],[113.55001,22.18595],[113.5513,22.18646],[113.55161,22.18642],[113.55053,22.18602],[113.55021,22.18591]]],[[[113.55123,22.18725],[113.55173,22.18744],[113.55196,22.18692],[113.55146,22.18673],[113.55123,22.18725]]],[[[113.55059,22.19003],[113.55164,22.1876],[113.55116,22.18743],[113.55011,22.18985],[113.55059,22.19003]]],[[[113.55346,22.19207],[113.5535,22.19197],[113.55045,22.19086],[113.55038,22.19089],[113.55025,22.19117],[113.55026,22.19126],[113.55075,22.19145],[113.55088,22.19115],[113.55346,22.19207]]],[[[113.55233,22.19286],[113.55253,22.19241],[113.5519,22.19217],[113.5518,22.1924],[113.55237,22.19261],[113.55227,22.19283],[113.55233,22.19286]]],[[[113.55119,22.19487],[113.552,22.19582],[113.55211,22.19584],[113.55128,22.19488],[113.55101,22.19468],[113.55015,22.19416],[113.55119,22.19487]]],[[[113.55202,22.19645],[113.55239,22.19637],[113.55265,22.19648],[113.55193,22.19592],[113.55205,22.19625],[113.55202,22.19645]]],[[[113.55256,22.19629],[113.55284,22.19662],[113.55299,22.19647],[113.552,22.19588],[113.55256,22.19629]]],[[[113.55231,22.20221],[113.55167,22.20275],[113.55202,22.20319],[113.55252,22.20295],[113.55244,22.20302],[113.55248,22.20309],[113.55301,22.20285],[113.5529,22.20264],[113.55266,22.20277],[113.55231,22.20221]]],[[[113.55102,22.20357],[113.55168,22.20302],[113.55151,22.20281],[113.55082,22.20339],[113.55102,22.20357]]],[[[113.55173,22.2031],[113.55097,22.20372],[113.55074,22.20343],[113.55059,22.20355],[113.55111,22.20445],[113.55135,22.20434],[113.5517,22.20478],[113.55181,22.20469],[113.55192,22.20414],[113.55232,22.20383],[113.55173,22.2031]]],[[[113.55284,22.20472],[113.55301,22.20468],[113.5532,22.20406],[113.55261,22.20381],[113.552,22.20414],[113.5519,22.2046],[113.55284,22.20472]]],[[[113.55008,22.20475],[113.55077,22.20547],[113.55106,22.20555],[113.55116,22.20551],[113.55122,22.20539],[113.55134,22.20485],[113.55093,22.20423],[113.55082,22.20431],[113.55087,22.20438],[113.55081,22.20452],[113.55039,22.20484],[113.55022,22.20464],[113.55008,22.20475]]],[[[113.55253,22.20873],[113.55265,22.20898],[113.55258,22.20901],[113.55251,22.20933],[113.55276,22.20924],[113.55272,22.20866],[113.55253,22.20873]]],[[[113.55188,22.21081],[113.55199,22.2115],[113.5525,22.21141],[113.55265,22.21124],[113.55268,22.21108],[113.55258,22.21086],[113.55242,22.21077],[113.55188,22.21081]]],[[[113.55078,22.21528],[113.55418,22.21404],[113.55201,22.21479],[113.55078,22.21528]]],[[[113.55087,22.21494],[113.55087,22.21513],[113.55131,22.21489],[113.55006,22.21428],[113.55005,22.21433],[113.5507,22.21463],[113.55067,22.21468],[113.55087,22.21494]]],[[[113.55326,22.11758],[113.55361,22.11775],[113.55366,22.11765],[113.55372,22.11768],[113.55376,22.1176],[113.55326,22.11737],[113.55321,22.11746],[113.5533,22.11751],[113.55326,22.11758]]],[[[113.55334,22.1169],[113.55404,22.11727],[113.5543,22.11734],[113.55454,22.11759],[113.55457,22.1178],[113.55444,22.11794],[113.5543,22.11831],[113.55462,22.11823],[113.55497,22.11805],[113.55494,22.11781],[113.55469,22.11738],[113.55464,22.1171],[113.55401,22.11708],[113.55335,22.11685],[113.55334,22.1169]]],[[[113.5552,22.11799],[113.55541,22.11782],[113.55533,22.11774],[113.55522,22.11784],[113.55481,22.11756],[113.55496,22.1178],[113.555,22.11805],[113.5552,22.11799]]],[[[113.55354,22.11959],[113.55363,22.11975],[113.55382,22.11978],[113.55437,22.11953],[113.55414,22.11889],[113.5542,22.11887],[113.5542,22.11865],[113.55412,22.11841],[113.55318,22.11822],[113.55314,22.11836],[113.55282,22.11828],[113.55287,22.11814],[113.55246,22.11803],[113.55233,22.1183],[113.55274,22.11885],[113.55354,22.11959]]],[[[113.55352,22.11988],[113.55346,22.11968],[113.55321,22.11943],[113.55292,22.1197],[113.55296,22.11982],[113.55321,22.11969],[113.55326,22.11983],[113.55328,22.11976],[113.55344,22.11976],[113.55345,22.11996],[113.55351,22.12],[113.55352,22.11988]]],[[[113.55351,22.12369],[113.55376,22.12357],[113.55383,22.12333],[113.55365,22.12308],[113.55401,22.12303],[113.55464,22.12279],[113.55452,22.12226],[113.55423,22.12212],[113.55342,22.12213],[113.55313,22.12191],[113.55305,22.12223],[113.55303,22.12271],[113.55315,22.1235],[113.5535,22.12402],[113.55413,22.12451],[113.55428,22.12434],[113.55362,22.12385],[113.55351,22.12369]]],[[[113.55325,22.12393],[113.55315,22.12399],[113.55315,22.1241],[113.55348,22.12441],[113.55378,22.12456],[113.55387,22.12448],[113.55386,22.12439],[113.55332,22.12395],[113.55325,22.12393]]],[[[113.55374,22.12505],[113.55343,22.12486],[113.5534,22.1252],[113.55372,22.12523],[113.55383,22.12504],[113.55374,22.12505]]],[[[113.55451,22.12889],[113.55458,22.1288],[113.55458,22.12859],[113.55439,22.12876],[113.55414,22.1287],[113.55402,22.12878],[113.55451,22.12889]]],[[[113.55174,22.12845],[113.55174,22.12853],[113.55198,22.12848],[113.55229,22.12854],[113.55864,22.13007],[113.55863,22.12995],[113.55839,22.12997],[113.55187,22.1284],[113.55174,22.12845]]],[[[113.5534,22.13144],[113.55343,22.13169],[113.55349,22.13172],[113.5549,22.13169],[113.55495,22.13162],[113.55531,22.1316],[113.5553,22.13142],[113.55524,22.13137],[113.5549,22.13142],[113.5549,22.13137],[113.5534,22.13144]]],[[[113.55271,22.13343],[113.55262,22.13385],[113.55269,22.13846],[113.55271,22.13874],[113.55293,22.13922],[113.55302,22.13928],[113.55315,22.13933],[113.55673,22.13905],[113.55709,22.13865],[113.55714,22.13869],[113.55718,22.13865],[113.55723,22.1385],[113.55743,22.13829],[113.55764,22.13819],[113.55922,22.13808],[113.55965,22.13834],[113.55995,22.138],[113.56037,22.13829],[113.56089,22.13826],[113.56125,22.13834],[113.5615,22.13851],[113.5615,22.13866],[113.56262,22.13855],[113.56289,22.13831],[113.56304,22.13794],[113.56293,22.1353],[113.56292,22.13312],[113.56284,22.133],[113.56293,22.13297],[113.56293,22.13286],[113.56286,22.13282],[113.56281,22.13294],[113.56172,22.13299],[113.56173,22.13343],[113.56155,22.1335],[113.56112,22.13352],[113.56103,22.1336],[113.56102,22.13371],[113.56053,22.13405],[113.56011,22.13398],[113.55989,22.13373],[113.55964,22.13358],[113.55944,22.13359],[113.55937,22.13351],[113.55929,22.13209],[113.55903,22.13186],[113.55885,22.13191],[113.55775,22.13189],[113.55446,22.13203],[113.55362,22.13234],[113.55329,22.13259],[113.553,22.13291],[113.55271,22.13343]]],[[[113.55687,22.13961],[113.5566,22.13956],[113.55562,22.1396],[113.5556,22.13937],[113.55683,22.13926],[113.55751,22.13854],[113.55681,22.13916],[113.5531,22.13946],[113.5529,22.13942],[113.55292,22.14002],[113.55317,22.13986],[113.55687,22.13964],[113.55753,22.14012],[113.55687,22.13961]]],[[[113.55681,22.1398],[113.55319,22.14006],[113.55303,22.14016],[113.55271,22.14073],[113.55273,22.14281],[113.55281,22.14295],[113.557,22.14277],[113.55741,22.14259],[113.55757,22.14238],[113.55761,22.14222],[113.55754,22.14041],[113.55746,22.14028],[113.55681,22.1398]]],[[[113.55744,22.14288],[113.5574,22.14276],[113.5572,22.14286],[113.55277,22.14309],[113.55277,22.14311],[113.55744,22.14288]]],[[[113.55289,22.14613],[113.55268,22.14604],[113.5527,22.14618],[113.55575,22.14605],[113.55575,22.14594],[113.5556,22.14601],[113.55289,22.14613]]],[[[113.55279,22.15163],[113.55473,22.15083],[113.55633,22.15029],[113.55635,22.15016],[113.55491,22.15067],[113.55276,22.15156],[113.55279,22.15163]]],[[[113.55481,22.15092],[113.55488,22.15105],[113.55481,22.15095],[113.553,22.15172],[113.55296,22.15186],[113.55459,22.15116],[113.55488,22.15112],[113.55489,22.15106],[113.55506,22.15114],[113.55532,22.15109],[113.55543,22.15088],[113.55538,22.15067],[113.55481,22.15092]]],[[[113.55523,22.15118],[113.55554,22.15208],[113.55549,22.15214],[113.5556,22.15215],[113.55564,22.15207],[113.55533,22.15118],[113.55523,22.15118]]],[[[113.55398,22.15584],[113.55521,22.15529],[113.55511,22.15509],[113.55537,22.15452],[113.55543,22.15427],[113.55535,22.15387],[113.55484,22.15283],[113.55479,22.15286],[113.554,22.15154],[113.55376,22.15165],[113.55412,22.15223],[113.554,22.15228],[113.55421,22.15269],[113.55342,22.15303],[113.553,22.1522],[113.55132,22.15288],[113.55211,22.15445],[113.55235,22.15446],[113.55285,22.15548],[113.55312,22.1557],[113.5532,22.1556],[113.55334,22.15567],[113.55338,22.15562],[113.55384,22.15563],[113.55383,22.15579],[113.55398,22.15584]]],[[[113.5539,22.15596],[113.55374,22.15598],[113.55381,22.15609],[113.55552,22.1553],[113.55574,22.15525],[113.55597,22.15529],[113.55676,22.15581],[113.55598,22.15526],[113.55567,22.15522],[113.5539,22.15596]]],[[[113.55319,22.15612],[113.55315,22.15628],[113.55322,22.15639],[113.55338,22.15643],[113.55353,22.15634],[113.55355,22.1562],[113.55345,22.15607],[113.55332,22.15605],[113.55319,22.15612]]],[[[113.55568,22.1585],[113.55569,22.15841],[113.55512,22.15793],[113.55502,22.15792],[113.55333,22.15975],[113.5539,22.16025],[113.55402,22.16024],[113.55568,22.1585]]],[[[113.55482,22.16265],[113.55499,22.16254],[113.55502,22.1624],[113.55488,22.16235],[113.55462,22.1625],[113.55462,22.16264],[113.55482,22.16265]]],[[[113.55234,22.18651],[113.55219,22.18681],[113.55419,22.18756],[113.55422,22.18752],[113.55437,22.18757],[113.55434,22.18762],[113.55541,22.18802],[113.55558,22.18764],[113.55519,22.18738],[113.55481,22.18737],[113.55247,22.18648],[113.55234,22.18651]]],[[[113.55213,22.18688],[113.55537,22.1881],[113.55588,22.18815],[113.55582,22.18801],[113.55567,22.18807],[113.5554,22.18808],[113.55215,22.18684],[113.55213,22.18688]]],[[[113.55427,22.1907],[113.55424,22.19086],[113.55469,22.19097],[113.55486,22.1906],[113.55515,22.19065],[113.55537,22.18958],[113.55551,22.18963],[113.55561,22.18943],[113.55587,22.1893],[113.55596,22.18898],[113.55584,22.18895],[113.55594,22.18878],[113.55592,22.18864],[113.55575,22.18839],[113.55549,22.18823],[113.55466,22.18791],[113.55414,22.18907],[113.55424,22.18911],[113.55356,22.19062],[113.55396,22.19077],[113.55401,22.19065],[113.55427,22.1907]]],[[[113.55377,22.19073],[113.55366,22.19096],[113.55402,22.19109],[113.55414,22.19107],[113.55452,22.19124],[113.55463,22.19101],[113.55422,22.19087],[113.55425,22.19072],[113.55402,22.19067],[113.55396,22.1908],[113.55377,22.19073]]],[[[113.55427,22.19269],[113.55402,22.19288],[113.5538,22.1933],[113.55403,22.19348],[113.55445,22.19349],[113.55471,22.19335],[113.55497,22.19301],[113.55427,22.19269]]],[[[113.55429,22.1938],[113.55429,22.194],[113.55515,22.19514],[113.5551,22.1939],[113.55515,22.19331],[113.55507,22.19315],[113.55498,22.19355],[113.55491,22.19353],[113.55496,22.19328],[113.55484,22.19343],[113.55456,22.1936],[113.55426,22.19364],[113.55398,22.19359],[113.55421,22.1939],[113.55431,22.19369],[113.55435,22.19374],[113.55429,22.1938]]],[[[113.55283,22.19436],[113.55328,22.19496],[113.55414,22.19442],[113.55367,22.19381],[113.55283,22.19436]]],[[[113.55586,22.19596],[113.55603,22.19598],[113.55603,22.19589],[113.5554,22.19507],[113.55542,22.19532],[113.55569,22.19572],[113.55583,22.19575],[113.55598,22.19595],[113.55586,22.19596]]],[[[113.5528,22.19616],[113.55311,22.19633],[113.55383,22.19593],[113.55361,22.19564],[113.5528,22.19616]]],[[[113.55428,22.20094],[113.55415,22.20122],[113.55426,22.20133],[113.55437,22.20126],[113.55457,22.20032],[113.55458,22.19998],[113.55447,22.19985],[113.55448,22.19955],[113.55453,22.19919],[113.5547,22.19894],[113.5546,22.19854],[113.55447,22.19861],[113.55407,22.19821],[113.55413,22.19813],[113.55345,22.19768],[113.55333,22.19749],[113.55331,22.19734],[113.5532,22.19731],[113.55259,22.19652],[113.55236,22.19643],[113.55203,22.19657],[113.55189,22.19679],[113.55259,22.19702],[113.55285,22.19729],[113.553,22.19766],[113.5535,22.19792],[113.55423,22.19849],[113.55448,22.19876],[113.55449,22.19901],[113.55423,22.19944],[113.55439,22.20006],[113.55428,22.20094]]],[[[113.55434,22.20142],[113.55415,22.2014],[113.5537,22.20179],[113.55413,22.20162],[113.55434,22.20142]]],[[[113.55412,22.20279],[113.55429,22.20308],[113.55512,22.20298],[113.55511,22.20281],[113.55471,22.20251],[113.55412,22.20279]]],[[[113.55403,22.20708],[113.5538,22.20684],[113.55381,22.20674],[113.55447,22.20619],[113.55434,22.20605],[113.55389,22.2064],[113.55391,22.20643],[113.55352,22.20684],[113.55382,22.2072],[113.5539,22.2072],[113.55403,22.20708]]],[[[113.55584,22.2073],[113.5559,22.20725],[113.55502,22.20638],[113.55498,22.20641],[113.55584,22.2073]]],[[[113.55385,22.20853],[113.55419,22.20823],[113.554,22.20804],[113.55365,22.20834],[113.55385,22.20853]]],[[[113.55414,22.21168],[113.55401,22.21172],[113.5547,22.21345],[113.55486,22.21355],[113.55509,22.21358],[113.55417,22.21132],[113.55425,22.211],[113.55485,22.21045],[113.55466,22.21026],[113.55459,22.21031],[113.55451,22.21027],[113.55391,22.21078],[113.55379,22.21101],[113.55384,22.21139],[113.554,22.21134],[113.55414,22.21168]]],[[[113.55323,22.21378],[113.55307,22.21398],[113.55336,22.21419],[113.55367,22.21409],[113.55323,22.21378]]],[[[113.55432,22.21418],[113.55438,22.21407],[113.5525,22.21483],[113.55248,22.21487],[113.55432,22.21418]]],[[[113.5564,22.12624],[113.55632,22.12622],[113.55624,22.12641],[113.55635,22.12665],[113.55633,22.12688],[113.55653,22.12686],[113.55643,22.12673],[113.5564,22.12624]]],[[[113.55643,22.12733],[113.55661,22.12771],[113.55692,22.12796],[113.55707,22.12764],[113.55735,22.12743],[113.55693,22.12713],[113.55659,22.12712],[113.55647,22.12721],[113.55643,22.12733]]],[[[113.55569,22.13134],[113.55577,22.13129],[113.55577,22.13089],[113.55653,22.13083],[113.55668,22.13088],[113.55669,22.13157],[113.55627,22.13155],[113.55604,22.13165],[113.55566,22.13163],[113.55567,22.13172],[113.55683,22.13169],[113.55679,22.13072],[113.55562,22.13076],[113.55569,22.13134]]],[[[113.55449,22.13193],[113.55871,22.13175],[113.55895,22.13173],[113.55889,22.13165],[113.55873,22.13174],[113.55448,22.13192],[113.55366,22.13199],[113.55373,22.13216],[113.55449,22.13193]]],[[[113.55782,22.14249],[113.55772,22.1406],[113.5578,22.14041],[113.55769,22.14035],[113.55773,22.14225],[113.55765,22.14248],[113.55782,22.14249]]],[[[113.55767,22.14292],[113.55786,22.14289],[113.55793,22.14278],[113.5579,22.14266],[113.55773,22.14257],[113.55761,22.14262],[113.55754,22.14272],[113.55757,22.14285],[113.55767,22.14292]]],[[[113.55734,22.14351],[113.55754,22.14351],[113.55747,22.14307],[113.557,22.14306],[113.55712,22.14317],[113.55714,22.1433],[113.55733,22.14329],[113.55734,22.14351]]],[[[113.55815,22.14292],[113.55796,22.14301],[113.55794,22.14331],[113.55817,22.14375],[113.55816,22.14315],[113.55839,22.14308],[113.55815,22.14292]]],[[[113.55612,22.14538],[113.55597,22.14319],[113.55607,22.14551],[113.55602,22.14565],[113.55618,22.14564],[113.55612,22.14538]]],[[[113.55598,22.14582],[113.55588,22.14602],[113.55595,22.14615],[113.55617,22.14623],[113.55631,22.14616],[113.55637,22.14595],[113.55628,22.14582],[113.55613,22.14577],[113.55598,22.14582]]],[[[113.5581,22.1496],[113.55779,22.14305],[113.5577,22.14308],[113.55805,22.14974],[113.5581,22.1496]]],[[[113.55619,22.14636],[113.55605,22.14636],[113.55614,22.14653],[113.55623,22.14823],[113.55628,22.14823],[113.55619,22.14636]]],[[[113.5569,22.15018],[113.55762,22.15002],[113.55796,22.14987],[113.55746,22.14988],[113.55671,22.15012],[113.5567,22.15017],[113.5569,22.15018]]],[[[113.55723,22.15098],[113.55724,22.15056],[113.55718,22.15051],[113.55639,22.15055],[113.55638,22.15098],[113.55723,22.15098]]],[[[113.5581,22.15329],[113.5583,22.15344],[113.55843,22.15339],[113.5578,22.15297],[113.55801,22.15322],[113.55798,22.15329],[113.5581,22.15329]]],[[[113.55704,22.15429],[113.55672,22.1544],[113.55704,22.15458],[113.55713,22.15456],[113.55726,22.15437],[113.55718,22.15432],[113.55704,22.15429]]],[[[113.55624,22.15482],[113.55624,22.1547],[113.55609,22.15494],[113.55625,22.15499],[113.55679,22.15497],[113.55733,22.15484],[113.55687,22.15456],[113.55678,22.15468],[113.5567,22.15465],[113.55656,22.15473],[113.55656,22.15481],[113.55624,22.15482]]],[[[113.55827,22.15565],[113.55826,22.15582],[113.55817,22.15598],[113.5583,22.15604],[113.55832,22.15613],[113.55944,22.15584],[113.5591,22.15462],[113.55891,22.15444],[113.55867,22.15449],[113.55859,22.15442],[113.55878,22.15426],[113.55845,22.15396],[113.5574,22.15484],[113.55744,22.15492],[113.55808,22.15535],[113.55817,22.15559],[113.55827,22.15565]]],[[[113.55766,22.15641],[113.55722,22.15621],[113.55682,22.15593],[113.55646,22.1563],[113.55723,22.15691],[113.55766,22.15641]]],[[[113.55734,22.15982],[113.55752,22.15993],[113.55772,22.15988],[113.55781,22.15971],[113.55773,22.15953],[113.5576,22.15948],[113.5574,22.15953],[113.55731,22.1597],[113.55734,22.15982]]],[[[113.55738,22.15998],[113.5573,22.15993],[113.55508,22.16229],[113.55509,22.16235],[113.55726,22.16005],[113.55738,22.15998]]],[[[113.55896,22.16299],[113.55856,22.16262],[113.5583,22.16267],[113.5581,22.16293],[113.55762,22.16294],[113.55758,22.16299],[113.55702,22.16294],[113.55677,22.16275],[113.55674,22.16262],[113.55663,22.16272],[113.55699,22.16299],[113.55691,22.16316],[113.55693,22.16337],[113.55706,22.16339],[113.55806,22.16327],[113.55816,22.16341],[113.55827,22.16338],[113.55862,22.16294],[113.5588,22.16313],[113.55895,22.16319],[113.55907,22.16312],[113.55931,22.16329],[113.55929,22.16299],[113.55896,22.16299]]],[[[113.55763,22.16371],[113.55825,22.16367],[113.55825,22.16355],[113.55753,22.16362],[113.55742,22.16371],[113.55744,22.1638],[113.55754,22.1638],[113.55763,22.16371]]],[[[113.55872,22.16397],[113.55859,22.16417],[113.55876,22.16414],[113.55882,22.16399],[113.55874,22.16377],[113.55859,22.16364],[113.55829,22.16353],[113.55832,22.16378],[113.55846,22.16373],[113.55865,22.16377],[113.55872,22.16386],[113.55872,22.16397]]],[[[113.55657,22.16466],[113.55623,22.16404],[113.55608,22.16421],[113.55611,22.1645],[113.55657,22.16466]]],[[[113.55832,22.16473],[113.55837,22.16464],[113.55682,22.16445],[113.55685,22.16455],[113.55702,22.16467],[113.55812,22.16483],[113.55832,22.16473]]],[[[113.55669,22.1647],[113.55668,22.16474],[113.55702,22.16489],[113.55699,22.16532],[113.55727,22.1652],[113.55736,22.16482],[113.55669,22.1647]]],[[[113.55631,22.18559],[113.55617,22.18587],[113.55626,22.1861],[113.55546,22.18796],[113.5557,22.18796],[113.55599,22.18766],[113.55623,22.18761],[113.55636,22.18747],[113.55604,22.18733],[113.55693,22.18767],[113.55657,22.18755],[113.55651,22.18773],[113.55654,22.18808],[113.55636,22.18828],[113.55666,22.18836],[113.55674,22.18813],[113.55744,22.1884],[113.55754,22.18819],[113.55769,22.18798],[113.5577,22.18796],[113.5571,22.18773],[113.55773,22.18795],[113.55816,22.18745],[113.55802,22.18727],[113.55766,22.18644],[113.55779,22.18627],[113.55773,22.18609],[113.55677,22.18551],[113.55656,22.18548],[113.55631,22.18559]]],[[[113.55621,22.18819],[113.55635,22.18811],[113.5564,22.18797],[113.55634,22.18783],[113.5562,22.18776],[113.55598,22.18783],[113.55592,22.18796],[113.55601,22.18814],[113.55621,22.18819]]],[[[113.55764,22.18859],[113.55765,22.1883],[113.55819,22.18749],[113.55815,22.18748],[113.55773,22.18795],[113.55771,22.18798],[113.55769,22.18798],[113.55744,22.1884],[113.55744,22.18842],[113.55674,22.18815],[113.55667,22.18839],[113.55634,22.18828],[113.55613,22.18878],[113.55625,22.18867],[113.55652,22.18862],[113.55699,22.18879],[113.55734,22.1887],[113.55747,22.18882],[113.55751,22.18894],[113.55766,22.18897],[113.55775,22.1889],[113.55764,22.18859]]],[[[113.55588,22.18838],[113.55601,22.18862],[113.55605,22.18833],[113.55594,22.18822],[113.55563,22.1882],[113.55588,22.18838]]],[[[113.55603,22.19228],[113.55614,22.19202],[113.55602,22.19198],[113.55599,22.19203],[113.55572,22.19194],[113.55568,22.19203],[113.55575,22.19216],[113.55603,22.19228]]],[[[113.56,22.19827],[113.56014,22.19843],[113.56018,22.19865],[113.56027,22.19867],[113.56015,22.1984],[113.56001,22.19826],[113.55765,22.1976],[113.55727,22.19758],[113.55717,22.19765],[113.55724,22.19773],[113.55739,22.19765],[113.55855,22.19794],[113.55856,22.19787],[113.56,22.19827]]],[[[113.56007,22.19918],[113.55755,22.19845],[113.55745,22.19847],[113.55674,22.1976],[113.55647,22.19744],[113.55631,22.19744],[113.55616,22.19748],[113.55612,22.19762],[113.55602,22.19769],[113.55539,22.19808],[113.55528,22.19806],[113.55478,22.19843],[113.55483,22.19904],[113.55473,22.19961],[113.55473,22.20045],[113.55451,22.20144],[113.5543,22.20197],[113.55474,22.20247],[113.55497,22.20263],[113.55572,22.20279],[113.55718,22.2034],[113.55735,22.20343],[113.55753,22.20319],[113.55764,22.20318],[113.55845,22.20371],[113.5586,22.20393],[113.5589,22.20411],[113.55943,22.20429],[113.55952,22.20441],[113.5602,22.20463],[113.56016,22.20471],[113.56038,22.2047],[113.56064,22.20449],[113.56201,22.20022],[113.56202,22.19998],[113.56196,22.19983],[113.56062,22.19942],[113.56007,22.19918]],[[113.55505,22.20253],[113.55458,22.20214],[113.55449,22.20194],[113.55517,22.19889],[113.55519,22.19838],[113.55613,22.19772],[113.55635,22.19764],[113.55659,22.19767],[113.55678,22.19779],[113.55694,22.19801],[113.55707,22.19837],[113.55738,22.19863],[113.56148,22.19978],[113.56168,22.19991],[113.5618,22.20012],[113.56179,22.20036],[113.56059,22.2041],[113.56046,22.20428],[113.56009,22.20439],[113.559,22.20409],[113.55863,22.20388],[113.55845,22.20354],[113.55787,22.20313],[113.55754,22.20309],[113.55736,22.20329],[113.55724,22.20333],[113.55589,22.20275],[113.55505,22.20253]]],[[[113.55623,22.20396],[113.55708,22.20384],[113.55718,22.20388],[113.55724,22.20422],[113.55741,22.20426],[113.55751,22.20424],[113.55763,22.20399],[113.55767,22.20373],[113.55754,22.20355],[113.55737,22.20344],[113.55718,22.20342],[113.55571,22.2028],[113.55519,22.20269],[113.55517,22.20294],[113.55536,22.20285],[113.55546,22.20287],[113.55545,22.20296],[113.55524,22.20336],[113.55501,22.20349],[113.55518,22.20364],[113.55516,22.20393],[113.55484,22.20389],[113.55574,22.20422],[113.55624,22.20422],[113.55623,22.20396]]],[[[113.55806,22.20416],[113.55818,22.20399],[113.5579,22.20383],[113.55781,22.20421],[113.55806,22.20416]]],[[[113.55849,22.20405],[113.55783,22.20436],[113.55858,22.20452],[113.55865,22.2042],[113.55849,22.20405]]],[[[113.5568,22.20828],[113.55687,22.20822],[113.556,22.20732],[113.55593,22.20738],[113.5568,22.20828]]],[[[113.5571,22.20834],[113.55705,22.20829],[113.55693,22.20838],[113.55712,22.20858],[113.5579,22.20793],[113.55771,22.20774],[113.55752,22.2079],[113.55757,22.20796],[113.5571,22.20834]]],[[[113.55689,22.20877],[113.5567,22.20857],[113.55481,22.21013],[113.555,22.21033],[113.55689,22.20877]]],[[[113.55805,22.21275],[113.55578,22.21356],[113.5558,22.21361],[113.55878,22.21265],[113.55977,22.21197],[113.55998,22.21165],[113.56013,22.21159],[113.56019,22.21145],[113.56037,22.21118],[113.56078,22.21048],[113.56101,22.20969],[113.56108,22.20894],[113.56098,22.20836],[113.56098,22.20746],[113.56085,22.20746],[113.56086,22.20915],[113.56071,22.2099],[113.56037,22.21073],[113.56006,22.21124],[113.55951,22.21184],[113.55874,22.21241],[113.55805,22.21275]]],[[[113.55649,22.21156],[113.5566,22.21156],[113.55703,22.2112],[113.55666,22.21076],[113.55659,22.21082],[113.55651,22.21071],[113.55638,22.21078],[113.55633,22.21074],[113.55608,22.21094],[113.55649,22.21156]]],[[[113.55636,22.21199],[113.55647,22.21191],[113.55573,22.21114],[113.55562,22.21122],[113.55636,22.21199]]],[[[113.55768,22.21122],[113.55759,22.21129],[113.55857,22.21233],[113.55866,22.21225],[113.55768,22.21122]]],[[[113.55751,22.21268],[113.55757,22.21246],[113.55729,22.21233],[113.55712,22.21244],[113.55738,22.2127],[113.55751,22.21268]]],[[[113.55848,22.21245],[113.55463,22.21387],[113.55798,22.2127],[113.5585,22.21247],[113.55904,22.21214],[113.55936,22.21184],[113.55915,22.21168],[113.55914,22.21188],[113.55904,22.21209],[113.55848,22.21245]]],[[[113.56128,22.12805],[113.56054,22.12799],[113.56019,22.12815],[113.55991,22.12889],[113.55996,22.12891],[113.56022,22.12833],[113.56033,22.1283],[113.5619,22.12832],[113.56372,22.12826],[113.56332,22.12813],[113.5621,22.1282],[113.56128,22.12805]]],[[[113.55982,22.12999],[113.5599,22.12993],[113.55992,22.12983],[113.55973,22.12984],[113.55974,22.12959],[113.55945,22.12969],[113.55968,22.12994],[113.55982,22.12999]]],[[[113.55873,22.13005],[113.55908,22.13092],[113.55906,22.13123],[113.55933,22.13123],[113.55873,22.13005]]],[[[113.55952,22.13155],[113.56237,22.1314],[113.56267,22.13149],[113.56272,22.13136],[113.55952,22.13144],[113.55952,22.13155]]],[[[113.5594,22.13154],[113.5594,22.13147],[113.55928,22.13159],[113.55917,22.1314],[113.55902,22.13141],[113.55898,22.13156],[113.55909,22.13169],[113.55933,22.13167],[113.55939,22.13159],[113.5594,22.13154]]],[[[113.55982,22.13165],[113.56063,22.1316],[113.56054,22.13155],[113.55964,22.13158],[113.55949,22.13168],[113.55951,22.1319],[113.55964,22.13174],[113.55982,22.13165]]],[[[113.56229,22.13208],[113.56264,22.13214],[113.56269,22.13189],[113.56256,22.13169],[113.56234,22.13159],[113.55988,22.13171],[113.55972,22.13181],[113.55967,22.13193],[113.55972,22.13354],[113.56009,22.13388],[113.56041,22.13398],[113.56064,22.1339],[113.56096,22.13352],[113.56142,22.13342],[113.56137,22.13211],[113.56229,22.13208]]],[[[113.56151,22.13926],[113.56227,22.1392],[113.56214,22.13901],[113.56219,22.1388],[113.56134,22.13896],[113.56148,22.13901],[113.56151,22.13926]]],[[[113.56036,22.13915],[113.56078,22.13913],[113.56106,22.13928],[113.56137,22.13926],[113.56145,22.13912],[113.56122,22.13902],[113.56025,22.13909],[113.56036,22.13915]]],[[[113.56014,22.13939],[113.56098,22.13932],[113.56064,22.1392],[113.55997,22.13926],[113.56014,22.13939]]],[[[113.56249,22.14259],[113.56253,22.14253],[113.55999,22.14262],[113.55996,22.14266],[113.56249,22.14259]]],[[[113.5599,22.1427],[113.55988,22.14265],[113.55801,22.1427],[113.55801,22.14278],[113.5599,22.1427]]],[[[113.55937,22.14305],[113.55982,22.14293],[113.55971,22.14283],[113.55929,22.14285],[113.55919,22.14298],[113.55937,22.14293],[113.55937,22.14305]]],[[[113.56101,22.14463],[113.56018,22.14467],[113.56017,22.14476],[113.5599,22.14479],[113.55994,22.1455],[113.56105,22.14545],[113.56101,22.14463]]],[[[113.56107,22.14646],[113.56103,22.14547],[113.55989,22.14552],[113.55992,22.14616],[113.5605,22.14661],[113.56067,22.1466],[113.56066,22.14647],[113.56107,22.14646]]],[[[113.56171,22.14761],[113.56105,22.14763],[113.56075,22.14794],[113.56077,22.14845],[113.56119,22.14884],[113.56176,22.14882],[113.56171,22.14761]]],[[[113.55933,22.14921],[113.55933,22.14937],[113.55886,22.14939],[113.55886,22.14954],[113.55831,22.14952],[113.5583,22.1494],[113.55824,22.14941],[113.55829,22.14966],[113.5584,22.14971],[113.55887,22.14972],[113.55904,22.14949],[113.55918,22.14942],[113.55967,22.14948],[113.5598,22.14939],[113.55962,22.14919],[113.55933,22.14921]]],[[[113.55984,22.14944],[113.5597,22.14955],[113.55924,22.14949],[113.55909,22.14958],[113.55913,22.14969],[113.5592,22.14971],[113.56123,22.15001],[113.56116,22.14993],[113.56041,22.14987],[113.56034,22.14978],[113.56045,22.14957],[113.56011,22.1496],[113.55984,22.14944]]],[[[113.55842,22.14998],[113.55958,22.15001],[113.56101,22.15018],[113.56081,22.1501],[113.55984,22.14995],[113.55817,22.14988],[113.55842,22.14998]]],[[[113.55859,22.15057],[113.55863,22.15168],[113.55874,22.15184],[113.55893,22.1519],[113.55886,22.15055],[113.55859,22.15057]]],[[[113.55888,22.15054],[113.55896,22.15188],[113.55922,22.15189],[113.5595,22.15203],[113.55972,22.15236],[113.5598,22.15248],[113.55991,22.15237],[113.55979,22.15206],[113.55952,22.15182],[113.55934,22.15176],[113.55935,22.15159],[113.5592,22.1515],[113.55926,22.15096],[113.5594,22.15085],[113.55938,22.1506],[113.55919,22.15047],[113.55923,22.15028],[113.55886,22.15029],[113.55884,22.1504],[113.55859,22.15055],[113.55888,22.15054]]],[[[113.56239,22.15224],[113.5621,22.15262],[113.56205,22.15271],[113.5621,22.15274],[113.56148,22.15318],[113.56113,22.15363],[113.5607,22.15374],[113.56078,22.15411],[113.561,22.15394],[113.56107,22.15398],[113.56105,22.15412],[113.56136,22.15422],[113.56151,22.15447],[113.56199,22.15449],[113.56242,22.15429],[113.56258,22.15414],[113.56291,22.15337],[113.56303,22.1529],[113.56334,22.1525],[113.56354,22.15202],[113.5636,22.15173],[113.56353,22.15148],[113.56284,22.15097],[113.56088,22.15034],[113.55948,22.1501],[113.55872,22.1501],[113.55886,22.15028],[113.55925,22.15027],[113.56032,22.15043],[113.56106,22.15059],[113.56299,22.15118],[113.56316,22.15132],[113.56326,22.1516],[113.56316,22.15208],[113.56295,22.15224],[113.56262,22.15216],[113.56239,22.15224]]],[[[113.55885,22.1526],[113.55864,22.1526],[113.55863,22.15277],[113.55892,22.15283],[113.55896,22.15283],[113.55905,22.15288],[113.55909,22.15294],[113.55904,22.15327],[113.55918,22.15344],[113.55971,22.15296],[113.55979,22.1526],[113.55972,22.15236],[113.55939,22.15201],[113.55923,22.15194],[113.55885,22.15192],[113.55868,22.15181],[113.55871,22.15239],[113.55885,22.1526]]],[[[113.55845,22.15281],[113.55864,22.15289],[113.55907,22.15293],[113.55892,22.15283],[113.55811,22.15278],[113.55833,22.15292],[113.55845,22.15281]]],[[[113.55886,22.15308],[113.5587,22.15325],[113.55927,22.15381],[113.55917,22.15345],[113.55909,22.15336],[113.55904,22.15327],[113.55908,22.15294],[113.55886,22.15293],[113.55886,22.15308]]],[[[113.56022,22.15395],[113.56041,22.15382],[113.56058,22.15383],[113.56057,22.15381],[113.56052,22.15369],[113.55957,22.15311],[113.55922,22.15342],[113.56022,22.15395]],[[113.56039,22.1538],[113.56027,22.1539],[113.56017,22.15383],[113.56041,22.15367],[113.56057,22.15381],[113.56039,22.1538]],[[113.55957,22.1535],[113.55948,22.15353],[113.5594,22.15346],[113.55953,22.1532],[113.55973,22.15323],[113.55963,22.15333],[113.55957,22.1535]],[[113.55979,22.15343],[113.55967,22.15363],[113.55957,22.15354],[113.55972,22.15328],[113.55981,22.15328],[113.55993,22.15339],[113.55979,22.15343]],[[113.56001,22.15367],[113.55994,22.15376],[113.55987,22.15375],[113.55977,22.15362],[113.55985,22.15344],[113.56003,22.15343],[113.56022,22.15359],[113.56001,22.15367]],[[113.55999,22.1538],[113.56002,22.1537],[113.56024,22.15359],[113.56035,22.15366],[113.55999,22.1538]]],[[[113.5593,22.15379],[113.56044,22.15439],[113.56054,22.15413],[113.55921,22.15347],[113.5593,22.15379]]],[[[113.55906,22.154],[113.55959,22.15455],[113.55979,22.15421],[113.55924,22.15386],[113.55906,22.154]]],[[[113.55929,22.15465],[113.55927,22.15497],[113.55935,22.15515],[113.55953,22.15502],[113.55956,22.1546],[113.55926,22.15425],[113.55909,22.15437],[113.55929,22.15465]]],[[[113.56087,22.15465],[113.5604,22.15457],[113.56032,22.15468],[113.56007,22.15475],[113.55986,22.1549],[113.56003,22.1549],[113.56036,22.15474],[113.56087,22.15465]]],[[[113.55973,22.15568],[113.55974,22.15522],[113.55963,22.15501],[113.55937,22.15525],[113.55952,22.15559],[113.55947,22.15561],[113.55951,22.1557],[113.55973,22.15568]]],[[[113.55985,22.15701],[113.55996,22.15722],[113.56008,22.15723],[113.56018,22.15714],[113.56016,22.15688],[113.56003,22.15677],[113.55987,22.15686],[113.55985,22.15701]]],[[[113.56159,22.15818],[113.56197,22.15848],[113.56216,22.15827],[113.56179,22.15797],[113.56159,22.15818]]],[[[113.55781,22.15947],[113.55982,22.15729],[113.55778,22.15945],[113.55781,22.15947]]],[[[113.56214,22.15925],[113.56206,22.15903],[113.56163,22.15946],[113.56163,22.15951],[113.56214,22.15925]]],[[[113.55833,22.16265],[113.55858,22.16259],[113.55898,22.16298],[113.55931,22.16297],[113.55934,22.16227],[113.55874,22.16201],[113.55868,22.16209],[113.5586,22.16205],[113.55808,22.16236],[113.558,22.16258],[113.55833,22.16265]]],[[[113.56219,22.16261],[113.56236,22.16278],[113.56244,22.16297],[113.56244,22.16365],[113.56248,22.1631],[113.56244,22.16286],[113.56231,22.16268],[113.56219,22.16261]]],[[[113.56091,22.16149],[113.56078,22.16147],[113.56077,22.16161],[113.56115,22.16199],[113.56219,22.16261],[113.5612,22.16199],[113.56102,22.16178],[113.56091,22.16149]]],[[[113.55943,22.16295],[113.55974,22.16324],[113.55995,22.16324],[113.55995,22.16293],[113.56008,22.16293],[113.56018,22.1627],[113.55982,22.1625],[113.55947,22.16244],[113.55943,22.16295]]],[[[113.56111,22.16249],[113.56049,22.16275],[113.56048,22.16282],[113.56074,22.16315],[113.56093,22.16356],[113.56105,22.16443],[113.56244,22.16443],[113.56228,22.164],[113.56231,22.163],[113.56216,22.16275],[113.56186,22.16256],[113.56156,22.16247],[113.56111,22.16249]]],[[[113.55923,22.16453],[113.5591,22.1645],[113.55895,22.16459],[113.55895,22.16465],[113.55915,22.16476],[113.55941,22.16456],[113.55943,22.16449],[113.56004,22.16436],[113.56002,22.16426],[113.55991,22.16422],[113.55938,22.16421],[113.55923,22.16437],[113.55928,22.16444],[113.55923,22.16453]]],[[[113.56071,22.16516],[113.56131,22.16507],[113.56109,22.16486],[113.56098,22.16486],[113.56071,22.16516]]],[[[113.56009,22.20566],[113.56009,22.20578],[113.56016,22.20584],[113.56027,22.20584],[113.56043,22.20574],[113.56068,22.20477],[113.56066,22.20469],[113.56044,22.20526],[113.56009,22.20566]]],[[[113.55836,22.20563],[113.55846,22.20566],[113.55861,22.20527],[113.55922,22.20549],[113.55931,22.20527],[113.55882,22.20524],[113.55882,22.20519],[113.55853,22.20516],[113.55836,22.20563]]],[[[113.56047,22.20611],[113.56025,22.20614],[113.55996,22.20603],[113.56062,22.20672],[113.56069,22.20687],[113.56084,22.20516],[113.56066,22.20543],[113.56054,22.20591],[113.56063,22.20599],[113.56047,22.20611]]],[[[113.55786,22.20751],[113.55804,22.20754],[113.55985,22.20613],[113.5598,22.20606],[113.55967,22.2061],[113.55893,22.20671],[113.55866,22.20685],[113.55786,22.20751]]],[[[113.5608,22.2059],[113.56072,22.2093],[113.56059,22.20993],[113.56027,22.21067],[113.56008,22.21083],[113.55992,22.21087],[113.56005,22.21107],[113.5605,22.21031],[113.56076,22.20934],[113.56084,22.20574],[113.56102,22.20484],[113.5608,22.2059]]],[[[113.55914,22.21081],[113.5587,22.21035],[113.55863,22.21036],[113.55861,22.21041],[113.55912,22.21093],[113.55918,22.21109],[113.55943,22.21087],[113.55914,22.21081]]],[[[113.55957,22.2109],[113.55935,22.21103],[113.55924,22.21123],[113.55925,22.2116],[113.55937,22.21167],[113.55954,22.21163],[113.55993,22.21118],[113.55994,22.21103],[113.55987,22.21093],[113.55973,22.21088],[113.55957,22.2109]]],[[[113.56691,22.11209],[113.56692,22.11238],[113.56729,22.11238],[113.56729,22.11209],[113.56691,22.11209]]],[[[113.56581,22.11274],[113.56587,22.11296],[113.56628,22.11288],[113.56627,22.11273],[113.56581,22.11274]]],[[[113.56382,22.11294],[113.56357,22.11277],[113.56353,22.11284],[113.56399,22.11312],[113.56431,22.1132],[113.56469,22.11325],[113.56382,22.11294]]],[[[113.56334,22.12296],[113.56336,22.123],[113.5637,22.12299],[113.56378,22.12243],[113.56338,22.12264],[113.5634,22.12269],[113.56334,22.12272],[113.56344,22.12291],[113.56334,22.12296]]],[[[113.56284,22.12331],[113.56291,22.12338],[113.56302,22.12347],[113.56326,22.12337],[113.56318,22.12326],[113.56336,22.12316],[113.56319,22.12322],[113.56314,22.12314],[113.56284,22.12331]]],[[[113.56302,22.12839],[113.56302,22.12877],[113.56322,22.12877],[113.56322,22.12839],[113.56302,22.12839]]],[[[113.56484,22.12857],[113.56509,22.12894],[113.56544,22.12857],[113.56515,22.12829],[113.56484,22.12857]]],[[[113.56773,22.13019],[113.5681,22.1298],[113.56842,22.13008],[113.56875,22.12999],[113.56867,22.12985],[113.56777,22.12953],[113.56722,22.1292],[113.56735,22.12897],[113.56703,22.12881],[113.56691,22.12896],[113.56619,22.12856],[113.56609,22.12823],[113.56566,22.12798],[113.56545,22.12809],[113.56521,22.12805],[113.56773,22.13019]]],[[[113.56467,22.12867],[113.56433,22.12905],[113.56482,22.1299],[113.56539,22.12978],[113.56467,22.12867]]],[[[113.56576,22.13006],[113.56641,22.12941],[113.56587,22.12895],[113.5656,22.12924],[113.56553,22.12939],[113.56533,22.12949],[113.56576,22.13006]]],[[[113.56301,22.13044],[113.5632,22.13044],[113.56321,22.12904],[113.56302,22.12904],[113.56301,22.13044]]],[[[113.56267,22.12905],[113.56268,22.13044],[113.56287,22.13044],[113.56286,22.12905],[113.56267,22.12905]]],[[[113.56659,22.12958],[113.56633,22.12983],[113.56711,22.13045],[113.56732,22.13022],[113.56659,22.12958]]],[[[113.56305,22.13059],[113.56303,22.131],[113.56325,22.13112],[113.56325,22.1306],[113.56305,22.13059]]],[[[113.56262,22.13124],[113.56285,22.13125],[113.56286,22.13062],[113.56263,22.13061],[113.56262,22.13124]]],[[[113.56513,22.13081],[113.56498,22.13081],[113.56496,22.13107],[113.56503,22.13136],[113.56545,22.13141],[113.56721,22.13124],[113.56734,22.13117],[113.56741,22.13104],[113.56732,22.13085],[113.5665,22.1311],[113.56543,22.13095],[113.56514,22.13101],[113.56513,22.13081]]],[[[113.56295,22.13166],[113.56311,22.13151],[113.56305,22.13138],[113.56292,22.13134],[113.56276,22.13149],[113.56281,22.13161],[113.56295,22.13166]]],[[[113.56702,22.13503],[113.56664,22.13505],[113.56661,22.13488],[113.56607,22.13422],[113.56569,22.13161],[113.56493,22.13166],[113.56402,22.13131],[113.5638,22.13129],[113.56341,22.13135],[113.56325,22.13147],[113.5633,22.1315],[113.56364,22.13133],[113.56392,22.13132],[113.56489,22.13169],[113.56551,22.13168],[113.56557,22.13218],[113.56552,22.1323],[113.56562,22.13239],[113.56589,22.1334],[113.56593,22.13371],[113.56587,22.13384],[113.56596,22.13416],[113.56613,22.13451],[113.56625,22.13458],[113.56648,22.13494],[113.56647,22.13506],[113.5632,22.1352],[113.56324,22.13526],[113.5634,22.13531],[113.56652,22.13519],[113.56757,22.13542],[113.56762,22.13531],[113.56735,22.13527],[113.56722,22.13511],[113.56712,22.13507],[113.56702,22.13503]]],[[[113.56315,22.13525],[113.56298,22.13198],[113.56301,22.13172],[113.56287,22.13172],[113.56293,22.13286],[113.56321,22.138],[113.56316,22.13824],[113.56343,22.13822],[113.56333,22.13801],[113.56315,22.13525]]],[[[113.56326,22.13538],[113.56329,22.1355],[113.56338,22.13544],[113.56554,22.13535],[113.56558,22.13531],[113.56326,22.13538]]],[[[113.56545,22.13614],[113.56569,22.13615],[113.56576,22.13601],[113.56553,22.13579],[113.56528,22.13581],[113.56524,22.13597],[113.56545,22.13614]]],[[[113.56319,22.13833],[113.56294,22.13846],[113.56282,22.1386],[113.56275,22.13877],[113.56277,22.13904],[113.56285,22.13921],[113.56307,22.13938],[113.56336,22.13945],[113.56356,22.13942],[113.56373,22.13933],[113.56392,22.13911],[113.56397,22.13893],[113.56393,22.13866],[113.56367,22.13839],[113.56348,22.13832],[113.56319,22.13833]]],[[[113.56241,22.13918],[113.5627,22.13916],[113.56263,22.1389],[113.56266,22.1387],[113.56241,22.13871],[113.56226,22.13879],[113.56221,22.13894],[113.56227,22.13909],[113.56241,22.13918]]],[[[113.56207,22.13945],[113.56273,22.13952],[113.56295,22.13964],[113.56307,22.1396],[113.56273,22.13934],[113.56207,22.13936],[113.56207,22.13945]]],[[[113.56657,22.13911],[113.56674,22.14271],[113.56659,22.13884],[113.56644,22.1389],[113.56657,22.13911]]],[[[113.56341,22.13978],[113.56337,22.13984],[113.56349,22.14233],[113.56356,22.14233],[113.56346,22.13978],[113.56341,22.13978]]],[[[113.56564,22.14382],[113.56666,22.14387],[113.56667,22.14404],[113.56859,22.14392],[113.56846,22.14303],[113.56393,22.1432],[113.56395,22.14401],[113.56489,22.14395],[113.56564,22.14382]]],[[[113.56331,22.14371],[113.56345,22.14372],[113.56344,22.14342],[113.56312,22.1433],[113.56314,22.14384],[113.56331,22.14371]]],[[[113.56384,22.14417],[113.56385,22.14477],[113.5639,22.14482],[113.56405,22.14483],[113.56411,22.14477],[113.56411,22.1443],[113.56433,22.1443],[113.56435,22.14412],[113.56384,22.14417]]],[[[113.56315,22.14485],[113.56326,22.14484],[113.56324,22.14445],[113.56168,22.14451],[113.5618,22.14458],[113.56181,22.14484],[113.56193,22.14493],[113.56283,22.14493],[113.56284,22.145],[113.56315,22.14499],[113.56315,22.14485]]],[[[113.56371,22.14691],[113.56377,22.14691],[113.56357,22.14295],[113.56353,22.14295],[113.56371,22.14691]]],[[[113.56349,22.14482],[113.56337,22.1449],[113.56323,22.14491],[113.56323,22.14507],[113.56317,22.14507],[113.5632,22.14576],[113.56335,22.14576],[113.5635,22.14565],[113.56349,22.14482]]],[[[113.5639,22.14513],[113.56391,22.14604],[113.56418,22.14602],[113.56417,22.14571],[113.56429,22.14563],[113.56419,22.14559],[113.56413,22.14515],[113.56402,22.14509],[113.5639,22.14513]]],[[[113.56698,22.14771],[113.56685,22.14436],[113.56682,22.14436],[113.56698,22.14771]]],[[[113.56444,22.14604],[113.56393,22.14605],[113.56395,22.14673],[113.56414,22.14675],[113.56421,22.1467],[113.56423,22.14613],[113.56443,22.14611],[113.56444,22.14604]]],[[[113.5635,22.14602],[113.56337,22.14597],[113.56338,22.14607],[113.56329,22.14607],[113.56344,22.14649],[113.56353,22.14702],[113.5635,22.14602]]],[[[113.56428,22.1472],[113.56408,22.14706],[113.56401,22.14712],[113.56404,22.14765],[113.56443,22.14778],[113.56442,22.14739],[113.5643,22.1474],[113.56428,22.1472]]],[[[113.56449,22.14994],[113.56473,22.1499],[113.56452,22.14963],[113.56441,22.14936],[113.5644,22.14884],[113.56457,22.14846],[113.56446,22.14838],[113.5643,22.14848],[113.56423,22.14866],[113.56431,22.14937],[113.56427,22.14964],[113.56435,22.14984],[113.56449,22.14994]]],[[[113.56384,22.15031],[113.5638,22.15048],[113.56402,22.15047],[113.56384,22.1479],[113.56373,22.14785],[113.56384,22.15031]]],[[[113.56462,22.15034],[113.56465,22.15026],[113.5646,22.14999],[113.56446,22.15005],[113.56432,22.15025],[113.56436,22.15044],[113.56462,22.15034]]],[[[113.56606,22.15022],[113.56606,22.1503],[113.56702,22.15035],[113.56812,22.15065],[113.56836,22.15061],[113.56855,22.15042],[113.56837,22.15055],[113.56811,22.15057],[113.56704,22.15028],[113.56606,22.15022]]],[[[113.56445,22.15063],[113.56552,22.15035],[113.56551,22.15026],[113.56476,22.15044],[113.5644,22.15057],[113.56445,22.15063]]],[[[113.56353,22.1509],[113.56357,22.15116],[113.56368,22.1513],[113.56386,22.15138],[113.56422,22.1513],[113.56434,22.15116],[113.56438,22.15099],[113.56428,22.15074],[113.56395,22.15059],[113.56368,22.15068],[113.56353,22.1509]]],[[[113.56569,22.15093],[113.56502,22.15088],[113.56491,22.15099],[113.56502,22.1512],[113.56569,22.15093]]],[[[113.56526,22.15177],[113.56507,22.15187],[113.56546,22.15241],[113.5656,22.15234],[113.56526,22.15177]]],[[[113.56536,22.1531],[113.56516,22.15317],[113.56495,22.15295],[113.56457,22.15205],[113.56431,22.1518],[113.56425,22.15187],[113.56392,22.15189],[113.56384,22.152],[113.56371,22.15202],[113.56327,22.15305],[113.56328,22.15309],[113.56409,22.15205],[113.56422,22.15199],[113.56437,22.15204],[113.56447,22.15229],[113.5646,22.15241],[113.56468,22.15264],[113.56461,22.15277],[113.56515,22.15319],[113.56534,22.15337],[113.56545,22.15322],[113.56536,22.1531]]],[[[113.56461,22.15277],[113.56467,22.15264],[113.56459,22.15242],[113.56445,22.1523],[113.56439,22.15238],[113.56459,22.1528],[113.56498,22.1531],[113.56461,22.15277]]],[[[113.56728,22.15308],[113.56724,22.15313],[113.5668,22.15283],[113.5666,22.15307],[113.56731,22.15356],[113.56756,22.15326],[113.56728,22.15308]]],[[[113.56702,22.15343],[113.56642,22.15303],[113.5663,22.15318],[113.5664,22.15303],[113.5662,22.15302],[113.56581,22.15248],[113.56606,22.15235],[113.56603,22.15231],[113.56562,22.1525],[113.56562,22.15257],[113.56624,22.1532],[113.56741,22.15425],[113.5675,22.15418],[113.5669,22.15359],[113.56702,22.15343]]],[[[113.56213,22.15861],[113.56236,22.1592],[113.56251,22.15915],[113.56259,22.15905],[113.56262,22.15887],[113.56251,22.15878],[113.5625,22.15861],[113.56264,22.15836],[113.5626,22.15829],[113.5623,22.15833],[113.56213,22.15861]]],[[[113.56396,22.16435],[113.56438,22.1642],[113.56469,22.16398],[113.56469,22.16347],[113.56488,22.16334],[113.56478,22.16289],[113.56707,22.1623],[113.567,22.16212],[113.5662,22.16242],[113.56615,22.1623],[113.56551,22.16254],[113.56518,22.16172],[113.56634,22.16161],[113.56676,22.16144],[113.56733,22.16105],[113.56769,22.16063],[113.56802,22.16045],[113.56874,22.16051],[113.5693,22.16025],[113.56983,22.16103],[113.57013,22.16066],[113.57093,22.16046],[113.57092,22.16012],[113.57108,22.16008],[113.57127,22.16018],[113.5715,22.1601],[113.57168,22.16019],[113.57182,22.16016],[113.57186,22.16005],[113.57242,22.1599],[113.57265,22.15991],[113.5727,22.15982],[113.57289,22.15977],[113.57277,22.15949],[113.57252,22.15944],[113.5726,22.15923],[113.57302,22.15913],[113.57328,22.15885],[113.57329,22.15833],[113.57313,22.1582],[113.57282,22.15807],[113.57052,22.15791],[113.57013,22.15781],[113.56968,22.15759],[113.56981,22.15728],[113.56969,22.15715],[113.56986,22.15687],[113.56982,22.15674],[113.56921,22.1566],[113.5687,22.15632],[113.56781,22.15566],[113.56806,22.15522],[113.56598,22.15345],[113.56584,22.15346],[113.56566,22.15359],[113.56545,22.15326],[113.56534,22.1534],[113.56513,22.15321],[113.56465,22.15372],[113.56396,22.1534],[113.56351,22.15397],[113.56338,22.15472],[113.56309,22.15519],[113.56292,22.15521],[113.56265,22.15511],[113.56241,22.15531],[113.5621,22.15524],[113.56204,22.15469],[113.56034,22.15493],[113.56022,22.15502],[113.56001,22.15535],[113.56001,22.15584],[113.56027,22.1557],[113.56039,22.15582],[113.56047,22.15595],[113.56039,22.15603],[113.56041,22.15616],[113.56059,22.15628],[113.56067,22.15655],[113.56126,22.15651],[113.5613,22.15659],[113.56141,22.15658],[113.56145,22.15667],[113.56136,22.1567],[113.56148,22.15681],[113.56156,22.1568],[113.5617,22.15703],[113.56139,22.15731],[113.56141,22.15739],[113.56233,22.15823],[113.56251,22.15822],[113.56268,22.15833],[113.56256,22.15857],[113.56267,22.15896],[113.5625,22.15943],[113.56259,22.15986],[113.56258,22.16005],[113.56235,22.16026],[113.5623,22.16072],[113.56229,22.16088],[113.56242,22.16111],[113.56228,22.16148],[113.56203,22.16189],[113.56177,22.1621],[113.56152,22.16215],[113.5622,22.16251],[113.56252,22.16286],[113.56253,22.16371],[113.56268,22.16394],[113.56366,22.16433],[113.56396,22.16435]]],[[[113.56672,22.16366],[113.56692,22.16433],[113.56785,22.1641],[113.56765,22.16342],[113.56672,22.16366]]],[[[113.56673,22.16525],[113.56765,22.16514],[113.56905,22.16481],[113.56898,22.16454],[113.56768,22.16483],[113.56593,22.16479],[113.56603,22.16499],[113.56673,22.16525]]],[[[113.56382,22.16537],[113.56411,22.16511],[113.56438,22.165],[113.56411,22.16506],[113.56353,22.16501],[113.5631,22.16484],[113.56288,22.16464],[113.56275,22.16473],[113.56315,22.1652],[113.56382,22.16537]]],[[[113.5633,22.20364],[113.56471,22.2009],[113.56466,22.20088],[113.56443,22.20119],[113.56319,22.20364],[113.5633,22.20359],[113.5633,22.20364]]],[[[113.56537,22.20346],[113.56516,22.20354],[113.56511,22.20367],[113.56515,22.2038],[113.56534,22.2039],[113.56548,22.20386],[113.56558,22.20374],[113.56552,22.20352],[113.56537,22.20346]]],[[[113.56693,22.20636],[113.56738,22.20646],[113.56748,22.20617],[113.56694,22.20604],[113.56687,22.20624],[113.56693,22.20636]]],[[[113.56861,22.11918],[113.56874,22.11923],[113.56931,22.1192],[113.56926,22.11736],[113.56918,22.11718],[113.5688,22.11721],[113.56871,22.1175],[113.5682,22.11836],[113.56833,22.11892],[113.56861,22.11918]]],[[[113.56749,22.13569],[113.56805,22.13591],[113.56813,22.13624],[113.56838,22.13624],[113.56833,22.13596],[113.56822,22.13586],[113.5675,22.1356],[113.56749,22.13569]]],[[[113.57062,22.13771],[113.57064,22.13805],[113.57058,22.13818],[113.57078,22.13817],[113.57069,22.13803],[113.57063,22.13764],[113.57018,22.13705],[113.56958,22.13652],[113.56878,22.13603],[113.56788,22.13562],[113.5671,22.13538],[113.56643,22.13529],[113.56571,22.13535],[113.56656,22.13533],[113.56709,22.13541],[113.56821,22.13579],[113.56907,22.13623],[113.56977,22.1367],[113.57032,22.13725],[113.57062,22.13771]]],[[[113.57111,22.13823],[113.57071,22.13826],[113.57071,22.13833],[113.57186,22.13832],[113.57189,22.13826],[113.57111,22.13823]]],[[[113.56956,22.13835],[113.56847,22.13843],[113.56847,22.1385],[113.56959,22.13838],[113.56956,22.13835]]],[[[113.56835,22.13844],[113.56729,22.13851],[113.5673,22.13859],[113.56836,22.13852],[113.56835,22.13844]]],[[[113.572,22.13832],[113.5729,22.1384],[113.57389,22.13859],[113.5748,22.13885],[113.57495,22.13894],[113.57496,22.13884],[113.57361,22.13845],[113.57201,22.13824],[113.572,22.13832]]],[[[113.56858,22.13876],[113.56869,22.13859],[113.56819,22.13863],[113.56832,22.13877],[113.56839,22.13902],[113.56844,22.14107],[113.56852,22.14106],[113.56849,22.13934],[113.56858,22.13876]]],[[[113.57122,22.13873],[113.57122,22.1384],[113.56908,22.13856],[113.56881,22.13866],[113.56865,22.1394],[113.56865,22.14066],[113.56884,22.14244],[113.57024,22.14244],[113.57025,22.14172],[113.57075,22.14189],[113.57111,22.14189],[113.57155,22.14169],[113.57176,22.14141],[113.57213,22.14151],[113.5721,22.13873],[113.57122,22.13873]]],[[[113.57026,22.14245],[113.57196,22.14244],[113.57212,22.14235],[113.57212,22.14152],[113.57178,22.14143],[113.57156,22.14173],[113.57138,22.14183],[113.57118,22.1419],[113.57085,22.14191],[113.57075,22.14189],[113.57028,22.14174],[113.57026,22.14245]]],[[[113.56883,22.14452],[113.56901,22.14448],[113.5686,22.14188],[113.56852,22.14189],[113.56886,22.14431],[113.56883,22.14452]]],[[[113.57013,22.14374],[113.57015,22.14263],[113.5701,22.14259],[113.56963,22.1426],[113.56959,22.1433],[113.5693,22.1433],[113.5693,22.14361],[113.56917,22.14361],[113.56912,22.14379],[113.56922,22.14435],[113.56933,22.1445],[113.56984,22.14459],[113.56983,22.14374],[113.57013,22.14374]]],[[[113.5721,22.14458],[113.57209,22.14263],[113.57016,22.1426],[113.57014,22.14375],[113.56984,22.14375],[113.56986,22.14462],[113.57203,22.14473],[113.5721,22.14458]]],[[[113.56919,22.14506],[113.56928,22.1449],[113.56924,22.14472],[113.56909,22.14461],[113.56882,22.14464],[113.56871,22.14478],[113.56871,22.14495],[113.56891,22.14512],[113.56919,22.14506]]],[[[113.56885,22.14547],[113.56851,22.14495],[113.56851,22.14472],[113.56864,22.14445],[113.56867,22.14411],[113.56851,22.14427],[113.56845,22.14489],[113.5688,22.14594],[113.56893,22.14601],[113.56885,22.14547]]],[[[113.57237,22.14499],[113.57055,22.14479],[113.56938,22.14476],[113.5694,22.14488],[113.56984,22.14481],[113.57054,22.14483],[113.57236,22.14501],[113.57349,22.14523],[113.57474,22.14564],[113.57478,22.14556],[113.57352,22.14522],[113.57237,22.14499]]],[[[113.56954,22.14496],[113.56934,22.1451],[113.56927,22.14547],[113.56945,22.14621],[113.56981,22.14623],[113.57021,22.14601],[113.57055,22.14596],[113.57073,22.146],[113.57097,22.14618],[113.57132,22.14624],[113.5713,22.14504],[113.56954,22.14496]]],[[[113.57071,22.14659],[113.57079,22.14654],[113.57044,22.14623],[113.57034,22.14625],[113.57071,22.14659]]],[[[113.57001,22.14648],[113.5701,22.1465],[113.57034,22.14625],[113.57027,22.14626],[113.56999,22.14641],[113.57001,22.14648]]],[[[113.57123,22.14644],[113.57092,22.14645],[113.57083,22.14653],[113.57102,22.14664],[113.57126,22.14664],[113.57127,22.14651],[113.57099,22.14649],[113.57122,22.14647],[113.57123,22.14644]]],[[[113.57099,22.14629],[113.57093,22.14643],[113.57123,22.14644],[113.57127,22.14637],[113.57122,22.14628],[113.57099,22.14629]]],[[[113.569,22.14533],[113.56915,22.14625],[113.56915,22.14766],[113.56923,22.14766],[113.56925,22.14666],[113.56913,22.14532],[113.569,22.14533]]],[[[113.56809,22.1476],[113.56754,22.14766],[113.56862,22.14761],[113.5682,22.14756],[113.5682,22.14752],[113.56855,22.14753],[113.56849,22.14749],[113.56761,22.14753],[113.56754,22.14759],[113.56809,22.14755],[113.56809,22.1476]]],[[[113.56892,22.15023],[113.56908,22.15008],[113.56904,22.14989],[113.56893,22.14981],[113.56872,22.14984],[113.56863,22.14997],[113.56865,22.15011],[113.56876,22.15022],[113.56892,22.15023]]],[[[113.56856,22.15066],[113.56885,22.15082],[113.56916,22.15033],[113.56874,22.15045],[113.56856,22.15066]]],[[[113.56807,22.15089],[113.56794,22.15114],[113.56804,22.15113],[113.56816,22.15093],[113.56813,22.1508],[113.56729,22.15053],[113.56728,22.15057],[113.56807,22.15089]]],[[[113.57022,22.15077],[113.56961,22.15048],[113.56911,22.15129],[113.56973,22.15161],[113.57022,22.15077]]],[[[113.57124,22.15135],[113.57115,22.1511],[113.57074,22.15093],[113.57067,22.15104],[113.57089,22.15116],[113.57058,22.15164],[113.57092,22.15183],[113.57124,22.15135]]],[[[113.56788,22.15121],[113.56744,22.15193],[113.56756,22.15193],[113.56794,22.15125],[113.56788,22.15121]]],[[[113.56745,22.15248],[113.56819,22.15136],[113.56804,22.15139],[113.56738,22.15244],[113.56745,22.15248]]],[[[113.57216,22.15028],[113.56909,22.15504],[113.56956,22.15512],[113.56957,22.1546],[113.56974,22.1542],[113.57224,22.15033],[113.57222,22.15027],[113.57216,22.15028]]],[[[113.56811,22.15363],[113.56844,22.15377],[113.56843,22.15384],[113.56861,22.15386],[113.56865,22.1538],[113.56937,22.15422],[113.56916,22.15455],[113.56894,22.15442],[113.5689,22.15448],[113.56915,22.15468],[113.56962,22.15395],[113.56912,22.15368],[113.56903,22.1538],[113.5687,22.15362],[113.56878,22.15349],[113.56871,22.15345],[113.56811,22.15363]]],[[[113.56903,22.15419],[113.56866,22.15397],[113.5686,22.15404],[113.56851,22.15399],[113.56856,22.15391],[113.5685,22.15388],[113.56845,22.15403],[113.5688,22.15423],[113.56871,22.15435],[113.56887,22.15446],[113.56892,22.15437],[113.56887,22.15434],[113.56903,22.15419]]],[[[113.56871,22.15503],[113.56892,22.15489],[113.56859,22.15496],[113.56775,22.15443],[113.56774,22.15426],[113.56794,22.15392],[113.56787,22.15393],[113.56758,22.1543],[113.56758,22.15439],[113.56839,22.15501],[113.56871,22.15503]]],[[[113.56871,22.15531],[113.56879,22.1552],[113.56844,22.15518],[113.56821,22.15508],[113.56629,22.1535],[113.56822,22.15519],[113.5687,22.15549],[113.56871,22.15531]]],[[[113.57004,22.15572],[113.57041,22.15597],[113.57044,22.15592],[113.57014,22.1557],[113.56986,22.15532],[113.56977,22.15502],[113.56976,22.15469],[113.56971,22.15468],[113.56967,22.15496],[113.56982,22.15542],[113.57004,22.15572]]],[[[113.56999,22.15674],[113.57026,22.15669],[113.57002,22.15642],[113.57006,22.15627],[113.56916,22.15585],[113.56901,22.15593],[113.56883,22.15622],[113.56905,22.15636],[113.56999,22.15674]]],[[[113.57358,22.15771],[113.57027,22.15606],[113.56986,22.15572],[113.56963,22.15593],[113.57214,22.15702],[113.57359,22.15774],[113.57404,22.15809],[113.57384,22.15788],[113.57358,22.15771]]],[[[113.57306,22.15755],[113.5717,22.15688],[113.57019,22.15627],[113.57014,22.15637],[113.57028,22.15657],[113.57064,22.15685],[113.57163,22.15707],[113.5725,22.15736],[113.57294,22.15754],[113.57289,22.15771],[113.57297,22.15772],[113.57305,22.15765],[113.57306,22.15755]]],[[[113.57409,22.15806],[113.57412,22.15803],[113.57365,22.15764],[113.5714,22.15657],[113.57361,22.15767],[113.57409,22.15806]]],[[[113.57283,22.16333],[113.573,22.16337],[113.57323,22.16327],[113.57348,22.16275],[113.57349,22.1626],[113.57341,22.16254],[113.57321,22.16261],[113.57281,22.16313],[113.57283,22.16333]]],[[[113.57172,22.16392],[113.57184,22.16433],[113.5726,22.16415],[113.57249,22.16373],[113.57172,22.16392]]],[[[113.57162,22.16427],[113.57154,22.16397],[113.57148,22.16395],[113.57134,22.16408],[113.57127,22.16441],[113.57148,22.16512],[113.57186,22.16503],[113.57152,22.16508],[113.57133,22.16434],[113.57162,22.16427]]],[[[113.57137,22.16526],[113.57114,22.16437],[113.57117,22.16419],[113.57134,22.16392],[113.5705,22.1641],[113.57091,22.1643],[113.57106,22.16453],[113.5715,22.16592],[113.57161,22.16597],[113.57165,22.16588],[113.57137,22.16526]]],[[[113.57173,22.16623],[113.57167,22.16642],[113.57158,22.16644],[113.5719,22.16734],[113.57198,22.16738],[113.57203,22.16741],[113.57239,22.16887],[113.57284,22.16879],[113.57249,22.16763],[113.57184,22.16625],[113.57173,22.16623]]],[[[113.57179,22.19819],[113.57189,22.19838],[113.57193,22.19809],[113.57222,22.19766],[113.57241,22.19758],[113.57288,22.19753],[113.5732,22.19767],[113.57322,22.19744],[113.57214,22.19754],[113.57186,22.19776],[113.57179,22.19819]]],[[[113.57349,22.19846],[113.57349,22.19827],[113.57325,22.19791],[113.57326,22.19828],[113.57316,22.19828],[113.57316,22.19859],[113.5734,22.19855],[113.57349,22.19846]]],[[[113.57352,22.19882],[113.57214,22.19884],[113.57216,22.199],[113.5728,22.19901],[113.57354,22.19913],[113.57366,22.19891],[113.57352,22.19882]]],[[[113.57299,22.19937],[113.57316,22.19974],[113.57341,22.19957],[113.57306,22.1993],[113.5727,22.19917],[113.57299,22.19937]]],[[[113.57375,22.20018],[113.57369,22.20028],[113.57351,22.20026],[113.57336,22.20032],[113.57326,22.20046],[113.57331,22.20052],[113.57366,22.20045],[113.57383,22.20029],[113.57384,22.19998],[113.57375,22.19981],[113.57359,22.19969],[113.57337,22.19967],[113.57322,22.19975],[113.57299,22.20026],[113.57297,22.20048],[113.57273,22.20069],[113.57281,22.20075],[113.57292,22.20066],[113.57344,22.20067],[113.57318,22.20054],[113.57317,22.20034],[113.57341,22.20016],[113.57375,22.20018]]],[[[113.57252,22.20033],[113.57213,22.20026],[113.57202,22.20029],[113.57202,22.20038],[113.57214,22.20038],[113.57214,22.20066],[113.57277,22.20025],[113.57252,22.20033]]],[[[113.57225,22.20067],[113.57207,22.20099],[113.57203,22.202],[113.57212,22.20199],[113.57215,22.20109],[113.57235,22.20076],[113.5727,22.20048],[113.57268,22.20044],[113.57225,22.20067]]],[[[113.57183,22.20097],[113.57175,22.20098],[113.57176,22.20214],[113.57194,22.20209],[113.57193,22.20132],[113.57183,22.20132],[113.57183,22.20097]]],[[[113.57152,22.204],[113.5716,22.204],[113.5715,22.20312],[113.57149,22.20003],[113.57154,22.19986],[113.57166,22.19977],[113.57168,22.19921],[113.57141,22.19922],[113.57141,22.20314],[113.57152,22.204]]],[[[113.57217,22.20285],[113.57251,22.2032],[113.57284,22.20327],[113.57284,22.20313],[113.573,22.20312],[113.573,22.20322],[113.57311,22.20303],[113.57256,22.20298],[113.57211,22.2026],[113.57217,22.20285]]],[[[113.56864,22.20723],[113.56963,22.20388],[113.56947,22.20392],[113.56929,22.20411],[113.56851,22.20715],[113.56864,22.20723]]],[[[113.58917,22.13133],[113.58894,22.13165],[113.58903,22.13203],[113.58874,22.1321],[113.58882,22.13255],[113.5889,22.13252],[113.58911,22.132],[113.58905,22.13163],[113.58927,22.13118],[113.58924,22.13102],[113.58914,22.13105],[113.58917,22.13133]]],[[[113.58163,22.13321],[113.58169,22.1333],[113.58193,22.13339],[113.58213,22.13322],[113.58212,22.13308],[113.58191,22.13292],[113.58183,22.13258],[113.58174,22.13254],[113.58163,22.13321]]],[[[113.58377,22.1329],[113.58409,22.13247],[113.58349,22.13302],[113.58315,22.1335],[113.58377,22.1329]]],[[[113.58167,22.13238],[113.5815,22.13239],[113.5813,22.13326],[113.58116,22.13362],[113.58122,22.13363],[113.58133,22.13343],[113.58141,22.13345],[113.58149,22.13374],[113.5814,22.13399],[113.58117,22.13403],[113.58108,22.13411],[113.5812,22.13438],[113.58108,22.13483],[113.58127,22.13475],[113.58141,22.1346],[113.58158,22.13361],[113.58151,22.13334],[113.58167,22.13238]]],[[[113.59037,22.1347],[113.59018,22.13447],[113.58971,22.13477],[113.58967,22.13472],[113.58993,22.13456],[113.58882,22.13312],[113.58798,22.13369],[113.58939,22.13549],[113.58959,22.13536],[113.58963,22.13533],[113.58998,22.13511],[113.58991,22.13503],[113.58989,22.135],[113.59037,22.1347]]],[[[113.5829,22.13443],[113.58262,22.13396],[113.58252,22.1339],[113.58235,22.13393],[113.58208,22.13392],[113.58188,22.13404],[113.58173,22.13405],[113.58163,22.13427],[113.58172,22.13462],[113.58187,22.13474],[113.58202,22.13476],[113.58213,22.13469],[113.58228,22.13471],[113.58238,22.13479],[113.58251,22.13473],[113.58259,22.13475],[113.58279,22.13464],[113.5829,22.13443]]],[[[113.58274,22.13625],[113.58266,22.13639],[113.58272,22.13646],[113.58284,22.13638],[113.58281,22.13603],[113.58292,22.13593],[113.58275,22.13544],[113.58295,22.13528],[113.58307,22.13469],[113.58316,22.13466],[113.58321,22.13445],[113.58319,22.1343],[113.58292,22.13388],[113.58279,22.13397],[113.5827,22.13386],[113.58224,22.1338],[113.58175,22.13401],[113.58188,22.13402],[113.58207,22.13391],[113.58253,22.13388],[113.58262,22.13393],[113.58271,22.13405],[113.58292,22.13442],[113.58281,22.13467],[113.58262,22.13477],[113.58237,22.13482],[113.58228,22.13473],[113.58215,22.13472],[113.58205,22.13477],[113.58185,22.13476],[113.58174,22.13467],[113.58163,22.135],[113.58213,22.13519],[113.58224,22.13539],[113.58261,22.13568],[113.58248,22.1358],[113.58274,22.13625]]],[[[113.5948,22.1358],[113.59476,22.13599],[113.59481,22.13616],[113.59522,22.1364],[113.59566,22.13649],[113.59583,22.13646],[113.59594,22.13634],[113.59617,22.1357],[113.59612,22.13539],[113.59587,22.13523],[113.59567,22.13528],[113.5948,22.1358]]],[[[113.57914,22.13735],[113.57943,22.13755],[113.57952,22.13731],[113.57925,22.13711],[113.57914,22.13735]]],[[[113.57969,22.13757],[113.57965,22.13823],[113.57937,22.13848],[113.57943,22.13858],[113.57958,22.13856],[113.57959,22.13846],[113.5797,22.13838],[113.57983,22.13765],[113.57979,22.13757],[113.57969,22.13757]]],[[[113.5751,22.13923],[113.57526,22.13936],[113.57557,22.13936],[113.57578,22.13915],[113.57574,22.13887],[113.57558,22.13874],[113.57527,22.13873],[113.57507,22.13894],[113.5751,22.13923]]],[[[113.5939,22.14137],[113.59413,22.14125],[113.59559,22.13728],[113.59556,22.13709],[113.59547,22.13699],[113.59507,22.1368],[113.59467,22.13675],[113.59451,22.1368],[113.59301,22.14079],[113.59303,22.14108],[113.59336,22.14127],[113.5939,22.14137]]],[[[113.57916,22.13884],[113.57887,22.13865],[113.57866,22.13887],[113.57893,22.13905],[113.57909,22.13908],[113.57892,22.13936],[113.57935,22.13964],[113.57946,22.1395],[113.57979,22.13968],[113.57982,22.13964],[113.57935,22.13935],[113.57961,22.13891],[113.57962,22.13863],[113.57929,22.13883],[113.57916,22.13884]]],[[[113.58037,22.14026],[113.58059,22.1404],[113.58108,22.13975],[113.5804,22.13911],[113.58024,22.13927],[113.58084,22.13966],[113.58037,22.14026]]],[[[113.57628,22.13852],[113.57598,22.13913],[113.57678,22.13982],[113.57718,22.1403],[113.57747,22.14105],[113.57751,22.14216],[113.5776,22.14199],[113.57766,22.14142],[113.57757,22.14126],[113.57741,22.14041],[113.57735,22.14028],[113.57733,22.14026],[113.57733,22.14023],[113.57722,22.14001],[113.57681,22.13954],[113.57677,22.13938],[113.57665,22.1393],[113.57665,22.13909],[113.57614,22.13915],[113.57607,22.1391],[113.57613,22.13901],[113.57662,22.13891],[113.57668,22.13845],[113.577,22.13816],[113.57693,22.13793],[113.57671,22.13782],[113.57647,22.13794],[113.57628,22.13852]]],[[[113.58168,22.14111],[113.58184,22.14089],[113.58201,22.141],[113.58207,22.14091],[113.5817,22.14067],[113.58159,22.14067],[113.5814,22.14093],[113.58168,22.14111]]],[[[113.5817,22.14125],[113.58151,22.14115],[113.58117,22.14159],[113.58123,22.14163],[113.58142,22.14138],[113.58175,22.14159],[113.58151,22.14192],[113.58112,22.14167],[113.58103,22.14179],[113.58131,22.142],[113.5814,22.1419],[113.58152,22.14196],[113.58181,22.14157],[113.58158,22.14143],[113.5817,22.14125]]],[[[113.58153,22.14215],[113.58189,22.14237],[113.58217,22.14198],[113.58265,22.14229],[113.58269,22.14224],[113.58251,22.14214],[113.58225,22.14158],[113.58202,22.14144],[113.58152,22.14209],[113.58153,22.14215]]],[[[113.57689,22.1431],[113.57538,22.14534],[113.57549,22.1454],[113.57713,22.14283],[113.57729,22.1424],[113.57736,22.14193],[113.57729,22.14117],[113.57736,22.14114],[113.5771,22.1404],[113.57663,22.1398],[113.57588,22.1392],[113.57579,22.13934],[113.576,22.1394],[113.57639,22.13967],[113.57683,22.14013],[113.5771,22.14058],[113.57725,22.14098],[113.57731,22.14162],[113.57718,22.14246],[113.57689,22.1431]]],[[[113.57604,22.14389],[113.57531,22.14348],[113.57416,22.143],[113.57319,22.14272],[113.57233,22.14253],[113.57372,22.14289],[113.57457,22.14318],[113.57604,22.14392],[113.57613,22.14404],[113.57621,22.14392],[113.57604,22.14389]]],[[[113.59366,22.14186],[113.59332,22.1417],[113.59289,22.14162],[113.59271,22.1417],[113.59199,22.14344],[113.59135,22.1453],[113.59138,22.14544],[113.59173,22.14565],[113.5921,22.14576],[113.59237,22.14575],[113.59251,22.14562],[113.59384,22.14215],[113.59366,22.14186]]],[[[113.5762,22.14557],[113.57622,22.14571],[113.57635,22.14579],[113.57651,22.14574],[113.57659,22.14563],[113.57654,22.14548],[113.57642,22.14541],[113.57628,22.14544],[113.5762,22.14557]]],[[[113.57497,22.14549],[113.57484,22.14567],[113.57509,22.14574],[113.57499,22.14602],[113.5751,22.14607],[113.57538,22.14603],[113.57555,22.14581],[113.57549,22.14555],[113.57525,22.14541],[113.57497,22.14549]]],[[[113.59011,22.14719],[113.5902,22.14685],[113.59003,22.14682],[113.58994,22.14706],[113.58973,22.14711],[113.58989,22.14734],[113.59011,22.14719]]],[[[113.57361,22.14858],[113.57383,22.1487],[113.57369,22.14899],[113.57553,22.14621],[113.57509,22.14637],[113.57361,22.14858]]],[[[113.5729,22.14961],[113.57509,22.1463],[113.57563,22.14615],[113.57677,22.14679],[113.5768,22.14673],[113.57562,22.14605],[113.57503,22.14628],[113.57287,22.14954],[113.5729,22.14961]]],[[[113.57471,22.14639],[113.57264,22.14953],[113.57273,22.14958],[113.57479,22.14643],[113.57471,22.14639]]],[[[113.58591,22.16375],[113.58532,22.16356],[113.58505,22.1645],[113.58515,22.16481],[113.58537,22.16501],[113.58652,22.16536],[113.58684,22.16529],[113.58712,22.16504],[113.59798,22.13568],[113.59796,22.1354],[113.59787,22.13525],[113.59767,22.13504],[113.5975,22.13496],[113.59586,22.13445],[113.59528,22.13436],[113.59513,22.13441],[113.59486,22.13467],[113.59451,22.13548],[113.59563,22.13476],[113.59585,22.1347],[113.5961,22.13472],[113.59699,22.135],[113.59458,22.14167],[113.5894,22.15558],[113.58724,22.16162],[113.58593,22.16503],[113.58549,22.16488],[113.58591,22.16375]]],[[[113.57508,22.15208],[113.57508,22.15226],[113.57494,22.15236],[113.57543,22.15264],[113.57564,22.15258],[113.57606,22.15192],[113.57583,22.1518],[113.5756,22.15215],[113.5752,22.15196],[113.57508,22.15208]]],[[[113.59107,22.14614],[113.5905,22.14738],[113.59009,22.14771],[113.59075,22.1487],[113.59076,22.14893],[113.58604,22.16191],[113.5864,22.16181],[113.58663,22.16164],[113.58962,22.15337],[113.59217,22.14655],[113.59216,22.1464],[113.59197,22.14624],[113.59144,22.14606],[113.59117,22.14606],[113.59107,22.14614]]],[[[113.57375,22.1593],[113.57361,22.15935],[113.57378,22.1598],[113.57393,22.15993],[113.57403,22.16021],[113.57419,22.15963],[113.57406,22.15957],[113.574,22.15928],[113.57392,22.15941],[113.57375,22.1593]]],[[[113.57453,22.1588],[113.57448,22.15881],[113.57456,22.15939],[113.5745,22.15989],[113.57396,22.16128],[113.57471,22.15961],[113.57468,22.15926],[113.57453,22.1588]]],[[[113.57447,22.15942],[113.57438,22.15997],[113.57339,22.1623],[113.57346,22.16231],[113.57356,22.16195],[113.57433,22.16018],[113.57445,22.15978],[113.57449,22.15942],[113.57448,22.15908],[113.57443,22.15883],[113.57447,22.15942]]],[[[113.58625,22.16254],[113.58624,22.16246],[113.58573,22.16252],[113.58554,22.16307],[113.58584,22.16316],[113.58601,22.16311],[113.58625,22.16254]]],[[[113.57428,22.16274],[113.57355,22.16296],[113.5735,22.16317],[113.57362,22.1633],[113.57375,22.1633],[113.57422,22.163],[113.57504,22.16281],[113.57519,22.16272],[113.57428,22.16274]]],[[[113.58344,22.16369],[113.58336,22.16397],[113.58341,22.16399],[113.58311,22.16481],[113.58318,22.16483],[113.58354,22.16385],[113.58348,22.16362],[113.57903,22.16208],[113.57878,22.16206],[113.57875,22.16207],[113.57874,22.16206],[113.57868,22.16205],[113.57865,22.16216],[113.58344,22.16369]]],[[[113.57974,22.16416],[113.58013,22.16306],[113.58013,22.16292],[113.57878,22.16249],[113.57873,22.16259],[113.57851,22.16253],[113.57848,22.16268],[113.57854,22.16272],[113.5786,22.16274],[113.57974,22.16309],[113.57977,22.16312],[113.57984,22.16314],[113.57984,22.16326],[113.57953,22.16417],[113.57975,22.16448],[113.57984,22.16435],[113.57974,22.16416]]],[[[113.58094,22.16314],[113.58056,22.16417],[113.58061,22.1642],[113.58058,22.16461],[113.58037,22.16469],[113.58053,22.16484],[113.5808,22.16494],[113.58152,22.16514],[113.58173,22.1651],[113.58225,22.16368],[113.58222,22.16356],[113.5817,22.16338],[113.5814,22.16429],[113.58079,22.16411],[113.58115,22.1632],[113.58094,22.16314]]],[[[113.58124,22.16587],[113.58135,22.1657],[113.58171,22.16555],[113.58172,22.16549],[113.58046,22.16508],[113.58092,22.16673],[113.58124,22.16587]]],[[[113.5749,22.16922],[113.57448,22.16931],[113.57493,22.16999],[113.57531,22.16979],[113.5749,22.16922]]],[[[113.57574,22.17051],[113.57573,22.17037],[113.57562,22.17039],[113.57553,22.17021],[113.57545,22.17022],[113.57564,22.17053],[113.57544,22.17065],[113.57551,22.17075],[113.57564,22.17076],[113.57574,22.17051]]],[[[113.58047,22.19854],[113.58055,22.19872],[113.58057,22.20124],[113.58051,22.2033],[113.5803,22.20333],[113.58046,22.20364],[113.58076,22.20401],[113.58077,22.19879],[113.58058,22.19834],[113.58008,22.19799],[113.57882,22.19726],[113.57856,22.19716],[113.57228,22.19709],[113.57179,22.19728],[113.57157,22.19754],[113.57151,22.19784],[113.5715,22.19858],[113.5717,22.19858],[113.57171,22.1979],[113.5718,22.19764],[113.572,22.19745],[113.57225,22.19736],[113.57851,22.19738],[113.57887,22.19752],[113.58028,22.19836],[113.58047,22.19854]]],[[[113.57595,22.19893],[113.57532,22.19892],[113.57534,22.19914],[113.57877,22.19915],[113.57874,22.19759],[113.57785,22.19753],[113.57413,22.19754],[113.57412,22.19824],[113.57446,22.19824],[113.57447,22.19776],[113.57593,22.19777],[113.57595,22.19893]]],[[[113.57404,22.19879],[113.57405,22.19829],[113.5738,22.19829],[113.5738,22.1981],[113.57372,22.1981],[113.57371,22.19835],[113.57404,22.19879]]],[[[113.57371,22.19872],[113.5743,22.19909],[113.57451,22.19917],[113.57523,22.19918],[113.57523,22.1991],[113.57435,22.19905],[113.57406,22.1989],[113.57372,22.19851],[113.57371,22.19872]]],[[[113.57416,22.19919],[113.5738,22.19896],[113.57383,22.19915],[113.57392,22.19926],[113.57521,22.19956],[113.57557,22.1995],[113.57557,22.19933],[113.57452,22.19932],[113.57416,22.19919]]],[[[113.57957,22.19925],[113.57466,22.19923],[113.57405,22.19904],[113.57432,22.19922],[113.57467,22.19929],[113.57951,22.19929],[113.57978,22.19935],[113.5802,22.19962],[113.58001,22.1994],[113.57957,22.19925]]],[[[113.57388,22.19936],[113.57385,22.19947],[113.57394,22.19957],[113.57427,22.19973],[113.57427,22.19969],[113.57441,22.1997],[113.57415,22.19941],[113.57388,22.19936]]],[[[113.57538,22.2002],[113.57528,22.20005],[113.57456,22.19997],[113.57453,22.20007],[113.57425,22.20007],[113.57425,22.20019],[113.57538,22.2002]]],[[[113.5777,22.20035],[113.57792,22.20039],[113.5781,22.20026],[113.57818,22.20024],[113.57818,22.20029],[113.578,22.20042],[113.57771,22.20047],[113.57801,22.20046],[113.57822,22.20028],[113.57819,22.20018],[113.57794,22.20019],[113.57791,22.2003],[113.57769,22.2003],[113.5777,22.20035]]],[[[113.57582,22.20025],[113.57564,22.20043],[113.5758,22.20051],[113.57646,22.20047],[113.57641,22.20032],[113.57613,22.20021],[113.57582,22.20025]]],[[[113.57387,22.20071],[113.57387,22.20042],[113.57366,22.20052],[113.57362,22.20086],[113.57375,22.20085],[113.57376,22.20071],[113.57387,22.20071]]],[[[113.57409,22.20075],[113.5741,22.2008],[113.57526,22.2008],[113.57526,22.20074],[113.57409,22.20075]]],[[[113.5794,22.20291],[113.57982,22.20308],[113.58014,22.20343],[113.58025,22.20372],[113.58031,22.20375],[113.58026,22.2036],[113.58008,22.20331],[113.57982,22.20306],[113.57892,22.2027],[113.57899,22.20262],[113.57944,22.20282],[113.57925,22.20271],[113.57891,22.20236],[113.5789,22.20287],[113.5794,22.20291]]],[[[113.57904,22.20314],[113.57903,22.20305],[113.57896,22.20305],[113.57878,22.20311],[113.57877,22.2032],[113.57918,22.20327],[113.5798,22.20349],[113.57979,22.20389],[113.57998,22.20386],[113.57998,22.20397],[113.57675,22.204],[113.58014,22.20401],[113.5801,22.20379],[113.57999,22.20364],[113.58006,22.2036],[113.57961,22.20321],[113.57929,22.20313],[113.57904,22.20314]]],[[[113.5742,22.20382],[113.57321,22.20377],[113.57253,22.20347],[113.57286,22.20371],[113.57339,22.20389],[113.57491,22.20391],[113.57491,22.20382],[113.57449,22.20381],[113.57448,22.20388],[113.5742,22.20388],[113.5742,22.20382]]],[[[113.55139,22.13008],[113.55114,22.13007],[113.551,22.1302],[113.55099,22.13041],[113.55113,22.13057],[113.55137,22.13057],[113.55139,22.13055],[113.55152,22.13042],[113.55151,22.13028],[113.55151,22.1302],[113.5514,22.13008],[113.55139,22.13008]]],[[[113.551,22.1376],[113.55101,22.13769],[113.55108,22.13779],[113.55117,22.1378],[113.55119,22.1378],[113.5512,22.13779],[113.55127,22.13769],[113.55129,22.13731],[113.55122,22.13722],[113.55118,22.13717],[113.55109,22.1372],[113.55104,22.13731],[113.55099,22.13743],[113.551,22.1376]]],[[[113.55172,22.14168],[113.55173,22.14168],[113.55173,22.14167],[113.55176,22.14152],[113.55168,22.14144],[113.55167,22.14144],[113.55149,22.14147],[113.55147,22.14147],[113.55143,22.14161],[113.55144,22.14162],[113.55153,22.14172],[113.55172,22.14168]]]]}},{"type":"Feature","properties":{"layer":"beach"},"geometry":{"type":"MultiPolygon","coordinates":[[[[113.55879,22.11215],[113.55855,22.11224],[113.55867,22.11243],[113.5588,22.11248],[113.5589,22.11276],[113.55911,22.11302],[113.55909,22.1131],[113.55998,22.11327],[113.56054,22.1136],[113.56092,22.11372],[113.56112,22.1135],[113.56141,22.11335],[113.56138,22.11323],[113.56098,22.11349],[113.56062,22.11337],[113.56048,22.11332],[113.56024,22.11328],[113.55995,22.11322],[113.55947,22.11296],[113.55905,22.11259],[113.55888,22.11239],[113.55879,22.11215]]],[[[113.54979,22.11345],[113.55007,22.11246],[113.55029,22.11215],[113.54998,22.11252],[113.54983,22.11308],[113.54976,22.11332],[113.5497,22.11337],[113.54918,22.11377],[113.54923,22.11383],[113.54938,22.11381],[113.54979,22.11345]]],[[[113.56991,22.1187],[113.5701,22.11916],[113.57017,22.11921],[113.57035,22.11989],[113.57159,22.12291],[113.57141,22.12318],[113.57263,22.12376],[113.57388,22.1253],[113.5746,22.12573],[113.57558,22.12602],[113.57541,22.12531],[113.57525,22.1253],[113.57484,22.12512],[113.57482,22.12511],[113.57479,22.12509],[113.57419,22.12475],[113.57362,22.12436],[113.57346,22.12419],[113.5724,22.1231],[113.57138,22.12176],[113.57127,22.12161],[113.571,22.12112],[113.57062,22.12018],[113.57061,22.12015],[113.57006,22.11843],[113.57001,22.11781],[113.57023,22.1166],[113.56981,22.11661],[113.56983,22.11779],[113.56977,22.11779],[113.56981,22.11868],[113.56991,22.1187]]],[[[113.54159,22.16311],[113.54126,22.1631],[113.54085,22.16335],[113.54074,22.16405],[113.54084,22.16397],[113.54096,22.16387],[113.54125,22.16371],[113.54151,22.16361],[113.54195,22.16354],[113.54208,22.16355],[113.5421,22.16355],[113.54184,22.16322],[113.54159,22.16311]]]]}},{"type":"Feature","properties":{"layer":"airport"},"geometry":{"type":"Polygon","coordinates":[[[113.5847,22.16453],[113.58483,22.16492],[113.58518,22.16533],[113.58519,22.16534],[113.58522,22.16535],[113.58639,22.16573],[113.58674,22.16572],[113.58704,22.16558],[113.58721,22.1655],[113.5874,22.16531],[113.59192,22.15296],[113.59825,22.13598],[113.59835,22.13555],[113.5981,22.13498],[113.59788,22.13476],[113.59677,22.13439],[113.59585,22.13408],[113.59567,22.13405],[113.59552,22.13403],[113.59521,22.13403],[113.59478,22.13428],[113.59448,22.13455],[113.59437,22.13495],[113.59046,22.14559],[113.59036,22.14582],[113.59024,22.14608],[113.58994,22.14613],[113.58988,22.14605],[113.58985,22.14608],[113.58974,22.14622],[113.58973,22.14622],[113.58964,22.14631],[113.58963,22.14634],[113.58946,22.14691],[113.58937,22.1472],[113.58958,22.14751],[113.57674,22.15544],[113.5766,22.15539],[113.57665,22.15534],[113.57664,22.15521],[113.57556,22.15429],[113.57106,22.15234],[113.56975,22.15449],[113.56972,22.15459],[113.57094,22.15518],[113.57082,22.15544],[113.57091,22.15553],[113.57084,22.15567],[113.57093,22.15569],[113.57098,22.15559],[113.57101,22.15566],[113.57197,22.15611],[113.57179,22.15642],[113.57222,22.15662],[113.57241,22.15627],[113.57253,22.15633],[113.57248,22.15642],[113.57257,22.15647],[113.57263,22.15637],[113.57352,22.1568],[113.57337,22.15708],[113.57378,22.15727],[113.57367,22.15748],[113.57428,22.158],[113.57465,22.15872],[113.57478,22.15869],[113.57486,22.15893],[113.57496,22.15904],[113.5752,22.15897],[113.57527,22.15919],[113.57558,22.1591],[113.57586,22.16005],[113.57517,22.16025],[113.57485,22.16018],[113.57449,22.16076],[113.57402,22.16135],[113.57363,22.16224],[113.57363,22.1626],[113.57375,22.16272],[113.57397,22.16273],[113.57506,22.16247],[113.57509,22.16258],[113.57531,22.16258],[113.57873,22.16175],[113.57886,22.1615],[113.58504,22.16347],[113.5848,22.16412],[113.5847,22.16453]],[[113.58993,22.1482],[113.58996,22.14823],[113.59005,22.14821],[113.59042,22.14878],[113.58953,22.15121],[113.5856,22.16195],[113.58348,22.16234],[113.58304,22.16238],[113.58256,22.16227],[113.57903,22.16115],[113.57904,22.16099],[113.57844,22.15886],[113.5781,22.15764],[113.57796,22.1573],[113.57786,22.15704],[113.57752,22.15643],[113.57741,22.15623],[113.57766,22.15608],[113.5778,22.15599],[113.57816,22.15593],[113.57816,22.15592],[113.57829,22.15556],[113.57827,22.15553],[113.57823,22.15545],[113.57821,22.15544],[113.57796,22.15537],[113.57774,22.15553],[113.5777,22.15556],[113.57755,22.1558],[113.57753,22.15582],[113.57722,22.15602],[113.57702,22.15572],[113.5898,22.14784],[113.58995,22.14806],[113.58989,22.14814],[113.58993,22.1482]],[[113.58442,22.1627],[113.58539,22.16252],[113.58522,22.16296],[113.58442,22.1627]]]}},{"type":"Feature","properties":{"layer":"runway"},"geometry":{"type":"Polygon","coordinates":[[[113.59217,22.14666],[113.5859,22.16367],[113.58632,22.16381],[113.58746,22.16071],[113.59575,22.13821],[113.5969,22.13508],[113.59649,22.13495],[113.59217,22.14666]]]}},{"type":"Feature","properties":{"layer":"water"},"geometry":{"type":"MultiPolygon","coordinates":[[[[113.49166,22.09742],[113.49173,22.09722],[113.49166,22.09718],[113.49162,22.09722],[113.49161,22.09732],[113.49112,22.09734],[113.49014,22.09722],[113.49004,22.09718],[113.48993,22.09719],[113.48987,22.09716],[113.48912,22.09708],[113.489,22.09706],[113.48897,22.09701],[113.48868,22.09703],[113.48857,22.097],[113.4878,22.09693],[113.48771,22.09687],[113.4876,22.09668],[113.4874,22.09648],[113.48711,22.09636],[113.48681,22.0963],[113.48656,22.09639],[113.48643,22.09634],[113.48629,22.09645],[113.48616,22.09647],[113.48606,22.09647],[113.48587,22.0964],[113.48576,22.09641],[113.48573,22.09646],[113.48613,22.09655],[113.48622,22.09653],[113.48635,22.0966],[113.48644,22.09655],[113.48658,22.09658],[113.48662,22.09655],[113.48661,22.09649],[113.48675,22.09645],[113.48715,22.0965],[113.4874,22.09656],[113.48752,22.09664],[113.48772,22.09691],[113.48764,22.09695],[113.48729,22.09692],[113.48713,22.09686],[113.4868,22.09683],[113.48,22.09557],[113.48,22.09568],[113.48281,22.09624],[113.4865,22.09684],[113.48669,22.09685],[113.48754,22.09702],[113.48773,22.09702],[113.48894,22.09717],[113.48911,22.09715],[113.48929,22.09721],[113.4897,22.09727],[113.4898,22.09724],[113.49012,22.09732],[113.49014,22.09737],[113.4902,22.09737],[113.4902,22.09731],[113.49156,22.09747],[113.49316,22.09759],[113.49561,22.09773],[113.50045,22.09784],[113.50185,22.09784],[113.50184,22.09787],[113.50189,22.09784],[113.50184,22.0978],[113.49609,22.09769],[113.49608,22.09765],[113.49603,22.09764],[113.49597,22.0977],[113.49436,22.09762],[113.49166,22.09742]]],[[[113.48132,22.09689],[113.48,22.09688],[113.48,22.09692],[113.48142,22.09695],[113.48221,22.09703],[113.48305,22.09697],[113.48305,22.09694],[113.48228,22.09699],[113.48132,22.09689]]],[[[113.48584,22.11003],[113.48616,22.11002],[113.48626,22.11013],[113.48608,22.1104],[113.48621,22.11064],[113.48644,22.11073],[113.48653,22.11096],[113.48701,22.11143],[113.48726,22.11157],[113.48733,22.11178],[113.48757,22.11175],[113.48751,22.11147],[113.48827,22.11138],[113.48869,22.11164],[113.48896,22.11153],[113.48932,22.11164],[113.48965,22.11196],[113.49021,22.11211],[113.49087,22.11212],[113.49134,22.11207],[113.49171,22.11186],[113.49204,22.11186],[113.49223,22.11196],[113.49295,22.11221],[113.49173,22.1116],[113.49159,22.1113],[113.49142,22.11167],[113.49061,22.11165],[113.49057,22.11153],[113.49008,22.11136],[113.4895,22.11087],[113.48953,22.11056],[113.48926,22.11067],[113.48892,22.11044],[113.48888,22.11005],[113.4887,22.10982],[113.48863,22.11003],[113.48818,22.10983],[113.48767,22.10918],[113.48735,22.10861],[113.48733,22.10922],[113.48724,22.10965],[113.48639,22.10936],[113.48621,22.10854],[113.48609,22.10858],[113.48608,22.10886],[113.48593,22.10899],[113.48525,22.10907],[113.48472,22.10891],[113.48427,22.10804],[113.48402,22.10815],[113.48437,22.10886],[113.48442,22.10908],[113.48428,22.10924],[113.48436,22.10945],[113.48454,22.10934],[113.48498,22.10947],[113.48531,22.10974],[113.48551,22.10995],[113.48542,22.11014],[113.48536,22.11044],[113.48553,22.11032],[113.48575,22.11033],[113.48584,22.11003]]],[[[113.48826,22.11453],[113.48836,22.11466],[113.4884,22.11495],[113.4886,22.11526],[113.48867,22.11528],[113.48892,22.11561],[113.48899,22.11566],[113.48908,22.11563],[113.48917,22.11565],[113.48957,22.11594],[113.48962,22.11601],[113.48967,22.11611],[113.48969,22.11638],[113.48978,22.11673],[113.48976,22.11682],[113.48989,22.11689],[113.4899,22.11693],[113.48997,22.11695],[113.48999,22.11699],[113.49001,22.11735],[113.4905,22.11751],[113.49125,22.11759],[113.4919,22.1178],[113.49198,22.11779],[113.49241,22.11791],[113.49292,22.118],[113.49336,22.11814],[113.49338,22.11819],[113.49351,22.11825],[113.49356,22.11807],[113.49184,22.11767],[113.49119,22.11747],[113.49065,22.11741],[113.49012,22.1173],[113.49009,22.11697],[113.49001,22.11674],[113.48983,22.11668],[113.48973,22.11644],[113.48971,22.11611],[113.48966,22.11593],[113.48882,22.11541],[113.4887,22.1152],[113.48857,22.11514],[113.48844,22.11496],[113.48838,22.11462],[113.48831,22.11456],[113.48825,22.11412],[113.48831,22.11385],[113.48824,22.11353],[113.48791,22.11278],[113.48781,22.11264],[113.48779,22.11253],[113.48772,22.11247],[113.48763,22.11199],[113.4876,22.11194],[113.48746,22.11197],[113.48755,22.11223],[113.4876,22.11224],[113.48767,22.11243],[113.48778,22.11254],[113.48779,22.11268],[113.48787,22.11278],[113.48822,22.11355],[113.48826,22.11381],[113.48823,22.11407],[113.48827,22.11444],[113.48826,22.11453]]],[[[113.50187,22.11637],[113.50236,22.11646],[113.50271,22.11645],[113.50286,22.11631],[113.5029,22.11607],[113.50285,22.11597],[113.50245,22.11581],[113.50229,22.11565],[113.50203,22.11557],[113.50187,22.11567],[113.50179,22.11597],[113.50177,22.11622],[113.50187,22.11637]]],[[[113.50312,22.11717],[113.50316,22.11717],[113.50315,22.11702],[113.50304,22.11702],[113.50301,22.11732],[113.50281,22.11773],[113.50283,22.1179],[113.50287,22.11797],[113.50282,22.11801],[113.50287,22.1181],[113.50284,22.11812],[113.50287,22.11825],[113.50284,22.11839],[113.50275,22.11853],[113.50276,22.11858],[113.50289,22.11844],[113.50293,22.11828],[113.50291,22.11816],[113.50296,22.11813],[113.50291,22.11804],[113.50298,22.11798],[113.50288,22.11779],[113.50303,22.11758],[113.50309,22.11742],[113.50312,22.11717]]],[[[113.50104,22.11602],[113.50079,22.11654],[113.50049,22.11661],[113.50028,22.11659],[113.49958,22.11622],[113.49933,22.1162],[113.4991,22.11626],[113.49889,22.11637],[113.4988,22.11647],[113.49861,22.11679],[113.49848,22.11711],[113.49848,22.11745],[113.49851,22.11757],[113.49866,22.11787],[113.49876,22.11827],[113.49916,22.11889],[113.49944,22.11908],[113.49955,22.11923],[113.50002,22.11942],[113.50202,22.11984],[113.50205,22.11988],[113.50344,22.12018],[113.50337,22.12037],[113.50356,22.12042],[113.50356,22.12013],[113.50352,22.1201],[113.50351,22.12002],[113.50358,22.11976],[113.50366,22.11967],[113.50375,22.11966],[113.50507,22.11998],[113.50516,22.11995],[113.50518,22.1199],[113.50525,22.11967],[113.50537,22.11961],[113.50614,22.11978],[113.50626,22.11973],[113.50634,22.11963],[113.50672,22.1184],[113.50681,22.11832],[113.50689,22.11833],[113.50705,22.11842],[113.50933,22.12011],[113.50968,22.12025],[113.50927,22.12179],[113.50923,22.12185],[113.51006,22.12231],[113.51008,22.12239],[113.5102,22.12244],[113.51023,22.1224],[113.51026,22.12235],[113.51018,22.12226],[113.50984,22.12209],[113.5097,22.12194],[113.50949,22.12187],[113.50937,22.1218],[113.5098,22.11999],[113.50973,22.12004],[113.50969,22.12019],[113.50951,22.12013],[113.50911,22.11991],[113.50586,22.11744],[113.50578,22.11741],[113.50523,22.11706],[113.50525,22.117],[113.50519,22.11694],[113.50502,22.11686],[113.50497,22.11691],[113.50486,22.11685],[113.50512,22.11677],[113.50509,22.11674],[113.50486,22.11681],[113.50443,22.11674],[113.50437,22.11669],[113.50433,22.11659],[113.50367,22.11616],[113.50362,22.11608],[113.50358,22.11609],[113.50324,22.11586],[113.5032,22.11591],[113.50421,22.11659],[113.50437,22.11675],[113.50483,22.11688],[113.50554,22.11728],[113.50618,22.11773],[113.50673,22.11821],[113.50626,22.11966],[113.50612,22.11972],[113.50544,22.11955],[113.50532,22.11956],[113.50524,22.11959],[113.50519,22.11965],[113.50511,22.1199],[113.50507,22.1199],[113.50381,22.11963],[113.50367,22.11963],[113.50355,22.11971],[113.50347,22.12002],[113.50344,22.12006],[113.50338,22.12007],[113.50015,22.11934],[113.49976,22.11907],[113.49943,22.119],[113.49927,22.11892],[113.49884,22.11831],[113.49872,22.11786],[113.49855,22.1175],[113.49854,22.11713],[113.49878,22.1166],[113.49888,22.11646],[113.49898,22.11638],[113.49919,22.11628],[113.49941,22.11625],[113.49956,22.11627],[113.50027,22.11664],[113.50049,22.11667],[113.50082,22.11659],[113.50087,22.11653],[113.50109,22.11605],[113.50144,22.11563],[113.5018,22.11508],[113.50207,22.11493],[113.50219,22.11505],[113.50225,22.11506],[113.50242,22.11498],[113.50243,22.11486],[113.50239,22.11472],[113.50231,22.11471],[113.50216,22.11477],[113.50176,22.11503],[113.50133,22.11569],[113.50104,22.11602]]],[[[113.48107,22.12308],[113.48224,22.1171],[113.48618,22.11777],[113.48621,22.11764],[113.48,22.11656],[113.48,22.11673],[113.48007,22.11671],[113.4821,22.11707],[113.48092,22.12306],[113.48107,22.12308]]],[[[113.49566,22.11976],[113.49577,22.11975],[113.49889,22.12044],[113.49892,22.12032],[113.49604,22.11966],[113.49557,22.11959],[113.49522,22.1195],[113.49488,22.11933],[113.49423,22.1192],[113.49366,22.11912],[113.49028,22.11841],[113.4902,22.11842],[113.4893,22.123],[113.48945,22.12304],[113.49031,22.11864],[113.49037,22.11859],[113.49536,22.11966],[113.49543,22.11972],[113.49544,22.11978],[113.49559,22.11981],[113.49566,22.11976]]],[[[113.49493,22.12144],[113.49492,22.12175],[113.49509,22.12178],[113.49516,22.12168],[113.49536,22.12076],[113.49531,22.12077],[113.4951,22.12119],[113.49498,22.12116],[113.49493,22.12144]]],[[[113.48802,22.12939],[113.48621,22.12872],[113.48451,22.12814],[113.48447,22.12805],[113.48483,22.12606],[113.48467,22.12601],[113.48433,22.12801],[113.48427,22.12806],[113.48412,22.12804],[113.48257,22.12775],[113.48253,22.12787],[113.48355,22.12803],[113.48431,22.12824],[113.48474,22.1283],[113.48525,22.12852],[113.49189,22.13094],[113.49182,22.13077],[113.4882,22.12943],[113.4882,22.12931],[113.4886,22.12752],[113.48843,22.12742],[113.48802,22.12939]]],[[[113.48423,22.12899],[113.48424,22.12892],[113.48365,22.12883],[113.48359,22.12889],[113.48362,22.12894],[113.48387,22.129],[113.48389,22.12907],[113.48365,22.1301],[113.48347,22.13163],[113.48353,22.13171],[113.4837,22.13173],[113.48389,22.13188],[113.48386,22.13179],[113.48377,22.13171],[113.48373,22.1316],[113.48376,22.13132],[113.48386,22.13088],[113.48384,22.13072],[113.48376,22.13059],[113.48373,22.13041],[113.48382,22.13003],[113.48389,22.13],[113.48385,22.12966],[113.48394,22.12934],[113.4841,22.12904],[113.48423,22.12899]]],[[[113.48135,22.13381],[113.48135,22.13366],[113.48079,22.13381],[113.48135,22.13381]]],[[[113.48,22.13389],[113.48067,22.13386],[113.48066,22.13369],[113.48,22.13386],[113.48,22.13389]]],[[[113.50876,22.13689],[113.50947,22.13519],[113.50936,22.13514],[113.5086,22.13684],[113.50876,22.13689]]],[[[113.50498,22.13735],[113.50532,22.13661],[113.50514,22.13666],[113.50489,22.13719],[113.50487,22.13724],[113.50505,22.13745],[113.50498,22.13735]]],[[[113.48909,22.13613],[113.48873,22.13602],[113.48859,22.13593],[113.48844,22.13577],[113.48798,22.13555],[113.48782,22.13556],[113.48777,22.13567],[113.48777,22.13584],[113.48817,22.13593],[113.4885,22.13605],[113.48853,22.13602],[113.48901,22.13618],[113.48902,22.13628],[113.48909,22.13637],[113.48929,22.13643],[113.48942,22.13641],[113.48951,22.13634],[113.48959,22.1362],[113.48986,22.13548],[113.48993,22.13547],[113.49194,22.13626],[113.49196,22.13631],[113.49182,22.13676],[113.49167,22.13742],[113.4916,22.13798],[113.49146,22.13965],[113.49154,22.14092],[113.49168,22.14094],[113.49163,22.1398],[113.49164,22.13906],[113.4918,22.1376],[113.49194,22.1369],[113.49216,22.13623],[113.4891,22.13506],[113.48806,22.13469],[113.48804,22.13477],[113.48975,22.13539],[113.48973,22.13549],[113.48946,22.13609],[113.4894,22.13614],[113.48909,22.13613]]],[[[113.50853,22.14436],[113.50786,22.14333],[113.5078,22.14332],[113.50852,22.14439],[113.50869,22.14452],[113.50885,22.14455],[113.50899,22.1445],[113.50911,22.1444],[113.50926,22.1442],[113.50933,22.1439],[113.50945,22.14359],[113.50958,22.14354],[113.51011,22.14361],[113.51025,22.14353],[113.51029,22.14344],[113.51071,22.14011],[113.51091,22.13892],[113.51084,22.13888],[113.51061,22.14005],[113.51021,22.14341],[113.51013,22.14349],[113.50963,22.14344],[113.50946,22.14346],[113.50938,22.14354],[113.50911,22.14421],[113.50912,22.14432],[113.50909,22.14439],[113.50896,22.14448],[113.50886,22.14451],[113.50864,22.14445],[113.50853,22.14436]]],[[[113.49503,22.14373],[113.49502,22.144],[113.49574,22.14384],[113.49581,22.14377],[113.49503,22.14373]]],[[[113.48078,22.14531],[113.48096,22.1455],[113.48114,22.14553],[113.48139,22.14548],[113.48139,22.14536],[113.48134,22.14522],[113.48128,22.14518],[113.48098,22.1451],[113.48087,22.14496],[113.48067,22.14486],[113.4805,22.1449],[113.48042,22.14498],[113.48047,22.14512],[113.48061,22.14526],[113.48078,22.14531]]],[[[113.49204,22.14539],[113.49209,22.1457],[113.4922,22.14596],[113.49263,22.14663],[113.49266,22.14679],[113.49267,22.14725],[113.49282,22.14724],[113.49285,22.14692],[113.4928,22.14664],[113.49267,22.14639],[113.49233,22.14586],[113.49221,22.14549],[113.49222,22.14519],[113.4924,22.14464],[113.4924,22.1444],[113.49211,22.1433],[113.49196,22.14335],[113.49223,22.14451],[113.49205,22.14515],[113.49204,22.14539]]],[[[113.48957,22.14575],[113.48959,22.14585],[113.48967,22.14595],[113.48994,22.14602],[113.49012,22.14562],[113.48971,22.14548],[113.48957,22.14575]]],[[[113.48286,22.14626],[113.48,22.14551],[113.48,22.14587],[113.48057,22.14604],[113.48276,22.1466],[113.48286,22.14626]]],[[[113.50893,22.15101],[113.5088,22.15127],[113.50936,22.15155],[113.50947,22.15155],[113.50954,22.15136],[113.50941,22.15126],[113.50931,22.1511],[113.50911,22.15091],[113.50909,22.15084],[113.50912,22.15077],[113.5092,22.15074],[113.50927,22.15076],[113.50948,22.15063],[113.50951,22.15059],[113.50947,22.15047],[113.50953,22.15036],[113.50971,22.15035],[113.50961,22.14949],[113.50892,22.14928],[113.5087,22.14932],[113.50831,22.14951],[113.50838,22.14994],[113.50833,22.15004],[113.50823,22.1501],[113.50817,22.15008],[113.50812,22.15011],[113.5081,22.15027],[113.50803,22.15034],[113.50803,22.1504],[113.50796,22.15042],[113.50798,22.1505],[113.50817,22.15042],[113.50858,22.15041],[113.50865,22.15047],[113.50881,22.15094],[113.50893,22.15101]],[[113.50924,22.15033],[113.50917,22.1503],[113.50921,22.15012],[113.50916,22.15005],[113.50906,22.15002],[113.50899,22.14993],[113.5089,22.14998],[113.50884,22.14998],[113.50875,22.14983],[113.50898,22.14941],[113.50949,22.14963],[113.50955,22.15024],[113.50924,22.15033]]],[[[113.50832,22.15057],[113.50815,22.15059],[113.50806,22.15072],[113.50808,22.15087],[113.50822,22.15096],[113.50838,22.15093],[113.50848,22.15081],[113.50845,22.15066],[113.50832,22.15057]]],[[[113.5063,22.15094],[113.50648,22.15085],[113.5065,22.15078],[113.50646,22.15075],[113.50615,22.15075],[113.50598,22.15069],[113.50591,22.15071],[113.50589,22.15078],[113.50598,22.15088],[113.5063,22.15094]]],[[[113.49954,22.15053],[113.49943,22.15056],[113.49935,22.15067],[113.49919,22.15068],[113.49905,22.15085],[113.49904,22.15105],[113.49901,22.15111],[113.4991,22.15115],[113.49915,22.15106],[113.49913,22.15088],[113.49927,22.15074],[113.49947,22.15071],[113.49954,22.15053]]],[[[113.49873,22.15215],[113.49882,22.15205],[113.49887,22.15174],[113.49903,22.15148],[113.49903,22.15143],[113.49887,22.15144],[113.49883,22.15151],[113.49873,22.15157],[113.49855,22.15209],[113.49873,22.15215]]],[[[113.49855,22.14988],[113.50118,22.15061],[113.50338,22.15131],[113.50435,22.15166],[113.50452,22.15167],[113.50605,22.15221],[113.50607,22.15226],[113.50443,22.15598],[113.50453,22.15602],[113.50616,22.15236],[113.50621,22.15229],[113.50653,22.15237],[113.50724,22.15261],[113.50758,22.15266],[113.50901,22.15312],[113.50997,22.15347],[113.51041,22.15356],[113.51076,22.15372],[113.51078,22.15363],[113.5104,22.15347],[113.51003,22.15339],[113.50739,22.15253],[113.50714,22.15249],[113.50451,22.15159],[113.50412,22.15149],[113.5006,22.15036],[113.50038,22.15032],[113.49982,22.15007],[113.49776,22.14952],[113.49731,22.14948],[113.49636,22.14913],[113.4953,22.14885],[113.49352,22.14844],[113.49271,22.1482],[113.49261,22.14828],[113.49255,22.14862],[113.49194,22.15016],[113.49138,22.15196],[113.49149,22.152],[113.49208,22.15025],[113.49263,22.14891],[113.49278,22.14843],[113.49283,22.14839],[113.49441,22.14873],[113.49683,22.14939],[113.49752,22.14963],[113.49774,22.14962],[113.49855,22.14988]]],[[[113.49798,22.15331],[113.49821,22.15314],[113.49822,22.15304],[113.49813,22.15302],[113.4981,22.15311],[113.49804,22.15315],[113.49786,22.15315],[113.49773,22.15347],[113.49788,22.1536],[113.49798,22.15351],[113.49796,22.1534],[113.49798,22.15331]]],[[[113.50665,22.15375],[113.50654,22.1539],[113.50638,22.15402],[113.50627,22.15423],[113.50612,22.1543],[113.50612,22.15437],[113.50619,22.15446],[113.5063,22.1545],[113.50641,22.15447],[113.50648,22.15438],[113.50649,22.1542],[113.50655,22.1541],[113.50682,22.15399],[113.50694,22.15387],[113.50693,22.15376],[113.50675,22.15359],[113.50673,22.15336],[113.50665,22.15332],[113.5066,22.15354],[113.50666,22.15368],[113.50665,22.15375]]],[[[113.50558,22.15559],[113.50556,22.15569],[113.50549,22.15576],[113.50554,22.15585],[113.50543,22.15599],[113.50549,22.15605],[113.50556,22.15605],[113.5056,22.156],[113.50577,22.15602],[113.5058,22.15591],[113.50579,22.15571],[113.50596,22.15556],[113.50597,22.15545],[113.50591,22.1554],[113.50586,22.1554],[113.50576,22.15555],[113.50558,22.15559]]],[[[113.5,22.1652],[113.49995,22.16506],[113.49982,22.165],[113.49973,22.16502],[113.49968,22.16508],[113.49979,22.16517],[113.49963,22.16521],[113.49961,22.16527],[113.49964,22.16536],[113.49952,22.16539],[113.49949,22.16548],[113.49955,22.16554],[113.49976,22.1655],[113.4998,22.16545],[113.49979,22.16537],[113.49994,22.1653],[113.5,22.1652]]],[[[113.50335,22.17443],[113.50287,22.17495],[113.50285,22.17511],[113.50337,22.1754],[113.50353,22.17542],[113.50374,22.17532],[113.50412,22.17478],[113.50476,22.17368],[113.50473,22.17361],[113.5042,22.17327],[113.50403,22.1733],[113.50392,22.17354],[113.50335,22.17443]]],[[[113.48256,22.1913],[113.48248,22.19094],[113.48205,22.19072],[113.48195,22.19016],[113.48182,22.18998],[113.48158,22.18993],[113.48158,22.18961],[113.48175,22.18933],[113.48198,22.18934],[113.4827,22.19002],[113.48248,22.18948],[113.48236,22.18928],[113.48216,22.18919],[113.48208,22.18878],[113.48199,22.18867],[113.48175,22.18859],[113.48159,22.18842],[113.48151,22.18802],[113.48124,22.18781],[113.48117,22.18758],[113.48092,22.18726],[113.48073,22.18717],[113.48066,22.18701],[113.48073,22.18681],[113.48065,22.18665],[113.48041,22.18655],[113.48021,22.18671],[113.48007,22.18665],[113.48004,22.18642],[113.48,22.1864],[113.48,22.18949],[113.48019,22.19001],[113.48061,22.19011],[113.48142,22.1909],[113.4815,22.19107],[113.48189,22.19121],[113.48194,22.19132],[113.48223,22.19132],[113.48235,22.19148],[113.48232,22.1923],[113.48258,22.19153],[113.48283,22.19128],[113.48256,22.1913]]],[[[113.48582,22.21607],[113.48605,22.21589],[113.48621,22.21587],[113.48629,22.21583],[113.48634,22.21587],[113.48649,22.21586],[113.48663,22.21595],[113.48671,22.21606],[113.4867,22.21613],[113.48689,22.21615],[113.48703,22.21596],[113.48707,22.21595],[113.48708,22.21583],[113.48714,22.21579],[113.48731,22.21576],[113.48743,22.21582],[113.48768,22.21565],[113.48794,22.21567],[113.48828,22.21615],[113.48834,22.21619],[113.48836,22.21611],[113.48852,22.21602],[113.48862,22.21581],[113.4888,22.21575],[113.48898,22.2158],[113.48934,22.21573],[113.48961,22.21578],[113.48977,22.21565],[113.48998,22.21562],[113.49003,22.21552],[113.49031,22.21551],[113.49047,22.21542],[113.49067,22.21549],[113.49072,22.21557],[113.49097,22.21551],[113.49112,22.21527],[113.49129,22.21525],[113.49142,22.21492],[113.49138,22.21465],[113.49107,22.21428],[113.49108,22.21416],[113.49102,22.21401],[113.49095,22.21401],[113.49088,22.21382],[113.49101,22.21378],[113.49115,22.21367],[113.49111,22.21362],[113.49095,22.21367],[113.49083,22.21361],[113.49092,22.21345],[113.49081,22.21342],[113.49077,22.21355],[113.49066,22.21351],[113.49047,22.21361],[113.49033,22.21339],[113.48988,22.21344],[113.48975,22.21328],[113.48968,22.21332],[113.48922,22.21293],[113.48901,22.21282],[113.48864,22.21298],[113.48866,22.21308],[113.4885,22.21321],[113.48838,22.21311],[113.48825,22.21319],[113.48813,22.21312],[113.488,22.21317],[113.48823,22.21328],[113.48821,22.21336],[113.48811,22.21335],[113.48791,22.2135],[113.48781,22.21337],[113.48762,22.21337],[113.48758,22.21329],[113.48777,22.21329],[113.48783,22.21318],[113.48751,22.21309],[113.48731,22.2128],[113.48751,22.21269],[113.48745,22.21263],[113.48732,22.21265],[113.48733,22.21246],[113.48747,22.21248],[113.48743,22.21238],[113.4876,22.2122],[113.48754,22.21213],[113.48738,22.21231],[113.48682,22.21215],[113.48668,22.2119],[113.48696,22.212],[113.48688,22.21155],[113.48654,22.21154],[113.48657,22.21137],[113.48649,22.21134],[113.4864,22.21158],[113.48615,22.21153],[113.48607,22.21166],[113.48591,22.21157],[113.48544,22.21161],[113.48527,22.21171],[113.48516,22.21209],[113.48507,22.21193],[113.48477,22.21207],[113.48457,22.2121],[113.48432,22.21229],[113.48426,22.2125],[113.48408,22.21251],[113.48392,22.21266],[113.48396,22.21288],[113.48376,22.21298],[113.48393,22.21326],[113.48379,22.21333],[113.48332,22.2133],[113.48319,22.21319],[113.48297,22.21322],[113.48277,22.2131],[113.48265,22.21321],[113.48269,22.21339],[113.48294,22.21375],[113.48292,22.21392],[113.48296,22.21412],[113.48304,22.21424],[113.48304,22.21432],[113.48286,22.21446],[113.48262,22.21458],[113.48261,22.21471],[113.48249,22.21497],[113.48243,22.21502],[113.48227,22.21499],[113.48218,22.2151],[113.48215,22.21532],[113.48224,22.21548],[113.48352,22.21629],[113.48384,22.2164],[113.4842,22.21644],[113.48515,22.21638],[113.48535,22.21612],[113.48544,22.21608],[113.48562,22.21605],[113.48582,22.21607]]],[[[113.48023,22.21419],[113.48018,22.21391],[113.48008,22.21409],[113.48,22.21414],[113.48,22.21442],[113.48019,22.21446],[113.48029,22.21441],[113.48023,22.21419]]],[[[113.49158,22.21703],[113.4914,22.2171],[113.49157,22.2174],[113.49163,22.21744],[113.49166,22.21756],[113.49171,22.21755],[113.4918,22.2176],[113.49201,22.21759],[113.49199,22.21736],[113.49183,22.21736],[113.49167,22.21728],[113.49158,22.21703]]],[[[113.50344,22.22607],[113.50347,22.22585],[113.50343,22.22583],[113.50331,22.22585],[113.50321,22.22609],[113.5032,22.22619],[113.50325,22.22623],[113.50338,22.22619],[113.5034,22.22609],[113.50344,22.22607]]],[[[113.50333,22.2268],[113.50331,22.2269],[113.50327,22.22693],[113.50319,22.22692],[113.50316,22.22695],[113.50318,22.22703],[113.50311,22.227],[113.50307,22.22706],[113.50302,22.22704],[113.50299,22.22708],[113.50291,22.22709],[113.50302,22.22721],[113.50308,22.22723],[113.50352,22.22693],[113.50358,22.22701],[113.50311,22.22728],[113.50311,22.22735],[113.50314,22.22738],[113.50368,22.22704],[113.50363,22.2268],[113.50333,22.2268]]],[[[113.4825,22.22944],[113.48189,22.22959],[113.48184,22.22947],[113.4813,22.22948],[113.48116,22.22939],[113.48117,22.2293],[113.4811,22.22928],[113.48104,22.22906],[113.48072,22.22905],[113.48055,22.2291],[113.48,22.22903],[113.48,22.22976],[113.48078,22.22997],[113.4807,22.23089],[113.48061,22.231],[113.48,22.23143],[113.48,22.2336],[113.48201,22.23241],[113.48257,22.23196],[113.4829,22.23174],[113.4834,22.23168],[113.48496,22.23129],[113.4858,22.23123],[113.48664,22.23112],[113.48677,22.23121],[113.48729,22.23096],[113.48737,22.23097],[113.48754,22.23101],[113.48766,22.23111],[113.48847,22.2314],[113.48849,22.2315],[113.48896,22.23225],[113.489,22.23243],[113.48955,22.23328],[113.48975,22.23324],[113.48979,22.23333],[113.48981,22.23331],[113.48988,22.23337],[113.48987,22.23328],[113.48939,22.23258],[113.48935,22.23243],[113.4891,22.23212],[113.48878,22.23151],[113.4904,22.23177],[113.49154,22.23207],[113.49206,22.23214],[113.49242,22.23251],[113.49439,22.23349],[113.49474,22.23347],[113.49493,22.23353],[113.49539,22.23352],[113.49588,22.23373],[113.49625,22.23375],[113.49648,22.23388],[113.49643,22.23405],[113.49687,22.23434],[113.49694,22.23461],[113.49795,22.235],[113.50236,22.235],[113.50195,22.23494],[113.50171,22.23476],[113.49982,22.23393],[113.49951,22.23383],[113.49736,22.23286],[113.4969,22.23306],[113.49668,22.23281],[113.49566,22.23238],[113.49542,22.23199],[113.49549,22.23176],[113.49534,22.23169],[113.49519,22.2319],[113.49166,22.23031],[113.49132,22.23027],[113.49068,22.22994],[113.49026,22.22956],[113.48971,22.22931],[113.48935,22.22931],[113.48866,22.22957],[113.48831,22.22961],[113.48782,22.22953],[113.48768,22.22941],[113.48733,22.22947],[113.48706,22.2294],[113.48687,22.22946],[113.48645,22.2293],[113.48641,22.22944],[113.48631,22.22943],[113.48629,22.22932],[113.48519,22.22928],[113.48475,22.22946],[113.48312,22.22952],[113.48301,22.22942],[113.48288,22.22953],[113.48284,22.22948],[113.48287,22.22942],[113.4825,22.22944]]],[[[113.52947,22.09779],[113.52939,22.0979],[113.52958,22.09832],[113.52972,22.09829],[113.52976,22.09813],[113.52988,22.09809],[113.52993,22.09792],[113.52994,22.09766],[113.52982,22.09756],[113.52971,22.09761],[113.52968,22.0977],[113.52959,22.09778],[113.52961,22.09794],[113.5295,22.09796],[113.52947,22.09779]]],[[[113.52011,22.09791],[113.52016,22.098],[113.52,22.09808],[113.52006,22.09813],[113.52031,22.09813],[113.52039,22.09798],[113.52049,22.098],[113.52055,22.09817],[113.52082,22.09826],[113.521,22.09848],[113.5211,22.09854],[113.5213,22.09882],[113.52129,22.0989],[113.52122,22.09894],[113.52129,22.09916],[113.52147,22.09921],[113.52166,22.09922],[113.52174,22.09927],[113.52176,22.09923],[113.52211,22.09919],[113.52227,22.0992],[113.52272,22.0995],[113.52304,22.09964],[113.52335,22.09971],[113.52446,22.09973],[113.52461,22.09978],[113.5247,22.0999],[113.52479,22.10029],[113.52546,22.10147],[113.52545,22.10157],[113.52531,22.10176],[113.52524,22.10199],[113.52512,22.10225],[113.52512,22.10231],[113.52519,22.10242],[113.52826,22.1035],[113.52865,22.10362],[113.53026,22.10427],[113.53465,22.10627],[113.53554,22.10664],[113.5385,22.10796],[113.53943,22.10841],[113.54055,22.10905],[113.54083,22.10926],[113.54182,22.10985],[113.54405,22.11108],[113.54457,22.11147],[113.54491,22.11181],[113.54525,22.11225],[113.54545,22.11258],[113.54563,22.11302],[113.5458,22.11314],[113.54579,22.1129],[113.54572,22.11266],[113.54532,22.11203],[113.54503,22.11166],[113.54421,22.11099],[113.54012,22.10869],[113.53824,22.10768],[113.53798,22.10759],[113.53473,22.10612],[113.52888,22.1036],[113.5283,22.10337],[113.52526,22.10235],[113.52545,22.10182],[113.52551,22.10155],[113.5255,22.10129],[113.5251,22.10063],[113.52493,22.10031],[113.52487,22.10018],[113.52481,22.09987],[113.52471,22.0997],[113.52453,22.09962],[113.52353,22.09964],[113.5231,22.09958],[113.52281,22.09947],[113.52241,22.0992],[113.52229,22.09916],[113.52208,22.09914],[113.52188,22.09918],[113.52179,22.0991],[113.52174,22.0991],[113.52225,22.09764],[113.52193,22.09713],[113.5218,22.09706],[113.5217,22.09705],[113.52162,22.09717],[113.52172,22.09729],[113.52149,22.09755],[113.52128,22.09736],[113.52087,22.09747],[113.5208,22.09754],[113.52084,22.09759],[113.52041,22.09771],[113.51998,22.09775],[113.51983,22.09784],[113.51983,22.09796],[113.52011,22.09791]]],[[[113.53084,22.10068],[113.53096,22.10061],[113.53106,22.10038],[113.53104,22.10029],[113.53085,22.10017],[113.53074,22.09989],[113.53077,22.09971],[113.5302,22.09944],[113.53015,22.09956],[113.53009,22.09959],[113.5299,22.09954],[113.52943,22.09959],[113.52937,22.09954],[113.52936,22.09947],[113.52926,22.09949],[113.52918,22.09955],[113.52919,22.09961],[113.52903,22.09975],[113.52897,22.09994],[113.52903,22.10001],[113.52903,22.10017],[113.52878,22.10034],[113.52868,22.10021],[113.52867,22.10039],[113.52843,22.10046],[113.5284,22.10053],[113.52784,22.10082],[113.52756,22.10082],[113.52753,22.10092],[113.52742,22.10093],[113.52743,22.10099],[113.52754,22.10095],[113.52758,22.10102],[113.52784,22.10094],[113.52782,22.10089],[113.52883,22.10056],[113.52884,22.10044],[113.52917,22.10029],[113.5293,22.10027],[113.52942,22.10028],[113.52965,22.10052],[113.52979,22.10061],[113.53026,22.10059],[113.53045,22.10064],[113.53065,22.1006],[113.53073,22.10066],[113.53084,22.10068]]],[[[113.52891,22.101],[113.529,22.10086],[113.52862,22.10078],[113.52851,22.10086],[113.52847,22.10105],[113.52853,22.10112],[113.52853,22.1009],[113.52859,22.10084],[113.5287,22.10083],[113.52868,22.10091],[113.52883,22.1009],[113.52886,22.10114],[113.52895,22.10122],[113.52898,22.10119],[113.52891,22.101]]],[[[113.51502,22.12385],[113.51513,22.12377],[113.5154,22.12387],[113.51529,22.1238],[113.51248,22.12281],[113.51245,22.12287],[113.51502,22.12385]]],[[[113.51547,22.12413],[113.51551,22.12414],[113.5157,22.12346],[113.51566,22.12344],[113.51547,22.12413]]],[[[113.52949,22.12282],[113.52943,22.12282],[113.52946,22.12599],[113.52952,22.12621],[113.5323,22.1262],[113.53254,22.12624],[113.53398,22.12625],[113.53399,22.12631],[113.5342,22.1263],[113.5342,22.12626],[113.53437,22.12625],[113.53438,22.12621],[113.5342,22.1262],[113.53413,22.12616],[113.53244,22.12616],[113.53213,22.12611],[113.52957,22.12614],[113.52953,22.12599],[113.52949,22.12282]]],[[[113.51542,22.12429],[113.51542,22.12435],[113.51548,22.12438],[113.51614,22.12465],[113.5165,22.12472],[113.5175,22.12512],[113.51842,22.12542],[113.51843,22.12547],[113.51857,22.1255],[113.5186,22.12539],[113.5182,22.12529],[113.5181,22.12521],[113.51774,22.12513],[113.51649,22.12465],[113.51626,22.1246],[113.51542,22.12429]]],[[[113.53021,22.12514],[113.53009,22.12502],[113.53003,22.12489],[113.52986,22.12483],[113.52981,22.12486],[113.52983,22.1251],[113.52991,22.12528],[113.52989,22.12537],[113.52981,22.12552],[113.52985,22.12565],[113.52996,22.12565],[113.52997,22.12597],[113.53008,22.12596],[113.53008,22.12565],[113.53028,22.12564],[113.5303,22.12555],[113.53024,22.12555],[113.53027,22.1253],[113.53021,22.12521],[113.53021,22.12514]]],[[[113.52822,22.12727],[113.5346,22.1273],[113.53479,22.12735],[113.53489,22.12743],[113.53498,22.12759],[113.53498,22.12844],[113.53489,22.12928],[113.53448,22.13139],[113.53463,22.13139],[113.53503,22.1293],[113.53512,22.12844],[113.53512,22.12757],[113.53501,22.12734],[113.53487,22.12723],[113.5347,22.12717],[113.53424,22.12716],[113.53417,22.1271],[113.53397,22.12709],[113.5339,22.12716],[113.52808,22.12714],[113.52807,22.12805],[113.52791,22.12871],[113.52787,22.12904],[113.52801,22.12905],[113.52805,22.12874],[113.5282,22.12818],[113.52822,22.12727]]],[[[113.52663,22.12729],[113.52667,22.12727],[113.52697,22.12727],[113.52697,22.12713],[113.52523,22.12713],[113.52522,22.12726],[113.52639,22.12727],[113.52646,22.12733],[113.52644,22.13145],[113.52659,22.13145],[113.5266,22.12736],[113.52663,22.12729]]],[[[113.51183,22.13604],[113.51119,22.13805],[113.5159,22.13977],[113.51597,22.13987],[113.51611,22.13993],[113.51615,22.13989],[113.51735,22.14035],[113.51841,22.14063],[113.51844,22.14048],[113.51743,22.14021],[113.5136,22.1388],[113.51459,22.1358],[113.51444,22.13579],[113.51345,22.13873],[113.51141,22.13796],[113.51139,22.13789],[113.512,22.13608],[113.51183,22.13604]]],[[[113.5205,22.1369],[113.52035,22.1369],[113.52033,22.13908],[113.52046,22.13908],[113.5205,22.1369]]],[[[113.52326,22.14072],[113.52486,22.14095],[113.52518,22.14101],[113.5263,22.14138],[113.52966,22.14266],[113.52973,22.14252],[113.52709,22.14151],[113.52711,22.13683],[113.52695,22.13683],[113.52693,22.14145],[113.52608,22.14113],[113.52508,22.14083],[113.52457,22.14074],[113.52357,22.14065],[113.52359,22.13695],[113.52345,22.13696],[113.52342,22.14064],[113.52048,22.14063],[113.52048,22.13932],[113.52036,22.13932],[113.52037,22.14063],[113.51898,22.14058],[113.51915,22.1407],[113.52007,22.14076],[113.52326,22.14072]]],[[[113.5302,22.1427],[113.53015,22.14284],[113.53087,22.14307],[113.53161,22.14324],[113.53236,22.14334],[113.5332,22.14339],[113.53397,22.13678],[113.53381,22.13677],[113.53306,22.14323],[113.53188,22.14313],[113.53115,22.14298],[113.5302,22.1427]]],[[[113.51575,22.14066],[113.5158,22.14055],[113.5157,22.14051],[113.51492,22.14235],[113.51505,22.14231],[113.51564,22.14093],[113.51571,22.14088],[113.51671,22.14122],[113.51746,22.14129],[113.5186,22.14156],[113.51915,22.14161],[113.52067,22.14146],[113.52064,22.14139],[113.52034,22.14145],[113.51916,22.14152],[113.51862,22.14145],[113.5174,22.14115],[113.51726,22.14115],[113.51677,22.14097],[113.51671,22.14101],[113.51575,22.14066]]],[[[113.51454,22.14333],[113.51458,22.14354],[113.51468,22.1435],[113.51461,22.14338],[113.51463,22.14329],[113.51489,22.14271],[113.51477,22.14275],[113.51454,22.14333]]],[[[113.51901,22.14568],[113.519,22.14578],[113.51909,22.14593],[113.51932,22.14607],[113.51965,22.14597],[113.5199,22.14579],[113.52001,22.14577],[113.52005,22.14581],[113.52042,22.14569],[113.52049,22.14571],[113.52061,22.14583],[113.52075,22.14589],[113.52081,22.14582],[113.52088,22.14583],[113.52089,22.14593],[113.52081,22.14603],[113.52084,22.14616],[113.52089,22.14619],[113.52104,22.14612],[113.52104,22.14599],[113.52101,22.14599],[113.52104,22.14594],[113.52099,22.14593],[113.52107,22.14582],[113.52099,22.14553],[113.52098,22.14539],[113.52109,22.14483],[113.521,22.14469],[113.52094,22.14465],[113.52059,22.14468],[113.52054,22.14478],[113.52033,22.14486],[113.51901,22.14568]]],[[[113.53343,22.15262],[113.53343,22.15258],[113.53207,22.1526],[113.53208,22.15264],[113.53343,22.15262]]],[[[113.53125,22.18502],[113.53111,22.18444],[113.5304,22.18459],[113.53051,22.18507],[113.53043,22.18508],[113.53045,22.18517],[113.53125,22.18502]]],[[[113.53043,22.1864],[113.53051,22.18638],[113.53053,22.18642],[113.5306,22.18639],[113.53052,22.18618],[113.53032,22.18625],[113.53022,22.18598],[113.53064,22.18586],[113.53062,22.18578],[113.53021,22.18583],[113.53063,22.18573],[113.53061,22.18563],[113.52979,22.18581],[113.53,22.18612],[113.53026,22.18641],[113.53047,22.18657],[113.53069,22.18666],[113.53062,22.18645],[113.53055,22.18647],[113.53056,22.18651],[113.53048,22.18653],[113.53043,22.1864]]],[[[113.51138,22.1885],[113.51137,22.18857],[113.51136,22.18873],[113.5114,22.18877],[113.51153,22.18858],[113.51183,22.18857],[113.51194,22.18843],[113.51225,22.18832],[113.51242,22.18819],[113.5125,22.18834],[113.5125,22.1884],[113.51261,22.18851],[113.51255,22.18882],[113.51256,22.18894],[113.51262,22.18897],[113.51276,22.18887],[113.51289,22.18886],[113.513,22.18894],[113.51299,22.18913],[113.51285,22.18923],[113.51285,22.1893],[113.51296,22.18932],[113.51313,22.18924],[113.51323,22.18915],[113.51347,22.18912],[113.51373,22.18919],[113.51376,22.18917],[113.51387,22.18929],[113.51386,22.18917],[113.51395,22.18907],[113.51377,22.18875],[113.51376,22.18863],[113.51381,22.1885],[113.51384,22.18842],[113.51394,22.18837],[113.51403,22.18838],[113.51404,22.18834],[113.51417,22.18832],[113.51434,22.18834],[113.51419,22.18805],[113.51428,22.18799],[113.51427,22.18781],[113.51433,22.18775],[113.51447,22.18776],[113.5146,22.18773],[113.51449,22.18754],[113.51438,22.18744],[113.51393,22.18727],[113.51387,22.18704],[113.51361,22.18691],[113.51348,22.18673],[113.5133,22.1867],[113.51229,22.18694],[113.5118,22.18678],[113.51163,22.18708],[113.51155,22.18709],[113.51135,22.18703],[113.51128,22.18711],[113.51129,22.18723],[113.51125,22.18764],[113.51154,22.1875],[113.51181,22.18744],[113.5119,22.18751],[113.51189,22.18758],[113.51174,22.18769],[113.51174,22.18773],[113.51187,22.18787],[113.51165,22.18814],[113.51163,22.18834],[113.51156,22.18841],[113.51138,22.1885]],[[113.5136,22.18816],[113.51358,22.18797],[113.51367,22.18801],[113.51376,22.18814],[113.51379,22.18812],[113.51377,22.18825],[113.51372,22.18828],[113.5136,22.18816]]],[[[113.51171,22.20883],[113.51234,22.20943],[113.51238,22.2095],[113.51256,22.20953],[113.51267,22.20965],[113.51661,22.20663],[113.51646,22.20642],[113.51646,22.20635],[113.51655,22.20622],[113.51613,22.20554],[113.51608,22.20532],[113.51599,22.20521],[113.51583,22.20523],[113.5158,22.2053],[113.51581,22.2055],[113.51578,22.20562],[113.51551,22.20591],[113.51535,22.20594],[113.51525,22.20592],[113.5151,22.20574],[113.5151,22.2055],[113.51507,22.2054],[113.51504,22.2054],[113.515,22.20545],[113.51483,22.20585],[113.51471,22.20593],[113.51448,22.20585],[113.51427,22.20563],[113.5142,22.2056],[113.51405,22.20564],[113.51388,22.20547],[113.51384,22.20545],[113.51368,22.20565],[113.51351,22.20568],[113.5134,22.20563],[113.51326,22.20549],[113.51316,22.20544],[113.51312,22.20545],[113.51291,22.20568],[113.51286,22.20569],[113.51279,22.20568],[113.51261,22.20545],[113.51254,22.20542],[113.5125,22.20543],[113.51245,22.20554],[113.51237,22.2056],[113.51226,22.20578],[113.51218,22.2058],[113.51209,22.20579],[113.51192,22.20566],[113.51175,22.20561],[113.51167,22.20555],[113.51154,22.20535],[113.51145,22.20529],[113.51105,22.2053],[113.51083,22.20511],[113.51077,22.20514],[113.51085,22.20559],[113.51082,22.20569],[113.51074,22.20574],[113.51062,22.20577],[113.51026,22.20566],[113.5101,22.20568],[113.50991,22.20565],[113.50975,22.20556],[113.50951,22.2056],[113.50948,22.20569],[113.50956,22.2059],[113.50984,22.2062],[113.50988,22.20638],[113.51008,22.20657],[113.51017,22.2068],[113.51036,22.20708],[113.51062,22.20736],[113.51113,22.20771],[113.5112,22.20788],[113.51124,22.20812],[113.51142,22.20832],[113.51158,22.20865],[113.51171,22.20883]],[[113.51122,22.20572],[113.51127,22.20555],[113.51131,22.20553],[113.5114,22.20558],[113.51145,22.20568],[113.51141,22.20573],[113.51122,22.20572]],[[113.51112,22.20694],[113.51107,22.20698],[113.51061,22.20687],[113.51035,22.20675],[113.5103,22.20651],[113.51036,22.20649],[113.51058,22.20652],[113.51095,22.20665],[113.51106,22.20673],[113.51114,22.20684],[113.51112,22.20694]]],[[[113.51437,22.21201],[113.5145,22.21192],[113.5144,22.21176],[113.5143,22.2117],[113.51423,22.21173],[113.51437,22.21201]]],[[[113.51157,22.21367],[113.51168,22.21375],[113.51184,22.21378],[113.51188,22.21376],[113.51188,22.21364],[113.51194,22.21357],[113.51187,22.21351],[113.51157,22.21345],[113.51153,22.21345],[113.51157,22.21367]]],[[[113.53208,22.21467],[113.53219,22.21448],[113.5314,22.21414],[113.53138,22.21436],[113.53208,22.21467]]],[[[113.51799,22.21454],[113.51806,22.21456],[113.51808,22.21451],[113.51782,22.21444],[113.51768,22.21445],[113.51761,22.21431],[113.51754,22.21427],[113.51748,22.21428],[113.51758,22.21445],[113.51772,22.21455],[113.5178,22.21457],[113.51787,22.21454],[113.51793,22.21457],[113.51799,22.21454]]],[[[113.52186,22.2147],[113.52193,22.2147],[113.52194,22.21465],[113.52185,22.21454],[113.52166,22.21444],[113.52168,22.21453],[113.52186,22.2147]]],[[[113.5226,22.21778],[113.5225,22.21775],[113.52233,22.21803],[113.52198,22.21796],[113.52186,22.2179],[113.52181,22.21778],[113.52175,22.21773],[113.52176,22.21771],[113.52167,22.21771],[113.52154,22.21754],[113.52149,22.21734],[113.52147,22.21708],[113.5215,22.21685],[113.52159,22.21658],[113.52176,22.21626],[113.52187,22.21616],[113.52194,22.21617],[113.52213,22.21631],[113.52219,22.21622],[113.52209,22.21614],[113.5223,22.21598],[113.52227,22.21578],[113.52229,22.21571],[113.52252,22.2156],[113.52259,22.21545],[113.5226,22.2153],[113.52238,22.2153],[113.52238,22.21508],[113.52258,22.21506],[113.52248,22.21501],[113.52247,22.21491],[113.52252,22.21487],[113.52261,22.21486],[113.52263,22.21481],[113.52246,22.21473],[113.52259,22.21454],[113.52269,22.21454],[113.52272,22.2145],[113.52289,22.21458],[113.52291,22.21454],[113.52294,22.21456],[113.52307,22.21437],[113.52276,22.21431],[113.5227,22.21425],[113.52266,22.21412],[113.52242,22.214],[113.52234,22.2139],[113.5219,22.21372],[113.5216,22.21346],[113.52131,22.21336],[113.52119,22.21323],[113.52103,22.21338],[113.52108,22.21347],[113.52131,22.21357],[113.52145,22.21355],[113.52148,22.21358],[113.52152,22.21355],[113.52156,22.21356],[113.52172,22.21377],[113.52187,22.21388],[113.52217,22.214],[113.52254,22.21422],[113.52248,22.21431],[113.52243,22.21473],[113.52239,22.21478],[113.52222,22.21484],[113.52215,22.21482],[113.52214,22.21489],[113.52207,22.21487],[113.52207,22.21484],[113.52183,22.21481],[113.52156,22.21457],[113.52139,22.21451],[113.52135,22.21451],[113.52134,22.21454],[113.52124,22.21452],[113.52097,22.21428],[113.52087,22.21423],[113.52071,22.21421],[113.52036,22.21426],[113.52044,22.21446],[113.52043,22.21456],[113.52081,22.2145],[113.52116,22.21465],[113.52131,22.21465],[113.52182,22.21493],[113.52213,22.21565],[113.52215,22.21585],[113.5218,22.21602],[113.52159,22.21622],[113.52151,22.21637],[113.52099,22.21653],[113.52089,22.21684],[113.52094,22.21705],[113.52102,22.21707],[113.52105,22.21721],[113.52103,22.21742],[113.52107,22.21749],[113.52121,22.21747],[113.5213,22.21752],[113.52135,22.21759],[113.52134,22.21769],[113.52175,22.2179],[113.52187,22.21805],[113.52204,22.21812],[113.5224,22.21817],[113.52261,22.21834],[113.52294,22.21849],[113.52322,22.21884],[113.52336,22.21882],[113.52354,22.21873],[113.52349,22.21862],[113.52369,22.2185],[113.52377,22.21841],[113.52378,22.21837],[113.52368,22.21832],[113.52363,22.21847],[113.52343,22.21854],[113.52317,22.21844],[113.52301,22.21833],[113.52275,22.21826],[113.52247,22.21805],[113.52246,22.21797],[113.5226,22.21778]]],[[[113.52074,22.2173],[113.52073,22.21746],[113.52075,22.2175],[113.52088,22.21753],[113.52091,22.21763],[113.52094,22.21759],[113.52085,22.21732],[113.52077,22.21721],[113.52072,22.21719],[113.5207,22.21703],[113.52054,22.21698],[113.52051,22.21693],[113.52051,22.21676],[113.52046,22.21676],[113.52041,22.2168],[113.52039,22.21695],[113.52046,22.21705],[113.52063,22.21711],[113.52061,22.21725],[113.52074,22.2173]]],[[[113.52202,22.21701],[113.52198,22.21709],[113.522,22.21717],[113.52246,22.2173],[113.52262,22.21739],[113.52264,22.21752],[113.52255,22.21767],[113.52265,22.21771],[113.5229,22.2175],[113.5234,22.21772],[113.52348,22.21759],[113.52273,22.21726],[113.52271,22.21721],[113.52279,22.21696],[113.52268,22.21694],[113.52258,22.2172],[113.52253,22.21722],[113.52202,22.21701]]],[[[113.52375,22.2181],[113.52372,22.21824],[113.52382,22.21829],[113.52387,22.2182],[113.52387,22.21796],[113.52405,22.21772],[113.52406,22.21756],[113.52398,22.21753],[113.52399,22.21771],[113.52389,22.2178],[113.52375,22.2181]]],[[[113.52163,22.21814],[113.52179,22.21818],[113.52169,22.21807],[113.52155,22.21806],[113.52148,22.21796],[113.52144,22.21785],[113.5213,22.21782],[113.52128,22.21788],[113.52136,22.21794],[113.52151,22.21816],[113.52163,22.21814]]],[[[113.50963,22.22452],[113.50968,22.22436],[113.50948,22.2243],[113.50942,22.22446],[113.50963,22.22452]]],[[[113.5102,22.22495],[113.50994,22.22495],[113.50975,22.22481],[113.50964,22.22481],[113.50956,22.22476],[113.50955,22.2248],[113.50946,22.22481],[113.5094,22.22501],[113.50964,22.22501],[113.50978,22.22508],[113.50985,22.22515],[113.51017,22.22526],[113.51023,22.22509],[113.51027,22.22505],[113.51027,22.22498],[113.5102,22.22495]]],[[[113.52982,22.22534],[113.52992,22.22521],[113.52972,22.22508],[113.52962,22.2252],[113.52982,22.22534]]],[[[113.53147,22.23109],[113.53155,22.23088],[113.53143,22.23085],[113.53136,22.23106],[113.53147,22.23109]]],[[[113.51234,22.23339],[113.5126,22.23327],[113.51282,22.23327],[113.51287,22.23312],[113.51297,22.23306],[113.51303,22.23309],[113.51308,22.23304],[113.513,22.23297],[113.51306,22.23276],[113.5129,22.23278],[113.51279,22.23304],[113.51268,22.23316],[113.51234,22.23334],[113.51207,22.23337],[113.51175,22.23348],[113.51163,22.23371],[113.51157,22.23442],[113.51172,22.23471],[113.51182,22.23482],[113.51185,22.235],[113.51229,22.235],[113.51227,22.23484],[113.51216,22.2348],[113.51213,22.23467],[113.51221,22.23461],[113.51209,22.23415],[113.51199,22.23413],[113.51198,22.23399],[113.51207,22.2339],[113.51203,22.23375],[113.51192,22.23371],[113.51191,22.23355],[113.51212,22.23343],[113.51234,22.23339]]],[[[113.5268,22.23454],[113.52683,22.23449],[113.5268,22.23441],[113.52671,22.23438],[113.52665,22.23441],[113.52663,22.23447],[113.52667,22.23455],[113.5268,22.23454]]],[[[113.54296,22.09751],[113.542,22.09745],[113.54139,22.09803],[113.54171,22.09931],[113.54296,22.09751]]],[[[113.5332,22.10028],[113.53332,22.10032],[113.53351,22.10027],[113.5338,22.10035],[113.53395,22.10036],[113.53397,22.1003],[113.53385,22.10029],[113.53384,22.10025],[113.53361,22.10014],[113.53358,22.1001],[113.53351,22.10012],[113.53345,22.09988],[113.53346,22.09981],[113.53343,22.09976],[113.53335,22.09976],[113.53326,22.09968],[113.53324,22.09964],[113.53327,22.09961],[113.53316,22.09955],[113.53318,22.0995],[113.53314,22.09947],[113.53286,22.09979],[113.5326,22.09978],[113.53218,22.10016],[113.53211,22.10026],[113.53216,22.10035],[113.53231,22.10038],[113.53255,22.10055],[113.53267,22.10054],[113.53277,22.10047],[113.53278,22.10037],[113.53287,22.10028],[113.5332,22.10028]],[[113.53266,22.10023],[113.53266,22.10038],[113.53271,22.10047],[113.53265,22.10048],[113.53251,22.10049],[113.53238,22.10033],[113.53224,22.10032],[113.53219,22.10024],[113.53249,22.09995],[113.53264,22.09992],[113.53269,22.10001],[113.53279,22.10001],[113.53286,22.10008],[113.533,22.10008],[113.53308,22.10012],[113.53312,22.10018],[113.53299,22.10023],[113.53283,22.1002],[113.53266,22.10023]]],[[[113.53545,22.102],[113.53576,22.102],[113.53617,22.10211],[113.53642,22.10213],[113.53663,22.10229],[113.53683,22.10231],[113.53719,22.10245],[113.53737,22.10259],[113.53741,22.10271],[113.5377,22.10286],[113.53782,22.10288],[113.53824,22.10315],[113.53829,22.10322],[113.53855,22.10329],[113.53869,22.10347],[113.53877,22.10352],[113.53901,22.10355],[113.53917,22.10351],[113.53941,22.10354],[113.54015,22.10342],[113.54033,22.10351],[113.54058,22.10353],[113.54086,22.10364],[113.54094,22.10376],[113.54108,22.10375],[113.54115,22.10387],[113.54126,22.10388],[113.54141,22.104],[113.54174,22.10401],[113.54202,22.10411],[113.54217,22.1041],[113.54247,22.10429],[113.54256,22.10445],[113.54268,22.10457],[113.54279,22.1046],[113.5429,22.10458],[113.54304,22.10446],[113.54306,22.10439],[113.54307,22.1043],[113.54296,22.10411],[113.54299,22.10395],[113.54293,22.10389],[113.54297,22.10374],[113.54259,22.10364],[113.54255,22.10349],[113.54266,22.1033],[113.5426,22.1032],[113.5425,22.10317],[113.54242,22.10321],[113.54237,22.10331],[113.54249,22.10346],[113.54247,22.10359],[113.54236,22.10371],[113.54227,22.10388],[113.54219,22.10394],[113.54208,22.10397],[113.54193,22.10397],[113.54181,22.10391],[113.54148,22.10391],[113.54128,22.10379],[113.54114,22.10362],[113.54103,22.10354],[113.54072,22.10353],[113.5402,22.10336],[113.53947,22.10349],[113.53925,22.10349],[113.53894,22.10336],[113.53889,22.10303],[113.53832,22.10304],[113.53748,22.10258],[113.53729,22.10243],[113.53723,22.10233],[113.53716,22.10228],[113.53672,22.10217],[113.53645,22.10198],[113.53623,22.10192],[113.53573,22.10192],[113.53553,22.10187],[113.53525,22.10132],[113.53512,22.10125],[113.53465,22.10135],[113.53454,22.10142],[113.53458,22.10155],[113.53454,22.10174],[113.53472,22.10185],[113.53475,22.10215],[113.53481,22.10222],[113.53505,22.10224],[113.53545,22.102]]],[[[113.53811,22.11546],[113.53822,22.11559],[113.53901,22.11596],[113.53926,22.11599],[113.53964,22.11589],[113.53968,22.11584],[113.53981,22.11579],[113.53985,22.11518],[113.53944,22.11511],[113.53928,22.11496],[113.53941,22.1148],[113.53937,22.11462],[113.53913,22.11471],[113.53905,22.11489],[113.53904,22.1151],[113.53891,22.11525],[113.53867,22.11514],[113.53836,22.1152],[113.53808,22.11519],[113.53811,22.11546]]],[[[113.53344,22.12296],[113.53359,22.12298],[113.53364,22.12289],[113.53359,22.12281],[113.53338,22.12277],[113.53332,22.1229],[113.53344,22.12296]]],[[[113.54538,22.13316],[113.54571,22.13319],[113.54571,22.13314],[113.54594,22.13318],[113.54604,22.13312],[113.54601,22.13303],[113.54592,22.13296],[113.54581,22.13296],[113.54558,22.13306],[113.54548,22.13304],[113.54544,22.13302],[113.54518,22.13257],[113.54533,22.13214],[113.54545,22.13202],[113.54563,22.13203],[113.54573,22.1321],[113.54587,22.1323],[113.54597,22.13235],[113.54605,22.13236],[113.5462,22.13229],[113.54625,22.1322],[113.54627,22.13207],[113.54613,22.13179],[113.54603,22.13148],[113.54609,22.13105],[113.54604,22.13105],[113.54602,22.13118],[113.54573,22.1313],[113.54563,22.13129],[113.54556,22.13124],[113.54552,22.13117],[113.54552,22.13091],[113.54545,22.13089],[113.54511,22.13099],[113.54477,22.13101],[113.54458,22.13095],[113.54444,22.13085],[113.54435,22.13058],[113.54435,22.12932],[113.5444,22.12932],[113.54442,22.1292],[113.54435,22.12864],[113.5444,22.12841],[113.54451,22.12818],[113.54455,22.12786],[113.54466,22.12763],[113.54495,22.12741],[113.54535,22.12739],[113.54566,22.12733],[113.54572,22.12722],[113.54585,22.12717],[113.54579,22.12676],[113.54548,22.12609],[113.54547,22.12596],[113.54563,22.12558],[113.54563,22.12551],[113.54553,22.12541],[113.54512,22.12515],[113.54482,22.12479],[113.54472,22.12472],[113.54455,22.12468],[113.54435,22.1247],[113.54375,22.12486],[113.54283,22.1248],[113.5426,22.12482],[113.54222,22.12492],[113.54145,22.12493],[113.54114,22.12481],[113.54097,22.12467],[113.54093,22.12457],[113.54095,22.124],[113.54096,22.1239],[113.54116,22.12361],[113.54277,22.12252],[113.54546,22.12081],[113.54582,22.1207],[113.54631,22.12076],[113.54646,22.12069],[113.54656,22.12072],[113.54655,22.12063],[113.54579,22.12062],[113.54559,22.12067],[113.54276,22.12248],[113.54118,22.12353],[113.54108,22.12363],[113.54086,22.124],[113.54024,22.13542],[113.54033,22.13551],[113.54042,22.13327],[113.54051,22.13298],[113.54063,22.13286],[113.54164,22.13283],[113.54258,22.13295],[113.54307,22.13305],[113.54365,22.13308],[113.54395,22.13306],[113.54458,22.13283],[113.54478,22.13272],[113.54494,22.13272],[113.54511,22.13292],[113.5452,22.13309],[113.54518,22.13321],[113.54531,22.13321],[113.54538,22.13316]],[[113.54523,22.12557],[113.54518,22.12571],[113.5451,22.12608],[113.54512,22.12621],[113.54504,22.12624],[113.54497,22.12637],[113.54474,22.12641],[113.54463,22.1265],[113.54467,22.12663],[113.54488,22.12676],[113.54498,22.12688],[113.54504,22.12702],[113.54501,22.12716],[113.54482,22.12734],[113.54452,22.12751],[113.54452,22.12756],[113.54447,22.1276],[113.5444,22.12762],[113.54433,22.12756],[113.54395,22.1276],[113.5439,22.12755],[113.54384,22.12755],[113.54378,22.12738],[113.54375,22.12714],[113.54369,22.12711],[113.54359,22.12712],[113.54353,22.12727],[113.54324,22.12737],[113.54225,22.12734],[113.54147,22.12739],[113.5412,22.12736],[113.54105,22.1273],[113.54093,22.1272],[113.54081,22.127],[113.5408,22.12686],[113.5409,22.12528],[113.54105,22.1251],[113.54117,22.12503],[113.54131,22.12498],[113.5422,22.12499],[113.54253,22.12492],[113.54283,22.12491],[113.54331,22.12497],[113.54455,22.12494],[113.54471,22.12498],[113.54494,22.12515],[113.54521,22.12544],[113.54523,22.12557]],[[113.54088,22.12725],[113.54121,22.1274],[113.54121,22.12745],[113.54092,22.1276],[113.54081,22.1276],[113.54077,22.12757],[113.54081,22.12726],[113.54088,22.12725]],[[113.54414,22.12846],[113.54423,22.12845],[113.54425,22.12851],[113.5442,22.12862],[113.54406,22.12865],[113.54404,22.12859],[113.54412,22.12851],[113.54413,22.1285],[113.54414,22.12846]],[[113.544,22.12861],[113.54405,22.12868],[113.54411,22.12868],[113.54416,22.12864],[113.54422,22.12872],[113.54412,22.12876],[113.54411,22.12895],[113.54414,22.12902],[113.54408,22.12905],[113.54407,22.12961],[113.54399,22.12965],[113.54395,22.12974],[113.54383,22.12975],[113.54378,22.12983],[113.54358,22.12996],[113.54321,22.13005],[113.5427,22.13012],[113.542,22.13014],[113.54147,22.13008],[113.54087,22.12997],[113.5407,22.12986],[113.54067,22.12973],[113.54066,22.12921],[113.54068,22.12895],[113.54076,22.12861],[113.54078,22.12797],[113.54082,22.12786],[113.54092,22.12771],[113.54106,22.12758],[113.54121,22.12752],[113.54165,22.12747],[113.54261,22.12751],[113.54274,22.1275],[113.5429,22.12744],[113.54316,22.12745],[113.54356,22.12755],[113.54402,22.12775],[113.54407,22.12818],[113.54415,22.12839],[113.54412,22.12851],[113.544,22.12861]],[[113.54417,22.12925],[113.54411,22.12926],[113.54412,22.12916],[113.54416,22.12915],[113.54417,22.12925]],[[113.54134,22.13017],[113.54124,22.13023],[113.54072,22.1303],[113.54067,22.13028],[113.54063,22.1302],[113.54059,22.13005],[113.54062,22.13002],[113.54078,22.13001],[113.5413,22.13012],[113.54134,22.13017]],[[113.54408,22.13035],[113.54406,22.13036],[113.54381,22.13017],[113.54385,22.13014],[113.54397,22.13015],[113.54407,22.13026],[113.54408,22.13035]],[[113.54089,22.13276],[113.54078,22.13274],[113.54061,22.13263],[113.54052,22.13239],[113.54056,22.1316],[113.54066,22.13057],[113.54068,22.13047],[113.54074,22.1304],[113.54091,22.13032],[113.54122,22.13029],[113.54228,22.13033],[113.54271,22.13021],[113.54346,22.13012],[113.54365,22.13015],[113.54394,22.13034],[113.54396,22.13041],[113.54407,22.13048],[113.54426,22.13107],[113.54426,22.13122],[113.54419,22.13153],[113.5442,22.13178],[113.54426,22.13192],[113.54445,22.13219],[113.54447,22.13232],[113.54446,22.13241],[113.54432,22.13272],[113.54377,22.13298],[113.54339,22.133],[113.543,22.13297],[113.54251,22.13282],[113.54089,22.13276]],[[113.5455,22.12571],[113.54546,22.1257],[113.54548,22.12551],[113.54556,22.12555],[113.54556,22.12566],[113.5455,22.12571]],[[113.54519,22.12639],[113.54528,22.12649],[113.54534,22.12681],[113.54525,22.12687],[113.54519,22.12688],[113.5451,22.12683],[113.54495,22.12655],[113.54497,22.12648],[113.54508,22.12638],[113.54519,22.12639]],[[113.54423,22.12829],[113.54417,22.12829],[113.54412,22.1282],[113.54413,22.12814],[113.5442,22.12813],[113.54423,22.12829]],[[113.54428,22.12893],[113.54431,22.12909],[113.54426,22.12916],[113.54423,22.12914],[113.54418,22.12904],[113.54419,22.12892],[113.54428,22.12893]],[[113.54597,22.13175],[113.54591,22.1317],[113.54588,22.13161],[113.54589,22.13153],[113.54593,22.13153],[113.54604,22.13163],[113.54605,22.13174],[113.54597,22.13175]],[[113.54473,22.1318],[113.54478,22.1319],[113.54473,22.13207],[113.54466,22.13209],[113.54447,22.13199],[113.5444,22.13188],[113.54435,22.13168],[113.54438,22.13155],[113.54444,22.13154],[113.54473,22.1318]],[[113.54617,22.13218],[113.54609,22.13222],[113.54592,22.1321],[113.54595,22.13208],[113.54606,22.13208],[113.54618,22.13214],[113.54617,22.13218]],[[113.54474,22.13251],[113.54456,22.13266],[113.54451,22.13267],[113.54444,22.13264],[113.54444,22.13255],[113.54451,22.13248],[113.54467,22.13237],[113.54474,22.1324],[113.54474,22.13251]]],[[[113.54519,22.12874],[113.54519,22.12882],[113.54527,22.12882],[113.54527,22.12874],[113.54524,22.12874],[113.54524,22.12821],[113.54566,22.12823],[113.54566,22.12817],[113.54522,22.12819],[113.54522,22.12874],[113.54519,22.12874]]],[[[113.53306,22.13334],[113.53327,22.13352],[113.53329,22.13337],[113.53438,22.13244],[113.53446,22.13229],[113.53452,22.13202],[113.53436,22.13202],[113.53427,22.13231],[113.53421,22.1324],[113.53314,22.13331],[113.53306,22.13334]]],[[[113.53942,22.14839],[113.54094,22.14873],[113.54101,22.14864],[113.53949,22.14832],[113.53942,22.14839]]],[[[113.54161,22.14877],[113.54166,22.14889],[113.54276,22.14916],[113.54351,22.14931],[113.54358,22.14923],[113.54175,22.14884],[113.54161,22.14877]]],[[[113.53584,22.15228],[113.53522,22.15257],[113.5344,22.15257],[113.53401,22.15262],[113.534,22.15265],[113.53415,22.15263],[113.53528,22.1526],[113.53655,22.152],[113.53719,22.1516],[113.53717,22.15159],[113.53755,22.15124],[113.53758,22.15126],[113.53788,22.15093],[113.53862,22.15],[113.53889,22.14955],[113.53914,22.1488],[113.5391,22.14879],[113.53891,22.14929],[113.53865,22.14979],[113.53835,22.15022],[113.53791,22.15075],[113.53725,22.15143],[113.53656,22.1519],[113.53584,22.15228]]],[[[113.54727,22.15397],[113.54702,22.15396],[113.547,22.15406],[113.54683,22.15411],[113.54675,22.15397],[113.54609,22.15395],[113.54582,22.15396],[113.54561,22.15402],[113.54536,22.15421],[113.54524,22.1544],[113.54519,22.15467],[113.54524,22.15489],[113.54529,22.15497],[113.54542,22.155],[113.54543,22.15494],[113.54559,22.15484],[113.54565,22.15484],[113.54567,22.15462],[113.54573,22.15448],[113.54595,22.15436],[113.54664,22.15432],[113.54726,22.15406],[113.54727,22.15397]]],[[[113.54057,22.16186],[113.54052,22.16185],[113.54052,22.16177],[113.54048,22.16183],[113.5404,22.16181],[113.54043,22.16168],[113.54039,22.16169],[113.54039,22.16173],[113.54032,22.16174],[113.54032,22.16168],[113.54027,22.16165],[113.54028,22.16159],[113.54023,22.16158],[113.54028,22.16155],[113.54024,22.16149],[113.54033,22.16149],[113.5403,22.16143],[113.54036,22.1614],[113.54033,22.16135],[113.54037,22.16132],[113.54038,22.16125],[113.54043,22.16122],[113.54041,22.16119],[113.54027,22.16128],[113.5402,22.16139],[113.54016,22.16155],[113.54019,22.16166],[113.54024,22.16176],[113.54038,22.16188],[113.54061,22.16193],[113.54078,22.16189],[113.5407,22.16182],[113.54067,22.16186],[113.54063,22.16185],[113.54062,22.16174],[113.54057,22.16186]]],[[[113.54204,22.16195],[113.542,22.16191],[113.54194,22.16189],[113.54186,22.16194],[113.54185,22.162],[113.54188,22.16205],[113.54194,22.16207],[113.54202,22.16204],[113.54204,22.16195]]],[[[113.5317,22.18141],[113.5318,22.18148],[113.5321,22.18137],[113.53243,22.18132],[113.53285,22.18139],[113.53304,22.18145],[113.53314,22.18151],[113.53321,22.18157],[113.53339,22.18188],[113.5336,22.18241],[113.53363,22.18273],[113.53361,22.1829],[113.53364,22.18301],[113.53359,22.18311],[113.53355,22.18338],[113.53356,22.18353],[113.53364,22.18364],[113.53373,22.18372],[113.53472,22.18415],[113.53492,22.18428],[113.53503,22.18454],[113.53512,22.18506],[113.53523,22.18505],[113.53523,22.1851],[113.53514,22.18511],[113.53529,22.18537],[113.53545,22.18553],[113.53565,22.18562],[113.53706,22.1859],[113.53693,22.18526],[113.53668,22.18499],[113.53665,22.18492],[113.53666,22.18463],[113.53656,22.18446],[113.53648,22.1842],[113.53659,22.18393],[113.53664,22.18388],[113.53695,22.18375],[113.53695,22.18334],[113.53729,22.18321],[113.53722,22.18311],[113.53717,22.18284],[113.5373,22.18247],[113.53734,22.18215],[113.53726,22.18204],[113.53698,22.1819],[113.53655,22.1816],[113.53615,22.18126],[113.53638,22.18106],[113.53627,22.18091],[113.53617,22.18049],[113.53608,22.18041],[113.53573,22.18051],[113.53564,22.18017],[113.53572,22.18016],[113.53572,22.18014],[113.53542,22.18005],[113.53456,22.18009],[113.53453,22.18006],[113.53452,22.17995],[113.53435,22.17994],[113.53428,22.18011],[113.53433,22.1801],[113.5343,22.18013],[113.53388,22.1802],[113.53362,22.18033],[113.53315,22.18047],[113.53188,22.18081],[113.53186,22.18077],[113.53123,22.18096],[113.53093,22.18114],[113.53088,22.18122],[113.53064,22.18142],[113.53042,22.18168],[113.53037,22.18188],[113.53063,22.182],[113.53086,22.18187],[113.53145,22.18164],[113.5315,22.18148],[113.53159,22.18142],[113.5317,22.18141]]],[[[113.54208,22.18782],[113.54201,22.18773],[113.542,22.18766],[113.54209,22.18753],[113.54219,22.1875],[113.54224,22.18724],[113.54237,22.18695],[113.54257,22.18668],[113.54262,22.18667],[113.54266,22.18671],[113.54289,22.18658],[113.54295,22.18646],[113.54304,22.18643],[113.54316,22.18646],[113.54321,22.18651],[113.54323,22.18662],[113.5432,22.18668],[113.54336,22.18684],[113.54343,22.18698],[113.54354,22.18702],[113.54366,22.18683],[113.54379,22.18677],[113.54395,22.18679],[113.54401,22.18684],[113.54407,22.18695],[113.54413,22.18748],[113.5442,22.18765],[113.54446,22.18796],[113.54469,22.18812],[113.54483,22.18817],[113.54507,22.18755],[113.54662,22.18398],[113.54669,22.18371],[113.54619,22.18348],[113.54563,22.18333],[113.54567,22.18311],[113.54386,22.18278],[113.54381,22.18297],[113.54274,22.18278],[113.54245,22.18277],[113.54193,22.18286],[113.54127,22.18304],[113.54041,22.18338],[113.54025,22.18347],[113.54018,22.18378],[113.53998,22.18391],[113.53988,22.18381],[113.53939,22.18421],[113.53921,22.18438],[113.53929,22.18454],[113.53933,22.18453],[113.53934,22.18455],[113.5393,22.18457],[113.53931,22.18461],[113.53936,22.18459],[113.53937,22.18462],[113.53932,22.18463],[113.53935,22.18471],[113.53913,22.18496],[113.53908,22.18496],[113.53878,22.1854],[113.53868,22.18562],[113.5387,22.18563],[113.53853,22.18604],[113.5386,22.18618],[113.53856,22.18637],[113.5382,22.18658],[113.53819,22.18664],[113.53807,22.18668],[113.53805,22.18684],[113.53805,22.18717],[113.5381,22.18719],[113.53809,22.18726],[113.53803,22.18734],[113.53806,22.18766],[113.53806,22.1877],[113.53815,22.18777],[113.53813,22.18781],[113.53823,22.18829],[113.53833,22.18832],[113.53826,22.18838],[113.53831,22.18855],[113.53869,22.18925],[113.53915,22.18931],[113.53902,22.18972],[113.53921,22.18994],[113.54006,22.18949],[113.53998,22.18945],[113.53992,22.18937],[113.54048,22.18905],[113.54054,22.18905],[113.54062,22.18918],[113.54065,22.18918],[113.54232,22.18834],[113.54234,22.18831],[113.54225,22.18823],[113.54215,22.18809],[113.54216,22.18795],[113.54222,22.18796],[113.54226,22.18785],[113.54208,22.18782]],[[113.54281,22.18609],[113.54274,22.18601],[113.54269,22.1858],[113.54247,22.18565],[113.54236,22.18532],[113.54226,22.18524],[113.54221,22.18514],[113.54221,22.185],[113.54227,22.18491],[113.54241,22.18489],[113.54257,22.18496],[113.54266,22.18504],[113.54272,22.1852],[113.54307,22.18542],[113.54308,22.18551],[113.54301,22.18571],[113.5431,22.18587],[113.54311,22.18598],[113.54305,22.18609],[113.54299,22.18613],[113.54281,22.18609]],[[113.54093,22.18684],[113.54103,22.18698],[113.54104,22.18707],[113.54081,22.18709],[113.5407,22.18707],[113.54065,22.18701],[113.54066,22.18693],[113.54089,22.18682],[113.54093,22.18684]],[[113.53931,22.18741],[113.53919,22.18731],[113.53927,22.18723],[113.53933,22.18722],[113.53949,22.18735],[113.53976,22.18745],[113.53979,22.18753],[113.53975,22.18763],[113.53991,22.18761],[113.53997,22.18771],[113.53993,22.18787],[113.53993,22.18812],[113.53984,22.18817],[113.53973,22.18813],[113.53961,22.18797],[113.53949,22.18786],[113.53931,22.18741]],[[113.53978,22.18877],[113.53989,22.18876],[113.54014,22.18885],[113.54018,22.18892],[113.54001,22.18904],[113.53996,22.18905],[113.53974,22.18884],[113.53978,22.18877]]],[[[113.54518,22.18837],[113.54516,22.18851],[113.54518,22.18861],[113.54531,22.18875],[113.54543,22.18879],[113.54567,22.18876],[113.54573,22.1887],[113.54576,22.18861],[113.54565,22.18833],[113.54553,22.18819],[113.54538,22.18818],[113.54518,22.18837]]],[[[113.54471,22.1889],[113.5447,22.18882],[113.54459,22.18876],[113.54453,22.18868],[113.54444,22.18865],[113.54431,22.18873],[113.54437,22.1888],[113.54445,22.18879],[113.54448,22.18884],[113.54457,22.18882],[113.54471,22.1889]]],[[[113.54854,22.20086],[113.54845,22.20078],[113.54831,22.2008],[113.54818,22.20074],[113.5481,22.20056],[113.54817,22.20053],[113.54813,22.20049],[113.54801,22.20053],[113.54799,22.20057],[113.54793,22.20057],[113.54792,22.20054],[113.548,22.20048],[113.54791,22.20046],[113.54783,22.20031],[113.54774,22.20029],[113.54748,22.20038],[113.54747,22.20043],[113.54752,22.20047],[113.54756,22.20045],[113.54756,22.20041],[113.54768,22.20037],[113.54774,22.20058],[113.54781,22.20063],[113.54767,22.2007],[113.54779,22.20095],[113.54804,22.20085],[113.54802,22.20082],[113.5478,22.20088],[113.54773,22.20073],[113.54786,22.20067],[113.54804,22.20065],[113.54809,22.20079],[113.54806,22.2008],[113.5482,22.20089],[113.54829,22.201],[113.54835,22.201],[113.5485,22.20092],[113.54854,22.20086]]],[[[113.54085,22.21437],[113.54072,22.21442],[113.54067,22.21435],[113.5406,22.21433],[113.5405,22.21435],[113.54044,22.21445],[113.54047,22.21455],[113.54052,22.2146],[113.54062,22.21467],[113.54068,22.21467],[113.54093,22.21458],[113.54098,22.21452],[113.54096,22.21442],[113.54085,22.21437]]],[[[113.54279,22.21634],[113.54297,22.21649],[113.54307,22.21646],[113.54231,22.21491],[113.54214,22.21496],[113.54279,22.21634]]],[[[113.53323,22.21533],[113.53518,22.21601],[113.53723,22.21687],[113.53733,22.21666],[113.53699,22.21647],[113.53274,22.21472],[113.53263,22.2149],[113.53295,22.21505],[113.53323,22.21533]]],[[[113.54624,22.21611],[113.5461,22.2161],[113.54604,22.21604],[113.54602,22.2158],[113.54585,22.21579],[113.54586,22.21583],[113.54597,22.21591],[113.54595,22.21604],[113.54599,22.2161],[113.54597,22.21612],[113.54601,22.21617],[113.54599,22.21626],[113.54591,22.21629],[113.54604,22.21648],[113.54617,22.21651],[113.54624,22.21642],[113.54624,22.21635],[113.54619,22.2163],[113.54625,22.21624],[113.54621,22.21619],[113.54625,22.21616],[113.54624,22.21611]]],[[[113.54514,22.21718],[113.5452,22.21722],[113.54679,22.21696],[113.54757,22.21691],[113.54756,22.21675],[113.54468,22.21705],[113.54444,22.21705],[113.5443,22.21701],[113.54335,22.21641],[113.54356,22.21683],[113.54361,22.21684],[113.54364,22.21691],[113.54372,22.21691],[113.54443,22.21723],[113.54456,22.21725],[113.54467,22.2172],[113.54514,22.21718]]],[[[113.53922,22.21777],[113.53936,22.2177],[113.53953,22.21768],[113.53967,22.2177],[113.54007,22.21783],[113.54021,22.21744],[113.53987,22.21734],[113.53888,22.21721],[113.5387,22.21722],[113.53753,22.21673],[113.53745,22.21701],[113.53922,22.21777]]],[[[113.54393,22.21998],[113.54396,22.21977],[113.54378,22.21975],[113.54375,22.21996],[113.54393,22.21998]]],[[[113.53287,22.22007],[113.53294,22.21996],[113.53274,22.21984],[113.53267,22.21994],[113.53287,22.22007]]],[[[113.5328,22.22226],[113.53289,22.22214],[113.53271,22.22203],[113.53262,22.22214],[113.5328,22.22226]]],[[[113.54467,22.22624],[113.54428,22.2259],[113.54423,22.22582],[113.54419,22.22563],[113.54423,22.22525],[113.54363,22.22344],[113.54354,22.22333],[113.54357,22.22316],[113.54224,22.21903],[113.54202,22.21901],[113.54308,22.22237],[113.54412,22.2259],[113.54455,22.22634],[113.54461,22.2265],[113.54468,22.22824],[113.54454,22.2291],[113.54461,22.22913],[113.54482,22.2282],[113.54475,22.2265],[113.54467,22.22624]]],[[[113.53417,22.22779],[113.53415,22.22768],[113.53404,22.22767],[113.534,22.22759],[113.53374,22.22762],[113.53366,22.22771],[113.53367,22.22783],[113.53417,22.22779]]],[[[113.55127,22.11515],[113.55097,22.11448],[113.5509,22.11445],[113.55053,22.11448],[113.55088,22.11446],[113.55096,22.1145],[113.55124,22.11513],[113.55157,22.11558],[113.55161,22.1156],[113.55127,22.11515]]],[[[113.55175,22.11568],[113.55246,22.11626],[113.55177,22.11567],[113.55161,22.1156],[113.55175,22.11568]]],[[[113.5526,22.11637],[113.55271,22.1166],[113.55289,22.11669],[113.55272,22.11657],[113.5526,22.11634],[113.55246,22.11626],[113.5526,22.11637]]],[[[113.55323,22.11629],[113.55303,22.11609],[113.55296,22.1161],[113.55284,22.11627],[113.55284,22.11632],[113.5532,22.11655],[113.55324,22.11654],[113.55334,22.11635],[113.55323,22.11629]]],[[[113.55804,22.12248],[113.55808,22.12248],[113.55818,22.12262],[113.55822,22.12259],[113.55826,22.12262],[113.55843,22.12256],[113.55825,22.1224],[113.55816,22.12238],[113.55804,22.12248]]],[[[113.55788,22.12603],[113.55791,22.12611],[113.55808,22.12618],[113.55811,22.12623],[113.55806,22.12625],[113.55811,22.12633],[113.55814,22.12623],[113.5581,22.12616],[113.55819,22.12601],[113.55818,22.12595],[113.55825,22.12582],[113.55819,22.1258],[113.55795,22.12583],[113.55786,22.12594],[113.55779,22.12594],[113.5578,22.126],[113.55788,22.12603]]],[[[113.55922,22.13155],[113.55927,22.13159],[113.55933,22.13159],[113.5594,22.13152],[113.55938,22.13141],[113.55926,22.13132],[113.55911,22.13133],[113.559,22.13142],[113.55911,22.13138],[113.5592,22.13145],[113.55922,22.13155]]],[[[113.55846,22.13209],[113.55842,22.13218],[113.55844,22.13224],[113.55852,22.13231],[113.55899,22.1323],[113.5591,22.1322],[113.55909,22.13208],[113.55896,22.132],[113.55855,22.13204],[113.55846,22.13209]]],[[[113.55801,22.13295],[113.55787,22.13303],[113.55786,22.13325],[113.55789,22.13327],[113.55796,22.13324],[113.55795,22.13318],[113.55799,22.13314],[113.55814,22.13311],[113.55819,22.13313],[113.5582,22.13317],[113.55819,22.13328],[113.55815,22.13331],[113.55788,22.13332],[113.55787,22.13342],[113.55792,22.13348],[113.55837,22.13342],[113.55828,22.13301],[113.55818,22.13294],[113.55801,22.13295]]],[[[113.55688,22.13312],[113.55672,22.1331],[113.55667,22.13302],[113.55669,22.13295],[113.55677,22.13289],[113.55678,22.13284],[113.55671,22.13276],[113.55643,22.13275],[113.55611,22.13285],[113.55592,22.13304],[113.55582,22.13324],[113.55577,22.13328],[113.55577,22.13338],[113.55591,22.13345],[113.55591,22.13355],[113.55587,22.13363],[113.55584,22.13361],[113.55582,22.13363],[113.55585,22.13367],[113.55583,22.13373],[113.55596,22.13378],[113.55656,22.13349],[113.5569,22.13352],[113.55687,22.13332],[113.55688,22.13312]]],[[[113.55326,22.13304],[113.55316,22.13321],[113.55316,22.13332],[113.55307,22.13337],[113.55304,22.13342],[113.55305,22.13356],[113.55319,22.13361],[113.55332,22.1336],[113.55336,22.13356],[113.55335,22.13335],[113.55343,22.13329],[113.55344,22.13317],[113.55343,22.13306],[113.55326,22.13304]]],[[[113.55837,22.13353],[113.55831,22.13351],[113.558,22.13353],[113.55784,22.13363],[113.55783,22.13381],[113.55791,22.13401],[113.558,22.13394],[113.55797,22.1339],[113.55799,22.13373],[113.55816,22.1337],[113.55824,22.13377],[113.55827,22.13385],[113.55826,22.13392],[113.55817,22.13399],[113.55805,22.13398],[113.55791,22.13407],[113.55801,22.13442],[113.55824,22.13444],[113.55834,22.13436],[113.5584,22.13415],[113.55837,22.13353]]],[[[113.55628,22.13448],[113.55624,22.13459],[113.55627,22.13483],[113.55651,22.13518],[113.55652,22.13524],[113.55644,22.13543],[113.55628,22.13561],[113.55623,22.13573],[113.55624,22.13588],[113.55616,22.13604],[113.55585,22.13628],[113.55582,22.13645],[113.55584,22.13658],[113.55588,22.13665],[113.55589,22.13678],[113.5558,22.13685],[113.55558,22.13718],[113.55554,22.13754],[113.55559,22.13759],[113.5557,22.13756],[113.55589,22.13774],[113.55603,22.13772],[113.55629,22.13787],[113.55642,22.13786],[113.5566,22.13776],[113.55677,22.1378],[113.55687,22.13771],[113.55699,22.13778],[113.55705,22.13778],[113.55714,22.13766],[113.55723,22.13767],[113.55728,22.13774],[113.55745,22.13768],[113.5576,22.13774],[113.5577,22.1377],[113.55773,22.13764],[113.5577,22.13755],[113.55755,22.13741],[113.55737,22.1374],[113.55727,22.13731],[113.55725,22.13723],[113.55732,22.13713],[113.55738,22.13705],[113.55747,22.13702],[113.55787,22.13702],[113.55799,22.13698],[113.55823,22.13702],[113.55829,22.13699],[113.5584,22.13691],[113.55839,22.13668],[113.55841,22.1366],[113.55849,22.13662],[113.55846,22.13656],[113.5585,22.13654],[113.55848,22.1365],[113.55839,22.1365],[113.55832,22.13644],[113.55826,22.13641],[113.5581,22.1364],[113.55799,22.13654],[113.55756,22.13664],[113.55751,22.13663],[113.55747,22.13648],[113.55742,22.13645],[113.55735,22.13648],[113.55713,22.13676],[113.55716,22.13687],[113.55708,22.13702],[113.55702,22.13706],[113.55701,22.13732],[113.55691,22.13745],[113.55683,22.1375],[113.5567,22.13748],[113.55663,22.13736],[113.55648,22.13733],[113.5564,22.13736],[113.55629,22.13746],[113.55614,22.13748],[113.55597,22.13735],[113.55592,22.13717],[113.55594,22.13714],[113.55593,22.13709],[113.55621,22.13695],[113.55628,22.13687],[113.55629,22.13677],[113.55622,22.13655],[113.55626,22.13634],[113.55646,22.13616],[113.55657,22.13597],[113.55679,22.13578],[113.5568,22.1357],[113.55684,22.13567],[113.55687,22.13559],[113.55688,22.13543],[113.55705,22.13528],[113.55707,22.13517],[113.55712,22.13513],[113.55711,22.13486],[113.55726,22.13462],[113.55721,22.13446],[113.55735,22.13424],[113.55725,22.13407],[113.55724,22.134],[113.55725,22.13389],[113.55735,22.13371],[113.55738,22.1336],[113.5574,22.13299],[113.55719,22.13298],[113.55704,22.1331],[113.55697,22.13339],[113.55697,22.13383],[113.55687,22.13387],[113.55674,22.13399],[113.55661,22.13403],[113.55628,22.13448]],[[113.55843,22.13654],[113.55837,22.13664],[113.55837,22.13691],[113.55822,22.13697],[113.55799,22.13695],[113.55792,22.13697],[113.55782,22.13684],[113.55784,22.13692],[113.55781,22.13694],[113.55778,22.13692],[113.55776,22.13681],[113.55771,22.13674],[113.55776,22.13674],[113.55777,22.13677],[113.55784,22.13677],[113.55781,22.13673],[113.55782,22.13667],[113.55786,22.13664],[113.55798,22.13665],[113.55799,22.13659],[113.55814,22.13642],[113.55832,22.13645],[113.55839,22.1365],[113.55843,22.13654]],[[113.55749,22.13673],[113.55742,22.13681],[113.55734,22.13685],[113.55721,22.13683],[113.5572,22.13669],[113.55726,22.13663],[113.55748,22.13668],[113.55749,22.13673]],[[113.55781,22.13695],[113.55782,22.13695],[113.55781,22.13698],[113.55781,22.13695]],[[113.55659,22.13756],[113.55657,22.13752],[113.55667,22.13752],[113.55667,22.13758],[113.55659,22.13756]]],[[[113.55938,22.13544],[113.55933,22.13536],[113.55931,22.13519],[113.5592,22.13507],[113.55909,22.13512],[113.55916,22.13519],[113.55916,22.13526],[113.55907,22.13543],[113.55885,22.13549],[113.55877,22.13554],[113.55877,22.1356],[113.55903,22.13577],[113.55928,22.1358],[113.55951,22.13568],[113.55964,22.1355],[113.55963,22.13545],[113.55938,22.13544]]],[[[113.55864,22.13618],[113.55869,22.1361],[113.55877,22.13612],[113.5588,22.13617],[113.55878,22.13629],[113.55884,22.13621],[113.55885,22.13613],[113.55878,22.1361],[113.55878,22.13604],[113.55881,22.13591],[113.55888,22.13588],[113.55877,22.13578],[113.55875,22.13583],[113.55879,22.13588],[113.55877,22.13605],[113.55868,22.13604],[113.55859,22.13597],[113.55856,22.1359],[113.55851,22.13598],[113.55863,22.13602],[113.55861,22.13619],[113.5585,22.13618],[113.55848,22.13611],[113.55845,22.1361],[113.55845,22.13621],[113.55848,22.13625],[113.55861,22.13626],[113.55862,22.13634],[113.55869,22.13633],[113.55864,22.13618]]],[[[113.55482,22.13693],[113.55475,22.13667],[113.55481,22.13658],[113.55482,22.13648],[113.55492,22.13637],[113.55485,22.13602],[113.55493,22.13571],[113.55487,22.13548],[113.5549,22.13545],[113.55487,22.13542],[113.5549,22.13533],[113.55495,22.1353],[113.55492,22.13527],[113.55491,22.13516],[113.55494,22.13515],[113.55493,22.1351],[113.55489,22.13504],[113.55511,22.13476],[113.55515,22.13475],[113.55524,22.13456],[113.55521,22.13451],[113.55523,22.13442],[113.55527,22.13443],[113.55525,22.13416],[113.55519,22.13404],[113.55517,22.13381],[113.55508,22.13352],[113.55511,22.13334],[113.55523,22.13325],[113.55522,22.1332],[113.55515,22.13319],[113.55481,22.13323],[113.55465,22.13332],[113.55456,22.13346],[113.55456,22.13357],[113.55459,22.13361],[113.55485,22.13381],[113.55499,22.13397],[113.55503,22.13407],[113.55501,22.13416],[113.55486,22.13429],[113.55455,22.13421],[113.55429,22.13434],[113.55409,22.13455],[113.55409,22.13464],[113.55418,22.13478],[113.55414,22.13486],[113.55419,22.13488],[113.55435,22.13515],[113.55441,22.13517],[113.55454,22.13534],[113.5546,22.13553],[113.5545,22.1357],[113.55447,22.13588],[113.5545,22.136],[113.55439,22.13619],[113.55439,22.13639],[113.55431,22.13658],[113.55433,22.13671],[113.55448,22.13694],[113.55441,22.13708],[113.55442,22.13716],[113.55433,22.13745],[113.55441,22.13777],[113.55439,22.13788],[113.55413,22.13829],[113.55412,22.13866],[113.55421,22.13875],[113.55422,22.13885],[113.55415,22.13891],[113.55415,22.13896],[113.5542,22.13902],[113.55419,22.13908],[113.55404,22.13914],[113.55394,22.13906],[113.55379,22.139],[113.55374,22.13901],[113.55366,22.1391],[113.55365,22.13915],[113.55369,22.13919],[113.55385,22.13915],[113.554,22.13919],[113.55413,22.13919],[113.55425,22.13914],[113.55456,22.13914],[113.55478,22.1391],[113.55486,22.13888],[113.55483,22.13866],[113.55471,22.13868],[113.55449,22.13857],[113.55439,22.13856],[113.55446,22.13855],[113.55462,22.13823],[113.55472,22.13816],[113.55482,22.13793],[113.5548,22.13763],[113.55474,22.13752],[113.55477,22.13743],[113.55471,22.13728],[113.55482,22.13693]],[[113.55442,22.13899],[113.55439,22.13894],[113.55439,22.13888],[113.55434,22.13872],[113.55437,22.13864],[113.55448,22.13867],[113.55452,22.13873],[113.55454,22.13869],[113.55458,22.13871],[113.55456,22.13877],[113.55466,22.13878],[113.55466,22.13886],[113.55471,22.13889],[113.55465,22.13904],[113.55471,22.13907],[113.55442,22.13899]]],[[[113.55303,22.13836],[113.55299,22.13799],[113.55315,22.13757],[113.55314,22.13735],[113.5531,22.13718],[113.55301,22.13713],[113.55307,22.13678],[113.55309,22.13636],[113.55303,22.13628],[113.55305,22.13557],[113.55301,22.13542],[113.5529,22.13536],[113.55287,22.13536],[113.5529,22.13549],[113.55282,22.13563],[113.5528,22.13576],[113.55286,22.13585],[113.55283,22.1367],[113.55284,22.13888],[113.55296,22.13922],[113.55302,22.13926],[113.55312,22.13928],[113.55359,22.1392],[113.55356,22.13916],[113.55321,22.13922],[113.5531,22.13922],[113.55301,22.13919],[113.55297,22.13885],[113.55302,22.13869],[113.55308,22.13862],[113.55308,22.1385],[113.55303,22.13836]]],[[[113.55709,22.13821],[113.55709,22.1384],[113.557,22.13854],[113.55684,22.13865],[113.55663,22.13867],[113.55623,22.13846],[113.55609,22.13845],[113.55593,22.13855],[113.55581,22.13856],[113.55574,22.13853],[113.55568,22.1386],[113.55547,22.13869],[113.55545,22.13877],[113.55541,22.1388],[113.55523,22.13877],[113.55522,22.13886],[113.55513,22.13895],[113.55506,22.13897],[113.55494,22.13894],[113.55487,22.13906],[113.55504,22.13911],[113.55672,22.13896],[113.55733,22.13826],[113.5573,22.13821],[113.55709,22.13821]]],[[[113.55416,22.14181],[113.55414,22.14185],[113.5541,22.14185],[113.55401,22.14173],[113.5538,22.14169],[113.55349,22.14175],[113.55316,22.14194],[113.55285,22.14204],[113.55286,22.14209],[113.55305,22.14214],[113.55299,22.14241],[113.55302,22.1426],[113.55306,22.14266],[113.55325,22.14274],[113.55342,22.14275],[113.55407,22.14271],[113.55457,22.14263],[113.55528,22.14262],[113.55562,22.14265],[113.55605,22.14261],[113.55619,22.14253],[113.55653,22.1425],[113.55663,22.14246],[113.557,22.14218],[113.55708,22.14205],[113.557,22.14187],[113.55704,22.14182],[113.55704,22.14173],[113.5569,22.14158],[113.55672,22.14147],[113.55661,22.14127],[113.55657,22.1411],[113.55679,22.14074],[113.55674,22.14071],[113.55656,22.141],[113.55642,22.14103],[113.55592,22.14086],[113.55584,22.14071],[113.55559,22.14069],[113.55539,22.14062],[113.55523,22.1407],[113.55515,22.14069],[113.55492,22.14057],[113.55479,22.14031],[113.55472,22.14036],[113.55487,22.14066],[113.55485,22.1407],[113.55459,22.14074],[113.55434,22.14092],[113.55411,22.14092],[113.55406,22.14078],[113.55343,22.14079],[113.55316,22.14083],[113.55334,22.1405],[113.55348,22.14043],[113.55379,22.14038],[113.55388,22.14041],[113.55402,22.14036],[113.55438,22.14037],[113.55448,22.14034],[113.55465,22.14036],[113.55476,22.14028],[113.55555,22.14027],[113.55598,22.1402],[113.55643,22.1403],[113.55651,22.14034],[113.55657,22.14049],[113.55673,22.14069],[113.55677,22.14066],[113.55666,22.14055],[113.55664,22.14046],[113.55661,22.14046],[113.55654,22.14028],[113.55617,22.14015],[113.55572,22.1402],[113.55529,22.14019],[113.55348,22.14035],[113.55331,22.14043],[113.55318,22.14057],[113.55308,22.14072],[113.55303,22.14085],[113.55304,22.14092],[113.55297,22.14104],[113.55284,22.14108],[113.55282,22.14112],[113.55286,22.14118],[113.55328,22.14126],[113.5539,22.14119],[113.55404,22.14121],[113.55407,22.14125],[113.55416,22.14181]],[[113.55585,22.14184],[113.55567,22.14182],[113.55552,22.14184],[113.55527,22.14182],[113.55522,22.14177],[113.55487,22.14182],[113.55468,22.14182],[113.55452,22.14175],[113.5544,22.14175],[113.55426,22.14188],[113.55423,22.14185],[113.55425,22.14179],[113.55416,22.14125],[113.5544,22.14127],[113.55511,22.14115],[113.55575,22.14114],[113.55606,22.14126],[113.5561,22.14148],[113.55603,22.14175],[113.55585,22.14184]],[[113.55516,22.14199],[113.55531,22.14201],[113.55537,22.14202],[113.55538,22.14208],[113.55543,22.14214],[113.55553,22.14216],[113.5557,22.14209],[113.55611,22.14205],[113.55621,22.14207],[113.55624,22.14218],[113.55628,22.14218],[113.55631,22.14212],[113.55648,22.14219],[113.55663,22.14229],[113.55664,22.14233],[113.5565,22.14244],[113.55591,22.14251],[113.55559,22.14249],[113.55552,22.14257],[113.55509,22.14253],[113.5545,22.14258],[113.55448,22.14256],[113.5545,22.1425],[113.55475,22.14244],[113.55476,22.14231],[113.55488,22.14214],[113.55489,22.14205],[113.55516,22.14199]],[[113.55411,22.14222],[113.55424,22.14211],[113.55435,22.14213],[113.55438,22.14218],[113.55432,22.14233],[113.55435,22.14259],[113.55384,22.14268],[113.55337,22.14269],[113.5531,22.14243],[113.55309,22.14237],[113.55318,22.14217],[113.5536,22.14223],[113.55411,22.14222]]],[[[113.55956,22.15317],[113.55941,22.15348],[113.55948,22.15353],[113.55957,22.1535],[113.55963,22.15333],[113.55973,22.15323],[113.55956,22.15317]]],[[[113.55993,22.15339],[113.55981,22.15328],[113.55975,22.15326],[113.55967,22.15332],[113.55964,22.15347],[113.55957,22.15354],[113.55963,22.15358],[113.55964,22.15362],[113.55971,22.15362],[113.55975,22.15357],[113.55976,22.15347],[113.55984,22.1534],[113.55993,22.15339]]],[[[113.55004,22.15515],[113.54998,22.15495],[113.54991,22.15489],[113.54975,22.15484],[113.54922,22.15477],[113.54818,22.15472],[113.54758,22.15479],[113.54742,22.15484],[113.54732,22.15489],[113.54717,22.15508],[113.54711,22.15529],[113.5472,22.15535],[113.54746,22.15538],[113.54782,22.15537],[113.54805,22.15519],[113.54917,22.1552],[113.5496,22.15534],[113.54963,22.15537],[113.54988,22.15529],[113.55004,22.15515]]],[[[113.55852,22.15552],[113.55882,22.15531],[113.55879,22.15525],[113.55872,22.15525],[113.55871,22.15517],[113.55865,22.1552],[113.55864,22.15518],[113.55835,22.15535],[113.55852,22.15552]]],[[[113.55715,22.15652],[113.55726,22.15651],[113.55727,22.15642],[113.55723,22.15638],[113.55723,22.15632],[113.55715,22.15625],[113.557,22.15623],[113.55692,22.15614],[113.55685,22.15617],[113.55683,22.15631],[113.55693,22.15631],[113.55703,22.15635],[113.55703,22.15639],[113.55715,22.15652]]],[[[113.55119,22.16457],[113.55118,22.16472],[113.55111,22.16477],[113.55112,22.1649],[113.55123,22.165],[113.55147,22.16502],[113.55165,22.16514],[113.55176,22.16517],[113.55203,22.16499],[113.55225,22.16502],[113.55233,22.16499],[113.55246,22.16485],[113.55264,22.16477],[113.55292,22.16479],[113.55339,22.16499],[113.55357,22.16502],[113.55369,22.165],[113.55383,22.16493],[113.55411,22.16465],[113.55425,22.16457],[113.55425,22.16454],[113.55423,22.16449],[113.55384,22.16413],[113.55376,22.16414],[113.5536,22.16434],[113.55352,22.16431],[113.55335,22.16436],[113.55313,22.16438],[113.5529,22.16432],[113.5525,22.16405],[113.55237,22.16399],[113.55215,22.16402],[113.55163,22.16418],[113.55147,22.16437],[113.55119,22.16457]]],[[[113.55147,22.18763],[113.55154,22.18758],[113.5512,22.18745],[113.55126,22.18759],[113.55122,22.18761],[113.55124,22.18766],[113.55119,22.18768],[113.55112,22.18777],[113.55113,22.1878],[113.55108,22.18782],[113.5511,22.18787],[113.55106,22.18789],[113.55097,22.18802],[113.55133,22.18788],[113.55132,22.18781],[113.55143,22.18775],[113.55147,22.18763]]],[[[113.55544,22.18835],[113.55506,22.1882],[113.55491,22.18856],[113.55503,22.1886],[113.55523,22.18841],[113.55544,22.18835]]],[[[113.55729,22.18928],[113.55711,22.18917],[113.55644,22.189],[113.55618,22.18879],[113.55599,22.18955],[113.55613,22.18971],[113.55729,22.18928]]],[[[113.55391,22.18983],[113.55397,22.18985],[113.55424,22.18922],[113.55463,22.1893],[113.55464,22.18926],[113.55423,22.18911],[113.55391,22.18983]]],[[[113.55368,22.19049],[113.55395,22.1899],[113.55389,22.18988],[113.55363,22.19047],[113.55368,22.19049]]],[[[113.55405,22.1906],[113.55427,22.19065],[113.5544,22.19009],[113.5543,22.19005],[113.55405,22.1906]]],[[[113.55448,22.19298],[113.55436,22.19294],[113.55424,22.19298],[113.55419,22.19302],[113.55416,22.19313],[113.55417,22.19319],[113.55425,22.19328],[113.55438,22.1933],[113.55453,22.1932],[113.55455,22.19308],[113.55448,22.19298]]],[[[113.56181,22.2002],[113.56177,22.20005],[113.56162,22.19986],[113.56148,22.19978],[113.55738,22.19863],[113.55716,22.19848],[113.55707,22.19837],[113.55701,22.19826],[113.55694,22.19801],[113.55672,22.19774],[113.55651,22.19765],[113.55627,22.19766],[113.55613,22.19772],[113.55524,22.19831],[113.55519,22.19838],[113.55516,22.19847],[113.55517,22.19889],[113.55448,22.2018],[113.55449,22.20194],[113.55458,22.20214],[113.55493,22.20245],[113.55517,22.20258],[113.55589,22.20275],[113.5566,22.20303],[113.55724,22.20333],[113.55733,22.20331],[113.55749,22.20312],[113.55754,22.20309],[113.55761,22.20307],[113.55787,22.20313],[113.55819,22.20332],[113.55845,22.20354],[113.55853,22.20364],[113.55863,22.20388],[113.559,22.20409],[113.56001,22.20438],[113.56025,22.20438],[113.56046,22.20428],[113.56059,22.2041],[113.56179,22.20036],[113.56181,22.2002]]],[[[113.55312,22.22244],[113.55298,22.22211],[113.55282,22.22216],[113.55293,22.22242],[113.55284,22.22244],[113.55288,22.22253],[113.55312,22.22244]]],[[[113.55537,22.22519],[113.55544,22.22506],[113.55509,22.22491],[113.55502,22.22504],[113.55537,22.22519]]],[[[113.56807,22.11881],[113.56805,22.11876],[113.56804,22.11877],[113.56806,22.11884],[113.56815,22.11888],[113.56822,22.11884],[113.5682,22.11881],[113.56807,22.11881]]],[[[113.56812,22.11871],[113.56813,22.11869],[113.56813,22.11865],[113.56797,22.11853],[113.56797,22.11855],[113.56812,22.11866],[113.56805,22.11876],[113.56812,22.11871]]],[[[113.56801,22.11835],[113.568,22.11834],[113.56794,22.11843],[113.56795,22.11845],[113.56801,22.11835]]],[[[113.56795,22.11819],[113.56789,22.11821],[113.56789,22.11826],[113.56797,22.11828],[113.568,22.11834],[113.56795,22.11819]]],[[[113.5681,22.11806],[113.56814,22.11802],[113.5681,22.11792],[113.56827,22.1178],[113.56808,22.11792],[113.56813,22.11801],[113.56805,22.11807],[113.5681,22.11806]]],[[[113.56736,22.11835],[113.56732,22.11839],[113.56735,22.11855],[113.56758,22.1186],[113.56777,22.11858],[113.56777,22.11847],[113.56772,22.11841],[113.56736,22.11835]]],[[[113.57175,22.12269],[113.57161,22.12242],[113.57164,22.12257],[113.57172,22.12273],[113.5717,22.12282],[113.57131,22.12284],[113.57097,22.12295],[113.57069,22.123],[113.57095,22.12296],[113.57136,22.12285],[113.57171,22.12284],[113.57177,22.12279],[113.57175,22.12269]]],[[[113.57976,22.12462],[113.57978,22.12455],[113.57984,22.12458],[113.57997,22.12455],[113.58,22.12452],[113.58001,22.12443],[113.57997,22.12439],[113.57976,22.12431],[113.5796,22.12428],[113.57942,22.12435],[113.57926,22.12427],[113.57902,22.12428],[113.57899,22.12423],[113.579,22.12405],[113.57915,22.12396],[113.57947,22.12388],[113.57945,22.12382],[113.57911,22.12393],[113.57896,22.12402],[113.57893,22.12418],[113.57897,22.12432],[113.57896,22.12442],[113.57899,22.12447],[113.57913,22.12451],[113.57953,22.12449],[113.57974,22.12456],[113.57976,22.12462]]],[[[113.57717,22.12485],[113.57717,22.12478],[113.57749,22.12478],[113.5775,22.12467],[113.57709,22.12467],[113.57708,22.12485],[113.57717,22.12485]]],[[[113.57041,22.12637],[113.57047,22.12636],[113.5705,22.1263],[113.5705,22.12616],[113.57057,22.12606],[113.57093,22.12585],[113.57106,22.12586],[113.57133,22.12601],[113.57177,22.12613],[113.57199,22.1263],[113.57218,22.12637],[113.57223,22.12634],[113.57224,22.12629],[113.57188,22.12599],[113.57148,22.12575],[113.57114,22.12535],[113.57109,22.12528],[113.57107,22.12519],[113.57119,22.12485],[113.57119,22.12465],[113.57084,22.12459],[113.5706,22.1248],[113.57021,22.12495],[113.56999,22.12498],[113.56979,22.1249],[113.56931,22.12508],[113.56927,22.12512],[113.56934,22.12518],[113.56969,22.1252],[113.57005,22.12527],[113.57043,22.12522],[113.57054,22.12528],[113.57058,22.12543],[113.57039,22.12577],[113.57034,22.12582],[113.57019,22.12585],[113.57016,22.12588],[113.57017,22.12598],[113.57024,22.12617],[113.57041,22.12637]]],[[[113.56276,22.12618],[113.56287,22.1262],[113.56294,22.12618],[113.56284,22.12612],[113.56285,22.12603],[113.56251,22.1259],[113.56245,22.12608],[113.56261,22.12621],[113.56264,22.1262],[113.56263,22.12616],[113.56269,22.12618],[113.56269,22.12629],[113.56279,22.12622],[113.56276,22.12618]]],[[[113.58052,22.12738],[113.58079,22.12751],[113.58128,22.12756],[113.58141,22.12744],[113.58142,22.12733],[113.58135,22.12729],[113.58116,22.12746],[113.58103,22.12742],[113.58089,22.12745],[113.58079,22.1274],[113.58064,22.12722],[113.5807,22.12708],[113.58068,22.12701],[113.58061,22.12703],[113.58055,22.12698],[113.58037,22.12713],[113.58032,22.1271],[113.58028,22.12698],[113.58022,22.12695],[113.58017,22.12705],[113.58013,22.12701],[113.58012,22.12705],[113.58009,22.12705],[113.58002,22.12701],[113.57983,22.12716],[113.57981,22.12721],[113.57989,22.12728],[113.58014,22.12739],[113.58014,22.12754],[113.58018,22.12763],[113.58029,22.12758],[113.58037,22.12744],[113.58052,22.12738]]],[[[113.56506,22.13028],[113.56513,22.13034],[113.56542,22.13033],[113.56554,22.13028],[113.56567,22.13016],[113.56542,22.12981],[113.56494,22.1299],[113.56496,22.1301],[113.56506,22.13028]]],[[[113.57793,22.13086],[113.57794,22.13076],[113.57785,22.13052],[113.57785,22.1301],[113.57782,22.13005],[113.57746,22.13007],[113.5771,22.13022],[113.57696,22.13021],[113.57681,22.13049],[113.5768,22.13058],[113.57703,22.13053],[113.57717,22.13055],[113.57733,22.13067],[113.57748,22.13086],[113.57766,22.13088],[113.57778,22.13094],[113.57793,22.13086]],[[113.57775,22.13021],[113.57776,22.13054],[113.57772,22.1306],[113.57759,22.13061],[113.57741,22.13053],[113.57738,22.13043],[113.57745,22.13023],[113.57755,22.13016],[113.57764,22.13015],[113.57775,22.13021]]],[[[113.5796,22.13061],[113.57973,22.13079],[113.57987,22.13075],[113.57998,22.13062],[113.57969,22.13057],[113.5796,22.13061]]],[[[113.57423,22.13198],[113.57439,22.13167],[113.57434,22.13161],[113.57423,22.13166],[113.57416,22.13175],[113.5742,22.13198],[113.57423,22.13198]]],[[[113.56641,22.13488],[113.5664,22.13482],[113.56623,22.13461],[113.5661,22.13453],[113.56595,22.13421],[113.56591,22.13396],[113.56586,22.13389],[113.56585,22.13381],[113.56589,22.13374],[113.56586,22.13342],[113.5656,22.13241],[113.56551,22.13228],[113.56551,22.13222],[113.56555,22.13218],[113.56547,22.13173],[113.56492,22.13173],[113.56475,22.13168],[113.56425,22.13145],[113.56388,22.13134],[113.56365,22.13135],[113.56349,22.1314],[113.56332,22.13155],[113.56328,22.13155],[113.56314,22.13181],[113.56318,22.13188],[113.56314,22.13207],[113.56322,22.13365],[113.56325,22.13365],[113.56325,22.13377],[113.56322,22.13377],[113.56325,22.13427],[113.56323,22.13427],[113.56327,22.13485],[113.56332,22.13504],[113.56339,22.13509],[113.56358,22.13513],[113.56632,22.13501],[113.56641,22.13488]]],[[[113.57631,22.13451],[113.57616,22.13445],[113.57611,22.13437],[113.57611,22.13428],[113.57618,22.13414],[113.57621,22.13401],[113.57629,22.13389],[113.57684,22.13369],[113.57696,22.13378],[113.57737,22.1332],[113.5773,22.13312],[113.57725,22.13296],[113.57724,22.13236],[113.57736,22.13189],[113.57724,22.13169],[113.57696,22.13184],[113.57631,22.13198],[113.57617,22.13209],[113.57611,22.13235],[113.57571,22.13268],[113.57551,22.13269],[113.57536,22.13263],[113.57524,22.13247],[113.57521,22.13233],[113.57524,22.13221],[113.57521,22.13209],[113.57509,22.13197],[113.575,22.13199],[113.57497,22.13204],[113.57497,22.1323],[113.57492,22.13253],[113.57484,22.13273],[113.5747,22.13287],[113.5747,22.13293],[113.57474,22.13298],[113.57496,22.13308],[113.57526,22.13313],[113.57538,22.13323],[113.57563,22.13335],[113.57564,22.1335],[113.57546,22.13383],[113.57544,22.13395],[113.5752,22.13404],[113.57513,22.1342],[113.5749,22.13431],[113.57476,22.13433],[113.57454,22.13445],[113.57463,22.13466],[113.57482,22.13463],[113.57496,22.13466],[113.57532,22.13478],[113.57549,22.13491],[113.5758,22.13497],[113.57607,22.13514],[113.57614,22.13513],[113.57627,22.13493],[113.57633,22.1347],[113.57631,22.13451]]],[[[113.57822,22.13421],[113.57825,22.13414],[113.57784,22.13392],[113.57739,22.13354],[113.57736,22.1336],[113.57822,22.13421]]],[[[113.56088,22.13672],[113.56092,22.13674],[113.56105,22.13676],[113.56116,22.13671],[113.56113,22.13652],[113.56121,22.13654],[113.56127,22.13646],[113.56124,22.13618],[113.56103,22.13545],[113.56087,22.13534],[113.5606,22.13533],[113.56051,22.13538],[113.56046,22.1355],[113.56047,22.13556],[113.5606,22.13552],[113.56071,22.13554],[113.56076,22.13572],[113.56082,22.1358],[113.56081,22.136],[113.56076,22.13608],[113.56068,22.13612],[113.56043,22.13612],[113.56031,22.13624],[113.56025,22.13641],[113.56034,22.13649],[113.56058,22.13646],[113.56071,22.13641],[113.56082,22.13648],[113.56088,22.13672]],[[113.5608,22.13613],[113.56083,22.13624],[113.5607,22.13626],[113.56058,22.13624],[113.56057,22.1362],[113.5608,22.13613]]],[[[113.57053,22.13879],[113.57047,22.13875],[113.57045,22.13866],[113.57039,22.13863],[113.57014,22.13871],[113.57001,22.13868],[113.56989,22.13875],[113.56982,22.13872],[113.56973,22.13876],[113.56958,22.13872],[113.56945,22.13878],[113.56943,22.13887],[113.5695,22.13895],[113.56973,22.13887],[113.56989,22.13885],[113.57038,22.13891],[113.57053,22.13879]]],[[[113.57916,22.13919],[113.57942,22.13913],[113.57942,22.13906],[113.57904,22.13888],[113.5789,22.13885],[113.57884,22.13894],[113.57912,22.13907],[113.5791,22.13915],[113.57916,22.13919]]],[[[113.56927,22.14153],[113.56928,22.1414],[113.56917,22.14133],[113.56908,22.14134],[113.56902,22.1414],[113.56903,22.14153],[113.5691,22.14158],[113.56919,22.14158],[113.56927,22.14153]]],[[[113.5729,22.14173],[113.57279,22.14171],[113.57266,22.14173],[113.57253,22.14182],[113.57253,22.14189],[113.57263,22.14225],[113.57269,22.14231],[113.57275,22.14234],[113.57291,22.14232],[113.57303,22.14222],[113.57308,22.14209],[113.57299,22.14182],[113.5729,22.14173]]],[[[113.56342,22.14706],[113.56341,22.14687],[113.56329,22.14685],[113.56309,22.147],[113.56314,22.14707],[113.56342,22.14706]]],[[[113.56239,22.14712],[113.56244,22.14716],[113.56244,22.14739],[113.56253,22.14735],[113.56282,22.14734],[113.56282,22.14726],[113.56269,22.14715],[113.56267,22.14701],[113.56247,22.147],[113.56239,22.14706],[113.56239,22.14712]]],[[[113.57005,22.1489],[113.57002,22.14879],[113.57063,22.14826],[113.57054,22.14704],[113.56994,22.14657],[113.56989,22.14645],[113.56957,22.14648],[113.56948,22.14652],[113.56944,22.14759],[113.56937,22.14819],[113.56925,22.14882],[113.56933,22.1489],[113.57005,22.1489]]],[[[113.56746,22.14793],[113.56639,22.14797],[113.56671,22.14811],[113.56672,22.14814],[113.56665,22.14818],[113.56675,22.1482],[113.56701,22.1482],[113.56695,22.14815],[113.56696,22.14812],[113.56729,22.14801],[113.56746,22.14793]]],[[[113.56841,22.14897],[113.56846,22.14867],[113.56855,22.14842],[113.56847,22.14846],[113.56843,22.14852],[113.56838,22.14884],[113.56841,22.14897]]],[[[113.56851,22.14873],[113.56846,22.149],[113.56853,22.14894],[113.56858,22.14883],[113.56861,22.14847],[113.56851,22.14873]]],[[[113.56275,22.14919],[113.56277,22.14942],[113.5627,22.14942],[113.56265,22.14947],[113.56269,22.14952],[113.56248,22.14964],[113.5625,22.1497],[113.56224,22.14979],[113.56226,22.14985],[113.56203,22.14992],[113.56202,22.15006],[113.56219,22.15013],[113.56228,22.1501],[113.56231,22.15017],[113.56245,22.15021],[113.56252,22.15018],[113.56257,22.15025],[113.5627,22.15029],[113.56278,22.15026],[113.56282,22.15028],[113.56284,22.15032],[113.56297,22.15035],[113.56305,22.1503],[113.56309,22.15033],[113.5631,22.15037],[113.56344,22.15042],[113.56358,22.15038],[113.56361,22.1503],[113.56356,22.1492],[113.56338,22.1492],[113.56338,22.14905],[113.56356,22.14905],[113.56344,22.14738],[113.56331,22.14739],[113.56332,22.14757],[113.56336,22.14758],[113.56337,22.14783],[113.56333,22.14787],[113.56334,22.14796],[113.56317,22.14797],[113.5632,22.14842],[113.5631,22.14842],[113.56311,22.14861],[113.56278,22.14862],[113.5628,22.14877],[113.56284,22.14877],[113.56285,22.14899],[113.56268,22.149],[113.56268,22.14919],[113.56275,22.14919]]],[[[113.55972,22.15296],[113.55957,22.15311],[113.55976,22.15319],[113.5602,22.15351],[113.56045,22.15363],[113.56057,22.15375],[113.56059,22.15385],[113.56063,22.15387],[113.5607,22.15359],[113.5608,22.15355],[113.56106,22.15356],[113.56118,22.15352],[113.56142,22.15317],[113.56185,22.15283],[113.56207,22.15272],[113.56208,22.1526],[113.56234,22.1522],[113.56247,22.15213],[113.56254,22.15213],[113.56293,22.15219],[113.56298,22.15217],[113.563,22.152],[113.5631,22.15192],[113.56302,22.15168],[113.56302,22.15154],[113.56306,22.15142],[113.56315,22.15134],[113.56298,22.15121],[113.56103,22.15061],[113.56032,22.15045],[113.55928,22.15032],[113.55921,22.15045],[113.55941,22.15059],[113.55943,22.15085],[113.5593,22.15095],[113.55923,22.15117],[113.55923,22.15148],[113.55938,22.15157],[113.55937,22.15174],[113.55954,22.15181],[113.55981,22.15203],[113.55994,22.15236],[113.55985,22.15246],[113.5598,22.15281],[113.55972,22.15296]]],[[[113.57483,22.15369],[113.57512,22.15383],[113.57507,22.15372],[113.57539,22.15383],[113.57558,22.154],[113.57559,22.15386],[113.5735,22.15292],[113.5734,22.15299],[113.57353,22.15305],[113.57355,22.15318],[113.57352,22.15324],[113.57359,22.15327],[113.57365,22.15309],[113.57416,22.15331],[113.57459,22.15355],[113.57472,22.15366],[113.57477,22.15361],[113.57483,22.15369]]],[[[113.56003,22.15343],[113.55996,22.15342],[113.55982,22.15346],[113.55977,22.15362],[113.55984,22.15373],[113.55994,22.15376],[113.56001,22.15367],[113.56016,22.15363],[113.56021,22.15357],[113.56003,22.15343]]],[[[113.56002,22.1537],[113.55999,22.1538],[113.56004,22.15381],[113.56035,22.15366],[113.56024,22.15359],[113.56021,22.15364],[113.56002,22.1537]]],[[[113.56057,22.15381],[113.56038,22.15366],[113.56034,22.15372],[113.56017,22.15383],[113.56027,22.1539],[113.56039,22.1538],[113.56057,22.15381]]],[[[113.57185,22.15738],[113.57225,22.15755],[113.57279,22.15772],[113.57286,22.15768],[113.57291,22.15755],[113.57266,22.15747],[113.57243,22.15736],[113.57233,22.15736],[113.57203,22.15721],[113.57145,22.15705],[113.57114,22.15702],[113.57059,22.15686],[113.57035,22.15668],[113.57028,22.15673],[113.56994,22.15678],[113.56978,22.15718],[113.56992,22.15731],[113.57013,22.15742],[113.57032,22.15749],[113.57063,22.15754],[113.57071,22.15753],[113.5708,22.15746],[113.57144,22.15749],[113.57162,22.15742],[113.57185,22.15738]]],[[[113.56244,22.1585],[113.56249,22.15848],[113.5625,22.15842],[113.56261,22.15834],[113.5626,22.15832],[113.56248,22.1584],[113.5624,22.15838],[113.56239,22.15844],[113.56232,22.15849],[113.56223,22.15867],[113.56223,22.1588],[113.56231,22.15894],[113.56237,22.15894],[113.56241,22.15901],[113.56252,22.15896],[113.56253,22.15888],[113.56242,22.15878],[113.56241,22.15859],[113.56244,22.1585]]],[[[113.56726,22.16013],[113.56752,22.16002],[113.56737,22.15965],[113.56713,22.15981],[113.56713,22.15986],[113.56709,22.15987],[113.56712,22.15993],[113.56717,22.15993],[113.56726,22.16013]]],[[[113.56716,22.16077],[113.56722,22.16073],[113.56719,22.16055],[113.56691,22.16051],[113.56694,22.1607],[113.56716,22.16077]]],[[[113.56952,22.16455],[113.56916,22.16462],[113.56917,22.16466],[113.57052,22.16439],[113.57048,22.16432],[113.56952,22.16455]]],[[[113.56887,22.16466],[113.56874,22.16468],[113.56824,22.1648],[113.56743,22.16493],[113.56662,22.16493],[113.56598,22.16486],[113.56584,22.16487],[113.56586,22.16492],[113.56656,22.16501],[113.56709,22.16502],[113.56795,22.16492],[113.56894,22.16469],[113.56887,22.16466]]],[[[113.56016,22.20662],[113.56009,22.20658],[113.56001,22.20658],[113.55993,22.20667],[113.55994,22.20675],[113.56005,22.20681],[113.56016,22.20677],[113.56019,22.20669],[113.56016,22.20662]]]]}},{"type":"Feature","properties":{"layer":"border"},"geometry":{"type":"MultiLineString","coordinates":[[[113.54118,22.21302],[113.54133,22.21309],[113.54153,22.21333],[113.54172,22.21323],[113.54196,22.21367],[113.54201,22.21369],[113.54241,22.21429],[113.54339,22.21631],[113.54436,22.21695],[113.54519,22.21692],[113.54548,22.21681],[113.54704,22.21678],[113.54763,22.21656],[113.54772,22.21666],[113.54834,22.21673],[113.54875,22.21662],[113.5492,22.21661],[113.54965,22.21673],[113.55,22.21693],[113.55085,22.21704],[113.55076,22.2161],[113.55162,22.21579],[113.55203,22.216],[113.55387,22.21532]],[[113.54655,22.12062],[113.54567,22.1206],[113.5411,22.1235],[113.54076,22.12406],[113.54017,22.13545],[113.54041,22.13568],[113.54741,22.1361]],[[113.5715,22.20403],[113.58099,22.20405]],[[113.54473,22.14102],[113.54521,22.14105],[113.54515,22.14109],[113.54513,22.14119],[113.545,22.14119],[113.54499,22.14145],[113.54505,22.14146],[113.54506,22.14127],[113.54512,22.14127],[113.54505,22.14162],[113.54497,22.14295],[113.54491,22.14295],[113.5449,22.14314],[113.54496,22.14315],[113.54499,22.14336],[113.5451,22.14343],[113.54618,22.1435],[113.54638,22.14347],[113.5465,22.14342],[113.54668,22.14325],[113.54676,22.14308],[113.54675,22.14239],[113.54659,22.1424],[113.54661,22.14304],[113.54654,22.1432],[113.54646,22.14328],[113.54624,22.14337],[113.54556,22.14334],[113.54569,22.14082],[113.54578,22.14082],[113.5458,22.14049],[113.54571,22.14049],[113.54577,22.13938],[113.54553,22.13937],[113.54554,22.13933],[113.54536,22.13932],[113.5453,22.13926],[113.54535,22.13824],[113.54541,22.13819],[113.54628,22.13823],[113.54625,22.13881],[113.54637,22.13881],[113.5464,22.13811],[113.54637,22.13786],[113.54621,22.13764],[113.54598,22.13752],[113.54567,22.13749],[113.54551,22.13751],[113.54535,22.13762],[113.54526,22.13779],[113.54515,22.13965],[113.5452,22.13997],[113.54512,22.13997],[113.54511,22.13983],[113.54507,22.13983],[113.54506,22.14002],[113.54519,22.13999],[113.54519,22.14015],[113.54525,22.14021],[113.54478,22.14019],[113.54477,22.14025],[113.54468,22.14023],[113.54469,22.14019],[113.54425,22.14017],[113.54421,22.141],[113.54464,22.14102],[113.54464,22.14098],[113.54471,22.14096],[113.54474,22.14096],[113.54473,22.14102]],[[113.54696,22.13802],[113.54696,22.13815],[113.547,22.1382],[113.547,22.13816],[113.54703,22.13816],[113.54703,22.13804],[113.54696,22.13802]]]}},{"type":"Feature","properties":{"layer":"road-mid"},"geometry":{"type":"MultiLineString","coordinates":[[[113.45634,22.15352],[113.45868,22.15184],[113.46032,22.15089],[113.46174,22.15017],[113.46345,22.14944],[113.46479,22.14898],[113.4667,22.14846],[113.46808,22.14819],[113.47146,22.14771],[113.47228,22.14764],[113.47313,22.14764],[113.47401,22.14772],[113.47499,22.14789],[113.47703,22.14841],[113.48471,22.15045]],[[113.48468,22.15051],[113.47991,22.14924],[113.47499,22.14798],[113.47403,22.14779],[113.47324,22.14773],[113.4724,22.14769],[113.47149,22.14778],[113.46806,22.14827],[113.46667,22.14854],[113.46549,22.14883],[113.46338,22.14954],[113.46188,22.15017],[113.46039,22.15092],[113.45917,22.15165],[113.45805,22.15237],[113.45698,22.15315]],[[113.48113,22.21929],[113.4684,22.21545]],[[113.47106,22.12334],[113.47547,22.12414],[113.47784,22.12449],[113.48067,22.12501],[113.48138,22.12509],[113.48353,22.12548],[113.48502,22.12584],[113.48705,22.12658]],[[113.47322,22.22014],[113.47674,22.22117],[113.48049,22.22222]],[[113.48168,22.11654],[113.47882,22.11602],[113.47481,22.11535]],[[113.47494,22.11506],[113.47534,22.11509],[113.47914,22.1157],[113.48702,22.11706],[113.48748,22.11718],[113.49005,22.11766]],[[113.48783,22.12695],[113.48519,22.12597],[113.48445,22.12576],[113.48351,22.12555],[113.48137,22.12516],[113.48065,22.12509],[113.47787,22.12456],[113.47545,22.12421]],[[113.47696,22.12114],[113.4884,22.12311]],[[113.48347,22.17608],[113.47789,22.17603]],[[113.4779,22.16991],[113.48028,22.16993]],[[113.47791,22.17328],[113.48025,22.17327]],[[113.48348,22.17341],[113.47792,22.17339]],[[113.47798,22.1554],[113.47976,22.15596],[113.48538,22.15831],[113.48592,22.1585],[113.48692,22.15875],[113.49014,22.15905]],[[113.47799,22.15525],[113.47973,22.15577],[113.48541,22.15818],[113.48597,22.15838],[113.48645,22.15851],[113.48729,22.15867],[113.49016,22.1589]],[[113.47852,22.22809],[113.48049,22.22222]],[[113.47966,22.22515],[113.48084,22.22553]],[[113.48082,22.2256],[113.48,22.22538]],[[113.48025,22.17327],[113.48348,22.1733]],[[113.48025,22.17327],[113.48028,22.16993]],[[113.48028,22.16993],[113.48348,22.16993]],[[113.48028,22.16993],[113.48029,22.16597]],[[113.48049,22.22222],[113.48185,22.22263]],[[113.4807,22.22166],[113.48049,22.22222]],[[113.48051,22.22192],[113.48126,22.21979],[113.48127,22.21947],[113.48113,22.21929]],[[113.48142,22.21957],[113.4807,22.22166]],[[113.48183,22.21949],[113.48164,22.21958],[113.48153,22.21967],[113.48147,22.21979],[113.48091,22.22133],[113.48081,22.22153],[113.4807,22.22166]],[[113.48292,22.22625],[113.48082,22.2256]],[[113.48084,22.22553],[113.48295,22.22616]],[[113.48084,22.22553],[113.48185,22.22263]],[[113.48183,22.21949],[113.48113,22.21929]],[[113.48157,22.21821],[113.48148,22.2178],[113.48135,22.21749],[113.48116,22.21716],[113.48099,22.21695],[113.48058,22.21658],[113.48005,22.21628],[113.47986,22.21627],[113.4797,22.21633],[113.47962,22.2165],[113.47958,22.21665],[113.47961,22.21796],[113.48437,22.21937],[113.48588,22.21975],[113.48746,22.22003],[113.48874,22.22021],[113.49201,22.22054],[113.49453,22.22097],[113.496,22.22131]],[[113.48234,22.11666],[113.48168,22.11654]],[[113.48234,22.11666],[113.48196,22.1169],[113.48168,22.11654]],[[113.48261,22.21973],[113.48183,22.21949]],[[113.48185,22.22263],[113.48391,22.22325]],[[113.48185,22.22263],[113.48273,22.22001]],[[113.48999,22.11796],[113.48496,22.11714],[113.48234,22.11666]],[[113.483,22.21984],[113.48261,22.21973]],[[113.48273,22.22001],[113.4827,22.21985],[113.48261,22.21973]],[[113.483,22.21984],[113.48286,22.21988],[113.48273,22.22001]],[[113.48606,22.22721],[113.48292,22.22625]],[[113.48295,22.22616],[113.48608,22.22709]],[[113.48391,22.22325],[113.48295,22.22616]],[[113.48471,22.22033],[113.483,22.21984]],[[113.48346,22.16602],[113.48348,22.16993]],[[113.49323,22.1757],[113.49293,22.17575],[113.49265,22.17604],[113.49236,22.17609],[113.48967,22.17609],[113.4895,22.17604],[113.48912,22.17608],[113.48347,22.17608]],[[113.48348,22.17341],[113.48347,22.17608]],[[113.48348,22.16993],[113.48666,22.16993]],[[113.48348,22.16993],[113.48349,22.17082],[113.48346,22.1718],[113.48348,22.1733]],[[113.48666,22.17342],[113.48348,22.17341]],[[113.48348,22.1733],[113.48667,22.17331]],[[113.48391,22.22325],[113.48672,22.2241]],[[113.48483,22.22061],[113.48391,22.22325]],[[113.49187,22.15241],[113.48468,22.15051]],[[113.48508,22.22039],[113.48471,22.22033]],[[113.48483,22.22061],[113.48471,22.22033]],[[113.48471,22.15045],[113.49118,22.15216]],[[113.48471,22.15045],[113.4856,22.14857]],[[113.48508,22.22039],[113.48491,22.22051],[113.48483,22.22061]],[[113.48721,22.22082],[113.48566,22.22055],[113.48508,22.22039]],[[113.4856,22.14857],[113.49242,22.15069]],[[113.4856,22.14857],[113.48673,22.14611]],[[113.48601,22.16584],[113.4868,22.16573],[113.4893,22.16574]],[[113.4867,22.16609],[113.48603,22.16603]],[[113.48608,22.22709],[113.48672,22.2241]],[[113.49448,22.23123],[113.49183,22.22999],[113.48616,22.22722]],[[113.48618,22.22713],[113.49185,22.22992],[113.49454,22.23116]],[[113.48682,22.22413],[113.48618,22.22713]],[[113.48666,22.16993],[113.48955,22.16995],[113.49298,22.16993]],[[113.48666,22.16993],[113.48667,22.17331]],[[113.4867,22.16609],[113.48666,22.16993]],[[113.49246,22.17343],[113.48666,22.17342]],[[113.48667,22.17331],[113.49247,22.17331]],[[113.48673,22.14611],[113.48684,22.14561],[113.48668,22.14529]],[[113.48929,22.1661],[113.4867,22.16609]],[[113.48672,22.2241],[113.4874,22.22112],[113.48739,22.22105],[113.48731,22.22093],[113.48721,22.22082]],[[113.48673,22.14611],[113.48679,22.14597]],[[113.48679,22.14597],[113.48708,22.14532]],[[113.48813,22.14587],[113.48765,22.14571],[113.48724,22.14562],[113.48711,22.14565],[113.48697,22.14576],[113.48679,22.14597]],[[113.48782,22.22092],[113.48761,22.22101],[113.48748,22.22113],[113.48682,22.22413]],[[113.48705,22.12658],[113.48742,22.12664],[113.48795,22.12684],[113.48809,22.12682],[113.48824,22.12671]],[[113.48705,22.12658],[113.4882,22.127]],[[113.48782,22.22092],[113.48721,22.22082]],[[113.48764,22.1299],[113.48801,22.12801]],[[113.48823,22.12736],[113.48776,22.12994]],[[113.50166,22.2242],[113.50071,22.22375],[113.4978,22.22272],[113.49552,22.22207],[113.49344,22.22162],[113.49195,22.22136],[113.48782,22.22092]],[[113.48819,22.12708],[113.48783,22.12695]],[[113.48801,22.12801],[113.48798,22.12775],[113.48804,22.12726],[113.48798,22.1271],[113.48783,22.12695]],[[113.48801,22.12801],[113.48819,22.12708]],[[113.4882,22.127],[113.48824,22.12671]],[[113.48828,22.12711],[113.48823,22.12736]],[[113.48925,22.12748],[113.48901,22.12745],[113.48848,22.12726],[113.48834,22.12729],[113.48823,22.12736]],[[113.48824,22.12671],[113.48827,22.12606],[113.48832,22.12564],[113.48876,22.12434],[113.48891,22.12361]],[[113.48925,22.12748],[113.48828,22.12711]],[[113.4883,22.12704],[113.4887,22.12719]],[[113.48845,22.12625],[113.4883,22.12704]],[[113.4884,22.12311],[113.48897,22.12322]],[[113.48891,22.12361],[113.48885,22.12342],[113.48872,22.12326],[113.4884,22.12311]],[[113.48904,22.12281],[113.48897,22.12291],[113.48886,22.12299],[113.4884,22.12311]],[[113.48845,22.12625],[113.4884,22.12685],[113.48851,22.12704],[113.4887,22.12719]],[[113.48901,22.12359],[113.48875,22.12466],[113.48845,22.12625]],[[113.4887,22.12719],[113.49039,22.12784],[113.49465,22.1294]],[[113.48891,22.12361],[113.48897,22.12322]],[[113.48897,22.12322],[113.48904,22.12281]],[[113.48907,22.12325],[113.48901,22.12359]],[[113.48959,22.12343],[113.48932,22.12342],[113.48917,22.12344],[113.48901,22.12359]],[[113.48904,22.12281],[113.48999,22.11796]],[[113.48907,22.12325],[113.48959,22.12343]],[[113.48915,22.12282],[113.48907,22.12325]],[[113.48915,22.12282],[113.48917,22.12295],[113.4893,22.12318],[113.48959,22.12343]],[[113.49,22.11833],[113.48915,22.12282]],[[113.50479,22.13326],[113.50109,22.1319],[113.49753,22.13054],[113.49414,22.12932],[113.49238,22.12862],[113.48925,22.12748]],[[113.48959,22.12343],[113.4969,22.12598],[113.50565,22.12931]],[[113.493,22.16608],[113.4898,22.16611]],[[113.48984,22.16506],[113.4898,22.1647],[113.48978,22.16332],[113.48972,22.16304],[113.48976,22.16122],[113.48999,22.16017],[113.49014,22.15905]],[[113.48997,22.16574],[113.49352,22.16575],[113.49415,22.1658]],[[113.48999,22.11796],[113.49005,22.11766]],[[113.49007,22.11798],[113.49,22.11833]],[[113.49058,22.11809],[113.49032,22.11807],[113.49022,22.11811],[113.49012,22.11818],[113.49,22.11833]],[[113.49024,22.15906],[113.49011,22.15997],[113.49008,22.1606],[113.49011,22.16105],[113.49017,22.16119],[113.49018,22.1613],[113.49016,22.16302],[113.4901,22.16327],[113.49009,22.16383],[113.49001,22.16455]],[[113.49058,22.11809],[113.49007,22.11798]],[[113.49014,22.11768],[113.49007,22.11798]],[[113.49014,22.15905],[113.49016,22.1589]],[[113.49014,22.11768],[113.49246,22.11815],[113.49828,22.11948]],[[113.49016,22.1589],[113.49027,22.15815],[113.49037,22.15817],[113.49026,22.15891]],[[113.49024,22.15906],[113.49157,22.15932],[113.49399,22.15989],[113.49457,22.15998],[113.49494,22.16],[113.49537,22.15998],[113.49717,22.15965],[113.49756,22.15963],[113.49808,22.15971],[113.49846,22.15982],[113.50177,22.16099],[113.50272,22.16152]],[[113.49026,22.15891],[113.49024,22.15906]],[[113.49026,22.15891],[113.49142,22.15913],[113.49268,22.15946],[113.49421,22.15979],[113.49464,22.15985],[113.49524,22.15986],[113.49684,22.15958],[113.49737,22.15952],[113.49783,22.15954],[113.4982,22.15962],[113.49872,22.15979],[113.5017,22.16083],[113.50375,22.16196],[113.51017,22.16585],[113.51608,22.16914],[113.51666,22.16953],[113.51716,22.16998]],[[113.49896,22.11994],[113.49318,22.1187],[113.49205,22.11839],[113.49058,22.11809]],[[113.4968,22.17653],[113.49658,22.17733],[113.49636,22.1778],[113.49624,22.1779],[113.49587,22.1781],[113.49467,22.17867],[113.49434,22.17874],[113.49327,22.17873],[113.49297,22.17881],[113.49087,22.1788]],[[113.49118,22.15216],[113.49172,22.15222],[113.49184,22.15217],[113.49201,22.152]],[[113.49118,22.15216],[113.4919,22.15234]],[[113.4919,22.15234],[113.49201,22.152]],[[113.49833,22.15422],[113.49513,22.15325],[113.49198,22.15243]],[[113.492,22.15237],[113.49234,22.15246]],[[113.49222,22.15173],[113.492,22.15237]],[[113.49201,22.152],[113.49242,22.15069]],[[113.49222,22.15173],[113.49215,22.15221],[113.4922,22.15233],[113.49234,22.15246]],[[113.49259,22.15074],[113.49237,22.1514],[113.49222,22.15173]],[[113.49234,22.15246],[113.49515,22.15321],[113.49837,22.15414]],[[113.49239,22.14257],[113.49254,22.14274],[113.49263,22.14297],[113.49297,22.14405],[113.49312,22.1443],[113.49387,22.14511],[113.49433,22.14594],[113.4945,22.14611],[113.49469,22.14626],[113.49525,22.14653],[113.4958,22.14685],[113.49622,22.1472],[113.49635,22.14737],[113.4965,22.14781],[113.49647,22.14806],[113.49634,22.14852],[113.49637,22.14863],[113.49645,22.14871]],[[113.49242,22.15069],[113.49259,22.15074]],[[113.49242,22.15069],[113.49277,22.14959],[113.49293,22.14883],[113.49303,22.14796],[113.49306,22.14731],[113.49305,22.14711],[113.49299,22.1468]],[[113.49327,22.17343],[113.49246,22.17343]],[[113.49247,22.17331],[113.49297,22.17331]],[[113.49259,22.15074],[113.49898,22.15273]],[[113.49343,22.14633],[113.49334,22.14673],[113.49328,22.1472],[113.49325,22.14804],[113.49314,22.14879],[113.49286,22.14992],[113.49259,22.15074]],[[113.49307,22.14762],[113.49313,22.14732],[113.49313,22.14671],[113.49306,22.14631],[113.49286,22.14586]],[[113.4929,22.224],[113.49361,22.22306],[113.49408,22.2226]],[[113.49297,22.17331],[113.49352,22.17331]],[[113.49297,22.17331],[113.49298,22.16993]],[[113.49298,22.16993],[113.49354,22.16994]],[[113.49298,22.16993],[113.493,22.16608]],[[113.49356,22.16606],[113.493,22.16608]],[[113.49412,22.22265],[113.49362,22.22314],[113.49342,22.22339],[113.49321,22.22373],[113.49311,22.22398]],[[113.49935,22.17],[113.49969,22.1702],[113.4999,22.17045],[113.49964,22.17059],[113.49959,22.17067],[113.49962,22.17399],[113.49959,22.17412],[113.49949,22.17424],[113.49894,22.1747],[113.49788,22.17585],[113.49758,22.17598],[113.49656,22.17608],[113.49398,22.17607],[113.49382,22.17605],[113.4937,22.17598],[113.49361,22.17578],[113.49352,22.17574],[113.49323,22.1757]],[[113.49323,22.1757],[113.49327,22.17652]],[[113.49323,22.1757],[113.49327,22.17343]],[[113.49405,22.17344],[113.49327,22.17343]],[[113.49352,22.17331],[113.49406,22.17332]],[[113.49354,22.16994],[113.49352,22.17331]],[[113.49354,22.16994],[113.49639,22.16995]],[[113.49356,22.16606],[113.49354,22.16994]],[[113.49413,22.166],[113.49356,22.16606]],[[113.49638,22.17344],[113.49405,22.17344]],[[113.49406,22.17332],[113.49639,22.17332]],[[113.49465,22.2313],[113.49448,22.23123]],[[113.49454,22.23116],[113.4947,22.23124]],[[113.49454,22.23116],[113.4946,22.23109],[113.49588,22.23029],[113.49614,22.23018],[113.49665,22.23007],[113.49685,22.23007],[113.4974,22.23016],[113.49895,22.23051],[113.49991,22.23069]],[[113.49465,22.1294],[113.49974,22.13125],[113.50123,22.13188],[113.50482,22.13318]],[[113.49465,22.1294],[113.49505,22.12943],[113.49536,22.12925]],[[113.49578,22.23183],[113.49465,22.2313]],[[113.4947,22.23124],[113.49582,22.23176]],[[113.49668,22.23019],[113.49623,22.23031],[113.49554,22.23064],[113.4949,22.23102],[113.49476,22.23112],[113.4947,22.23124]],[[113.49875,22.23322],[113.49578,22.23183]],[[113.49582,22.23176],[113.49881,22.23311]],[[113.49668,22.23019],[113.49582,22.23176]],[[113.496,22.22131],[113.49657,22.22148]],[[113.496,22.22131],[113.4965,22.22108]],[[113.49935,22.17],[113.4993,22.17022],[113.49932,22.17322],[113.49925,22.17336],[113.49917,22.17341],[113.49904,22.17342],[113.49638,22.17344]],[[113.49639,22.16995],[113.49639,22.17332]],[[113.49639,22.17332],[113.49904,22.17332],[113.49913,22.17327],[113.49921,22.17318],[113.49918,22.17027],[113.4992,22.16996]],[[113.49639,22.16995],[113.4992,22.16996]],[[113.49642,22.16604],[113.49639,22.16995]],[[113.49662,22.22124],[113.4965,22.22123],[113.49648,22.22114],[113.4965,22.22108]],[[113.4965,22.22108],[113.49861,22.2199],[113.49889,22.21978]],[[113.49657,22.22148],[113.49743,22.22174],[113.49915,22.22236],[113.50221,22.22385]],[[113.49662,22.22124],[113.49655,22.22134],[113.49657,22.22148]],[[113.499,22.21989],[113.4987,22.22009],[113.49662,22.22124]],[[113.49991,22.23078],[113.49912,22.23064],[113.49704,22.23019],[113.49668,22.23019]],[[113.50166,22.2242],[113.50118,22.22733],[113.5009,22.2278],[113.49959,22.22855],[113.49783,22.22933],[113.49715,22.22959],[113.49693,22.22975],[113.49682,22.22991]],[[113.49727,22.2207],[113.49866,22.21995],[113.49889,22.21978]],[[113.499,22.21989],[113.49868,22.22002],[113.49732,22.22078]],[[113.49828,22.11948],[113.49882,22.11952],[113.49924,22.1196],[113.49943,22.11955],[113.4997,22.11934]],[[113.49828,22.11948],[113.49904,22.11964]],[[113.49837,22.15414],[113.49898,22.15273]],[[113.51483,22.16136],[113.51312,22.1605],[113.50836,22.158],[113.50533,22.15663],[113.50387,22.15605],[113.50175,22.15529],[113.4984,22.15424]],[[113.49844,22.15416],[113.50178,22.15522],[113.50395,22.15602],[113.5068,22.15722],[113.50842,22.15795],[113.51462,22.16111]],[[113.49905,22.15275],[113.49844,22.15416]],[[113.50073,22.23412],[113.50052,22.23408],[113.49928,22.23345],[113.49875,22.23322]],[[113.49881,22.23311],[113.49931,22.23339],[113.50056,22.234],[113.50073,22.23412]],[[113.49881,22.23311],[113.49991,22.23078]],[[113.49889,22.21978],[113.49914,22.21976],[113.499,22.21989]],[[113.49993,22.12015],[113.49896,22.11994]],[[113.49904,22.11964],[113.49914,22.11973],[113.49916,22.11981],[113.4991,22.11991],[113.49896,22.11994]],[[113.49898,22.15273],[113.49993,22.15051],[113.50024,22.14987]],[[113.49904,22.11964],[113.5,22.11985]],[[113.49905,22.15275],[113.50808,22.15557],[113.50858,22.15581],[113.51361,22.15875]],[[113.50034,22.14989],[113.50001,22.15054],[113.49905,22.15275]],[[113.4992,22.16996],[113.49935,22.17]],[[113.4992,22.16996],[113.49958,22.16933]],[[113.50107,22.16721],[113.50105,22.16739],[113.49999,22.169],[113.4997,22.16938],[113.49943,22.16981],[113.49935,22.17]],[[113.49958,22.16933],[113.50086,22.16728],[113.50107,22.16721]],[[113.49958,22.16933],[113.49987,22.16902],[113.50006,22.16874]],[[113.49978,22.11916],[113.49974,22.11949],[113.49976,22.1196],[113.49985,22.11974],[113.5,22.11985]],[[113.50062,22.23126],[113.50058,22.23101],[113.50048,22.23092],[113.49991,22.23078]],[[113.49991,22.23069],[113.50045,22.2308],[113.50071,22.23082],[113.50099,22.23062]],[[113.50222,22.12069],[113.49993,22.12015]],[[113.49993,22.12015],[113.49983,22.12007],[113.49981,22.11999],[113.49987,22.11989],[113.5,22.11985]],[[113.5,22.11985],[113.50154,22.12019],[113.50295,22.12045],[113.50447,22.12079]],[[113.50073,22.23412],[113.50218,22.23481],[113.50282,22.235],[113.50434,22.23534],[113.50499,22.23554],[113.50564,22.23582],[113.50686,22.23654],[113.50737,22.23673],[113.50825,22.23698]],[[113.50422,22.23236],[113.50156,22.23123],[113.50142,22.23119],[113.50129,22.2312],[113.50112,22.2313],[113.50105,22.2314]],[[113.50255,22.16494],[113.50225,22.16536],[113.50107,22.16721]],[[113.50119,22.23074],[113.50125,22.23091],[113.50135,22.23107],[113.50172,22.23119],[113.50427,22.23226]],[[113.50271,22.22473],[113.50166,22.2242]],[[113.50174,22.16603],[113.50237,22.16511],[113.50255,22.16494]],[[113.50195,22.22828],[113.50201,22.22794],[113.50287,22.22558]],[[113.50324,22.2257],[113.5031,22.226],[113.50237,22.22787],[113.50205,22.22839]],[[113.50221,22.22385],[113.50267,22.224],[113.50308,22.22421],[113.50326,22.22425],[113.50348,22.22424],[113.50376,22.2241]],[[113.50221,22.22385],[113.50348,22.22448]],[[113.50221,22.22385],[113.50241,22.22404],[113.50322,22.22447],[113.5032,22.22461],[113.50309,22.22475],[113.50271,22.22473]],[[113.50342,22.12097],[113.50222,22.12069]],[[113.50342,22.12097],[113.50262,22.12097],[113.50247,22.12102],[113.5024,22.12085],[113.50222,22.12069]],[[113.50262,22.1649],[113.50522,22.16635]],[[113.5035,22.16349],[113.50262,22.1649]],[[113.50318,22.22494],[113.50271,22.22473]],[[113.50287,22.22558],[113.50299,22.2251],[113.5029,22.22487],[113.50271,22.22473]],[[113.50682,22.16396],[113.50398,22.16221],[113.50272,22.16152]],[[113.50272,22.16152],[113.50202,22.16265],[113.5035,22.16349]],[[113.50287,22.22558],[113.50318,22.22494]],[[113.50351,22.22509],[113.50318,22.22494]],[[113.50318,22.22494],[113.50348,22.22448]],[[113.50351,22.22509],[113.50324,22.2257]],[[113.50506,22.22582],[113.50477,22.22576],[113.50383,22.22532],[113.5037,22.22531],[113.5035,22.22538],[113.50341,22.22545],[113.50324,22.2257]],[[113.50569,22.12152],[113.50342,22.12097]],[[113.50348,22.22448],[113.5038,22.22463]],[[113.50348,22.22448],[113.50376,22.2241]],[[113.5035,22.16349],[113.50485,22.16422]],[[113.5046,22.22561],[113.50351,22.22509]],[[113.5038,22.22463],[113.50351,22.22509]],[[113.50711,22.17092],[113.50447,22.16938],[113.50362,22.16882]],[[113.50376,22.2241],[113.50553,22.22209],[113.50607,22.22159]],[[113.5038,22.22463],[113.50426,22.22484]],[[113.50428,22.22407],[113.5038,22.22463]],[[113.5038,22.13583],[113.50409,22.13517]],[[113.50409,22.13517],[113.5041,22.13482],[113.50479,22.13326]],[[113.50409,22.13517],[113.5049,22.1333]],[[113.50502,22.13335],[113.50437,22.13484],[113.50429,22.13498],[113.50409,22.13517]],[[113.50646,22.23328],[113.50422,22.23236]],[[113.50426,22.22484],[113.50846,22.22687],[113.50865,22.22704]],[[113.5046,22.22561],[113.50426,22.22537],[113.50383,22.22517],[113.50378,22.22511],[113.50378,22.22495],[113.50391,22.22484],[113.504,22.2248],[113.50426,22.22484]],[[113.50428,22.22407],[113.50412,22.22437],[113.5041,22.22454],[113.50415,22.22468],[113.50426,22.22484]],[[113.50427,22.23226],[113.5065,22.23319]],[[113.50606,22.22182],[113.50595,22.22207],[113.50565,22.22245],[113.50428,22.22407]],[[113.50447,22.12079],[113.50488,22.1209]],[[113.50447,22.12079],[113.50463,22.12076],[113.50477,22.12062],[113.50478,22.12074],[113.50488,22.1209]],[[113.50506,22.22582],[113.5046,22.22561]],[[113.50488,22.1209],[113.5071,22.12152],[113.50884,22.12209],[113.51278,22.12358],[113.51319,22.12378],[113.51499,22.12446]],[[113.50494,22.13322],[113.50612,22.1305]],[[113.5112,22.13554],[113.5099,22.13516],[113.50832,22.13459],[113.50637,22.13384],[113.50502,22.13335]],[[113.50505,22.13326],[113.50991,22.13508],[113.51144,22.13551]],[[113.50868,22.22731],[113.50823,22.22722],[113.50646,22.22648],[113.50506,22.22582]],[[113.50522,22.16635],[113.50777,22.16777]],[[113.50522,22.16635],[113.50369,22.16873],[113.50464,22.16914],[113.50632,22.17006]],[[113.50682,22.16396],[113.50522,22.16635]],[[113.50565,22.12931],[113.50594,22.12934],[113.50612,22.1294],[113.50631,22.12941],[113.50645,22.12936],[113.50668,22.12921]],[[113.50565,22.12931],[113.50604,22.12946]],[[113.50607,22.12163],[113.50569,22.12152]],[[113.50607,22.12163],[113.50589,22.12169],[113.50579,22.12181],[113.50576,22.12161],[113.50569,22.12152]],[[113.50604,22.12946],[113.5065,22.12963]],[[113.50612,22.1305],[113.50618,22.13015],[113.50625,22.12998],[113.50626,22.12981],[113.50621,22.12968],[113.50604,22.12946]],[[113.50922,22.12265],[113.50754,22.12207],[113.50607,22.12163]],[[113.50633,22.13002],[113.50612,22.1305]],[[113.50632,22.17006],[113.50717,22.17055]],[[113.50777,22.16777],[113.50632,22.17006]],[[113.5065,22.12963],[113.50633,22.13002]],[[113.50742,22.12998],[113.50704,22.12992],[113.50686,22.12985],[113.50669,22.12985],[113.50652,22.12989],[113.50633,22.13002]],[[113.5093,22.23445],[113.50646,22.23328]],[[113.5065,22.12963],[113.50691,22.12978]],[[113.50668,22.12921],[113.5065,22.12963]],[[113.5065,22.23319],[113.5093,22.23432]],[[113.5065,22.23319],[113.50801,22.23005]],[[113.50686,22.12878],[113.50668,22.12921]],[[113.50942,22.1655],[113.50682,22.16396]],[[113.50686,22.12878],[113.50681,22.12912],[113.50673,22.12929],[113.50672,22.12941],[113.50677,22.1296],[113.50691,22.12978]],[[113.50935,22.12314],[113.50782,22.12654],[113.50686,22.12878]],[[113.50691,22.12978],[113.50742,22.12998]],[[113.50784,22.17135],[113.50711,22.17092]],[[113.50717,22.17055],[113.50728,22.17068],[113.50731,22.17079],[113.50723,22.17088],[113.50711,22.17092]],[[113.50717,22.17055],[113.50802,22.17102]],[[113.50742,22.12998],[113.51256,22.13192],[113.51355,22.13222]],[[113.50942,22.1655],[113.50924,22.16572],[113.5091,22.16581],[113.50777,22.16777]],[[113.51055,22.17274],[113.51011,22.17264],[113.50784,22.17135]],[[113.50784,22.17135],[113.50778,22.17125],[113.50779,22.17113],[113.50789,22.17104],[113.50802,22.17102]],[[113.50801,22.23005],[113.5109,22.23134]],[[113.50801,22.23005],[113.50899,22.22797]],[[113.50802,22.17102],[113.51009,22.17216],[113.51044,22.17239],[113.51061,22.17263]],[[113.50867,22.23637],[113.50935,22.23499]],[[113.50872,22.23606],[113.50915,22.23524],[113.50935,22.23499]],[[113.51212,22.22938],[113.50899,22.22797]],[[113.50899,22.22797],[113.50906,22.22782]],[[113.50906,22.22782],[113.50908,22.22771],[113.50899,22.22746]],[[113.50906,22.22724],[113.50928,22.22721],[113.50943,22.22714]],[[113.50941,22.22766],[113.50926,22.22768],[113.50906,22.22782]],[[113.50976,22.12286],[113.50922,22.12265]],[[113.50935,22.12314],[113.50938,22.1229],[113.50934,22.12279],[113.50922,22.12265]],[[113.5093,22.23432],[113.50952,22.23431],[113.50966,22.23424],[113.50975,22.23416]],[[113.5093,22.23432],[113.5096,22.23444]],[[113.50955,22.23456],[113.5093,22.23445]],[[113.50944,22.23479],[113.50942,22.23463],[113.5093,22.23445]],[[113.50976,22.12286],[113.50952,22.12294],[113.50935,22.12314]],[[113.50935,22.23499],[113.50944,22.23479]],[[113.51707,22.17009],[113.51644,22.16951],[113.51607,22.16924],[113.51092,22.16638],[113.50942,22.1655]],[[113.50943,22.22714],[113.50944,22.22728],[113.50958,22.2275]],[[113.514,22.22478],[113.51125,22.2235],[113.51114,22.22352],[113.50996,22.22608],[113.50943,22.22714]],[[113.50944,22.23479],[113.50955,22.23456]],[[113.50967,22.23461],[113.50948,22.23501]],[[113.5096,22.23444],[113.50975,22.23416]],[[113.51113,22.23165],[113.50972,22.2345]],[[113.50975,22.23416],[113.51102,22.23165]],[[113.50976,22.17901],[113.51276,22.17441],[113.51279,22.17422],[113.51276,22.17402]],[[113.51324,22.17428],[113.51306,22.17428],[113.51295,22.17432],[113.5128,22.17443],[113.50976,22.17905]],[[113.51487,22.12475],[113.51306,22.12407],[113.51262,22.12394],[113.50976,22.12286]],[[113.51537,22.21403],[113.51119,22.21675],[113.51015,22.21737]],[[113.51042,22.21698],[113.51071,22.21671],[113.51113,22.21642],[113.51347,22.21489],[113.51412,22.21465],[113.51507,22.21402]],[[113.51102,22.23165],[113.51097,22.23143],[113.5109,22.23134]],[[113.5109,22.23134],[113.51122,22.23127]],[[113.51102,22.23165],[113.51122,22.23127]],[[113.51131,22.23127],[113.51113,22.23165]],[[113.51145,22.23161],[113.5113,22.23159],[113.51113,22.23165]],[[113.51233,22.13584],[113.5112,22.13554]],[[113.5112,22.13554],[113.5114,22.13571],[113.51149,22.13583],[113.51152,22.13593],[113.51152,22.13622]],[[113.51127,22.23117],[113.51136,22.23086],[113.51197,22.22973],[113.51212,22.22949]],[[113.51127,22.23117],[113.51214,22.22951]],[[113.51131,22.23127],[113.51136,22.23146],[113.51145,22.23161]],[[113.5122,22.22954],[113.51131,22.23127]],[[113.51225,22.22955],[113.51156,22.23092],[113.51131,22.23127]],[[113.51144,22.13551],[113.51216,22.13571]],[[113.51144,22.13551],[113.51161,22.13547],[113.5118,22.13538]],[[113.51611,22.23371],[113.51145,22.23161]],[[113.5116,22.17977],[113.51457,22.17555],[113.51464,22.17535],[113.51463,22.17527],[113.51456,22.17514]],[[113.51501,22.1754],[113.51483,22.17544],[113.51463,22.17559],[113.51167,22.17975]],[[113.51233,22.13584],[113.51188,22.1359],[113.5117,22.13603]],[[113.51194,22.13538],[113.51199,22.13553],[113.51216,22.13571]],[[113.51214,22.22951],[113.51224,22.22932]],[[113.51216,22.13571],[113.51452,22.13623],[113.51676,22.13652],[113.51868,22.13664]],[[113.5123,22.22935],[113.5122,22.22954]],[[113.51224,22.22932],[113.51258,22.22856]],[[113.5123,22.22935],[113.51234,22.22942],[113.51233,22.22949]],[[113.51264,22.22859],[113.5123,22.22935]],[[113.51739,22.23244],[113.51724,22.2323],[113.51598,22.2314],[113.51489,22.23068],[113.5144,22.2304],[113.51331,22.22995],[113.51233,22.22949]],[[113.5177,22.13667],[113.51671,22.13659],[113.51452,22.1363],[113.51233,22.13584]],[[113.51258,22.22856],[113.51257,22.22841],[113.51326,22.22665],[113.51354,22.2261]],[[113.51258,22.22856],[113.51354,22.2261]],[[113.51363,22.22613],[113.51352,22.22658],[113.51273,22.22855],[113.51264,22.22859]],[[113.51363,22.22613],[113.51264,22.22859]],[[113.51287,22.17393],[113.5131,22.1739],[113.51388,22.17333],[113.51538,22.17234],[113.51575,22.17196],[113.51707,22.17009]],[[113.51324,22.13135],[113.51325,22.13144],[113.51317,22.13168],[113.51317,22.13192],[113.51325,22.13202],[113.51355,22.13222]],[[113.51333,22.18087],[113.51608,22.17751],[113.51681,22.17643]],[[113.51716,22.17017],[113.51702,22.17028],[113.51681,22.17055],[113.51588,22.17191],[113.51562,22.17219],[113.51531,22.17248],[113.51407,22.17326],[113.51359,22.1736],[113.5133,22.17388],[113.51327,22.17408],[113.51336,22.1742]],[[113.51687,22.17646],[113.51677,22.17658],[113.51614,22.17756],[113.51337,22.1809]],[[113.51456,22.17514],[113.5141,22.17488],[113.51342,22.17439]],[[113.51354,22.2261],[113.514,22.22478]],[[113.51355,22.13222],[113.51439,22.13237],[113.51503,22.13241],[113.51866,22.13242]],[[113.51359,22.17434],[113.51429,22.17466],[113.51627,22.17581]],[[113.51411,22.22483],[113.51363,22.22613]],[[113.514,22.22478],[113.51471,22.22319],[113.51624,22.21903],[113.51658,22.21835],[113.51683,22.21802],[113.51725,22.21766],[113.51787,22.2173]],[[113.51541,22.2254],[113.51411,22.22483]],[[113.51804,22.21733],[113.51734,22.2177],[113.51712,22.21789],[113.51676,22.21827],[113.51652,22.21867],[113.51632,22.21911],[113.51484,22.22305],[113.51411,22.22483]],[[113.51501,22.1754],[113.51456,22.17514]],[[113.51457,22.18197],[113.51851,22.18052],[113.51973,22.18012]],[[113.51462,22.16111],[113.51769,22.16265]],[[113.51483,22.16136],[113.51484,22.16133],[113.51453,22.16117],[113.51454,22.16113],[113.51462,22.16111]],[[113.51976,22.18023],[113.51744,22.18102],[113.51463,22.18204]],[[113.51471,22.23567],[113.51611,22.23371]],[[113.51809,22.16301],[113.51483,22.16136]],[[113.51577,22.12509],[113.51487,22.12475]],[[113.51499,22.12446],[113.51508,22.12456],[113.51507,22.12468],[113.51501,22.12473],[113.51487,22.12475]],[[113.51499,22.12446],[113.5159,22.1248]],[[113.51625,22.17611],[113.51501,22.1754]],[[113.51507,22.21402],[113.51531,22.21369],[113.51551,22.21332]],[[113.51507,22.21402],[113.51567,22.21356]],[[113.51691,22.226],[113.5168,22.22619],[113.51522,22.23009]],[[113.51577,22.21379],[113.51537,22.21403]],[[113.51607,22.2142],[113.51588,22.21399],[113.51575,22.21392],[113.51558,22.21394],[113.51537,22.21403]],[[113.51691,22.226],[113.51541,22.2254]],[[113.51541,22.2254],[113.51612,22.22378],[113.51673,22.22225],[113.51728,22.22062],[113.51738,22.2204],[113.51753,22.22014],[113.51773,22.21988],[113.51834,22.21922],[113.51919,22.21841]],[[113.51545,22.21323],[113.51591,22.21331],[113.51608,22.21326]],[[113.51567,22.21356],[113.51586,22.21374]],[[113.51577,22.21379],[113.51567,22.21356]],[[113.51567,22.21356],[113.51608,22.21326]],[[113.51895,22.12618],[113.51819,22.12598],[113.51577,22.12509]],[[113.51577,22.12509],[113.51568,22.12499],[113.5157,22.12487],[113.51576,22.12482],[113.5159,22.1248]],[[113.51607,22.2142],[113.51577,22.21379]],[[113.51771,22.23217],[113.51651,22.23135],[113.516,22.23094],[113.5158,22.23072]],[[113.51586,22.21374],[113.51617,22.21416]],[[113.51645,22.21337],[113.51586,22.21374]],[[113.5159,22.1248],[113.51745,22.1254],[113.51975,22.12597],[113.52136,22.12626],[113.52259,22.12638],[113.52364,22.12642],[113.52815,22.12645],[113.52908,22.1265]],[[113.51592,22.18368],[113.51609,22.18373],[113.51621,22.18372],[113.5177,22.18334],[113.52096,22.18247],[113.52112,22.18236],[113.52116,22.18229]],[[113.52133,22.18268],[113.52121,22.18258],[113.52103,22.18255],[113.51607,22.18384],[113.51594,22.18383]],[[113.51597,22.23057],[113.51635,22.23074],[113.51696,22.23111]],[[113.51799,22.21678],[113.51669,22.21509],[113.51607,22.2142]],[[113.51608,22.21326],[113.51818,22.21191],[113.51897,22.21146]],[[113.51611,22.23371],[113.51739,22.23244]],[[113.51617,22.21416],[113.51689,22.2152],[113.51811,22.21681]],[[113.51645,22.21337],[113.5162,22.21362],[113.51615,22.21402],[113.51617,22.21416]],[[113.51681,22.17643],[113.51625,22.17611]],[[113.51627,22.17581],[113.51634,22.1759],[113.51638,22.17603],[113.51625,22.17611]],[[113.51627,22.17581],[113.5167,22.17609]],[[113.51904,22.21168],[113.51817,22.21229],[113.51645,22.21337]],[[113.5167,22.17609],[113.51703,22.17607],[113.51721,22.17598],[113.51731,22.17589]],[[113.5167,22.17609],[113.51706,22.1763]],[[113.51681,22.17643],[113.51706,22.1763]],[[113.51953,22.17897],[113.51895,22.17816],[113.51849,22.17766],[113.51796,22.17716],[113.51751,22.17683],[113.51687,22.17646]],[[113.51712,22.17634],[113.51687,22.17646]],[[113.51967,22.21914],[113.51937,22.21995],[113.51784,22.2237],[113.51769,22.22426],[113.51691,22.226]],[[113.51696,22.23111],[113.51801,22.23184]],[[113.51696,22.23111],[113.51716,22.23099],[113.51736,22.23105],[113.51779,22.23134],[113.51797,22.23152],[113.51802,22.23158],[113.51805,22.23179]],[[113.51706,22.1763],[113.51731,22.17589]],[[113.51707,22.17009],[113.51716,22.16998]],[[113.51712,22.17634],[113.51759,22.17662]],[[113.5174,22.17591],[113.51712,22.17634]],[[113.51981,22.17199],[113.51831,22.17112],[113.51794,22.17087],[113.51716,22.17017]],[[113.51728,22.17009],[113.51716,22.17017]],[[113.51716,22.16998],[113.51728,22.17009]],[[113.51722,22.23818],[113.51811,22.23735],[113.51872,22.23672],[113.51901,22.23638],[113.52046,22.23423]],[[113.51728,22.17009],[113.51804,22.17084],[113.51881,22.17131],[113.51988,22.17189]],[[113.51731,22.17589],[113.51742,22.17572]],[[113.51739,22.23244],[113.51771,22.23217]],[[113.5174,22.17591],[113.51736,22.17608],[113.51738,22.17626],[113.51745,22.17642],[113.51759,22.17662]],[[113.5199,22.17205],[113.5174,22.17591]],[[113.51742,22.17572],[113.51755,22.17542],[113.51826,22.17432],[113.51849,22.17407]],[[113.51742,22.17572],[113.51761,22.17542]],[[113.51742,22.17572],[113.51763,22.1755],[113.51849,22.17407]],[[113.5193,22.15991],[113.51773,22.1591],[113.51762,22.15903],[113.51753,22.15887]],[[113.51759,22.17662],[113.51798,22.17688],[113.51883,22.17762],[113.51944,22.17834],[113.51976,22.17884]],[[113.52067,22.1564],[113.51759,22.15545]],[[113.51764,22.15869],[113.51772,22.1589],[113.51785,22.15902],[113.51925,22.15972]],[[113.51769,22.16265],[113.51797,22.16271],[113.51813,22.1627],[113.51826,22.16263],[113.5184,22.16248]],[[113.51769,22.16265],[113.51816,22.16289]],[[113.5177,22.15531],[113.52126,22.1564],[113.52362,22.15719],[113.52402,22.15728],[113.52464,22.15736]],[[113.51868,22.13673],[113.5177,22.13667]],[[113.51866,22.13857],[113.51856,22.13815],[113.51856,22.13709],[113.51854,22.13699],[113.51849,22.13691],[113.51836,22.13682],[113.5177,22.13667]],[[113.52055,22.23411],[113.51771,22.23217]],[[113.51771,22.23217],[113.51801,22.23184]],[[113.52052,22.23427],[113.52015,22.23477],[113.519,22.2365],[113.51835,22.23724],[113.51781,22.23775]],[[113.51787,22.2173],[113.51802,22.21702],[113.51799,22.21678]],[[113.51787,22.2173],[113.51825,22.21712]],[[113.51825,22.21712],[113.51799,22.21678]],[[113.51801,22.23184],[113.5208,22.23379]],[[113.51854,22.21751],[113.51831,22.21738],[113.51804,22.21733]],[[113.51831,22.2172],[113.51804,22.21733]],[[113.51805,22.23179],[113.51819,22.23151],[113.51824,22.23096],[113.51845,22.23035],[113.52224,22.22197]],[[113.51809,22.16301],[113.51816,22.16289]],[[113.51811,22.21681],[113.51842,22.21693],[113.51865,22.21693]],[[113.51811,22.21681],[113.51833,22.21708]],[[113.51816,22.16289],[113.5184,22.16248]],[[113.52638,22.16452],[113.52573,22.1646],[113.52399,22.16466],[113.5231,22.1646],[113.52208,22.16446],[113.52101,22.16422],[113.52018,22.16396],[113.51912,22.16353],[113.51819,22.16306]],[[113.51826,22.16294],[113.51819,22.16306]],[[113.51826,22.16294],[113.51855,22.16309]],[[113.51852,22.16255],[113.51826,22.16294]],[[113.51854,22.21751],[113.51831,22.2172]],[[113.51833,22.21708],[113.51865,22.21693]],[[113.51838,22.21716],[113.5186,22.21745]],[[113.51868,22.21701],[113.51838,22.21716]],[[113.5184,22.16248],[113.51888,22.16167]],[[113.51849,22.17407],[113.51981,22.17199]],[[113.51852,22.16255],[113.51844,22.16283],[113.51848,22.16296],[113.51855,22.16309]],[[113.51901,22.16172],[113.51852,22.16255]],[[113.51919,22.21841],[113.51854,22.21751]],[[113.51855,22.16309],[113.51919,22.16341],[113.51997,22.16374],[113.52078,22.16401],[113.5216,22.16423]],[[113.5186,22.21745],[113.51973,22.21908]],[[113.51868,22.21701],[113.51857,22.21722],[113.5186,22.21745]],[[113.51861,22.14109],[113.51865,22.14088],[113.51866,22.13857]],[[113.51865,22.21693],[113.51915,22.21669],[113.51989,22.21611]],[[113.51866,22.13242],[113.52113,22.13243],[113.5218,22.13239],[113.52267,22.13224],[113.52423,22.1318],[113.5251,22.13167]],[[113.51868,22.13664],[113.51869,22.13432],[113.51866,22.13242]],[[113.51866,22.13242],[113.5187,22.12938],[113.51914,22.12672]],[[113.51866,22.13857],[113.51868,22.13673]],[[113.51944,22.13672],[113.51899,22.13682],[113.51886,22.13691],[113.51881,22.13699],[113.51878,22.13709],[113.51878,22.13815],[113.51866,22.13857]],[[113.51944,22.13672],[113.51868,22.13673]],[[113.51868,22.13664],[113.52197,22.13661],[113.52554,22.13652],[113.52655,22.13653],[113.53362,22.13641]],[[113.51996,22.21616],[113.51943,22.21663],[113.51921,22.21677],[113.51868,22.21701]],[[113.51888,22.16167],[113.51886,22.16154],[113.5188,22.16143],[113.51904,22.16136]],[[113.51888,22.16167],[113.51904,22.16136]],[[113.5189,22.15383],[113.51941,22.15325],[113.51996,22.1529],[113.5206,22.15262],[113.52132,22.15235],[113.52228,22.15216],[113.52334,22.1521],[113.53238,22.1521],[113.53353,22.15207],[113.5344,22.152],[113.53495,22.15187],[113.53545,22.15171],[113.53624,22.1513],[113.53672,22.15098],[113.53715,22.15062],[113.53763,22.15007],[113.5379,22.14966],[113.53821,22.14902],[113.53843,22.14837],[113.53866,22.14691],[113.53892,22.14464]],[[113.51953,22.12632],[113.51895,22.12618]],[[113.51914,22.12672],[113.5191,22.12639],[113.51895,22.12618]],[[113.51917,22.16142],[113.51901,22.16172]],[[113.51917,22.16142],[113.51926,22.16167],[113.5191,22.16168],[113.51901,22.16172]],[[113.51904,22.16136],[113.51942,22.16058]],[[113.51953,22.12632],[113.51939,22.12635],[113.51928,22.12643],[113.51914,22.12672]],[[113.5196,22.16051],[113.51917,22.16142]],[[113.51967,22.21914],[113.51919,22.21841]],[[113.51925,22.15972],[113.5196,22.15973],[113.51982,22.15961]],[[113.51925,22.15972],[113.51968,22.15994]],[[113.51963,22.16008],[113.5193,22.15991]],[[113.51942,22.16058],[113.51945,22.16023],[113.5194,22.16007],[113.5193,22.15991]],[[113.51942,22.16058],[113.51963,22.16008]],[[113.53364,22.13648],[113.52555,22.1366],[113.52202,22.13671],[113.51944,22.13672]],[[113.51976,22.17884],[113.51973,22.17894],[113.51968,22.17899],[113.51953,22.17897]],[[113.51997,22.17969],[113.51953,22.17897]],[[113.52491,22.12684],[113.52251,22.1268],[113.52105,22.12663],[113.51953,22.12632]],[[113.51975,22.16014],[113.5196,22.16051]],[[113.52023,22.16038],[113.51986,22.16037],[113.5196,22.16051]],[[113.53065,22.1524],[113.53044,22.15251],[113.52956,22.15253],[113.52583,22.15248],[113.52235,22.15259],[113.52192,22.15265],[113.52153,22.15276],[113.5208,22.153],[113.52009,22.15335],[113.51976,22.15348],[113.51962,22.15351]],[[113.51963,22.16008],[113.51968,22.15994]],[[113.52017,22.21976],[113.51967,22.21914]],[[113.51968,22.15994],[113.51982,22.15961]],[[113.51973,22.18012],[113.51992,22.17994],[113.51996,22.17982],[113.51997,22.17969]],[[113.51973,22.18012],[113.52013,22.17999]],[[113.51973,22.21908],[113.52019,22.21967]],[[113.52023,22.16038],[113.51975,22.16014]],[[113.51981,22.16],[113.51975,22.16014]],[[113.52017,22.18008],[113.51976,22.18023]],[[113.52033,22.18044],[113.52008,22.18026],[113.51995,22.18022],[113.51976,22.18023]],[[113.51976,22.17884],[113.52032,22.17983]],[[113.51979,22.17876],[113.52023,22.17952],[113.52032,22.17983]],[[113.51981,22.16],[113.52013,22.16016]],[[113.52,22.15955],[113.51981,22.16]],[[113.51982,22.15961],[113.52095,22.15685],[113.52093,22.15671],[113.52086,22.15658],[113.52067,22.1564]],[[113.52336,22.17886],[113.52201,22.17414],[113.52162,22.17334],[113.5213,22.17297],[113.52098,22.17268],[113.5199,22.17205]],[[113.51997,22.17194],[113.52101,22.17259],[113.52138,22.17292],[113.52168,22.17329],[113.5219,22.17369],[113.5221,22.17411],[113.52269,22.17619],[113.52352,22.1788]],[[113.52013,22.17999],[113.51997,22.17969]],[[113.52,22.15955],[113.51999,22.15991],[113.52013,22.16016]],[[113.52166,22.15672],[113.52129,22.15675],[113.52113,22.15685],[113.52108,22.15692],[113.52,22.15955]],[[113.52013,22.16016],[113.52075,22.16048],[113.52118,22.16067],[113.52164,22.16084],[113.52225,22.16101]],[[113.52013,22.17999],[113.52036,22.17991]],[[113.52216,22.22158],[113.52116,22.22089],[113.52081,22.22057],[113.52017,22.21976]],[[113.52196,22.2216],[113.52142,22.22123],[113.52096,22.22083],[113.52062,22.22045],[113.52017,22.21976]],[[113.52033,22.18044],[113.52017,22.18008]],[[113.5204,22.18],[113.52017,22.18008]],[[113.52019,22.21967],[113.52119,22.22074],[113.52211,22.22137]],[[113.52019,22.21967],[113.5207,22.22031],[113.52107,22.22069],[113.52149,22.22104],[113.5222,22.22152]],[[113.52023,22.17935],[113.52036,22.17954],[113.5205,22.17968],[113.52066,22.17975],[113.52079,22.17975]],[[113.52222,22.16115],[113.5213,22.16087],[113.52079,22.16066],[113.52023,22.16038]],[[113.52029,22.21494],[113.52017,22.21432],[113.52016,22.21383],[113.5202,22.21358],[113.52037,22.21321],[113.52089,22.21275],[113.52091,22.21268],[113.52089,22.21254]],[[113.52116,22.18229],[113.52033,22.18044]],[[113.52036,22.17991],[113.52079,22.17975]],[[113.52082,22.21294],[113.52046,22.21326],[113.52032,22.21345],[113.52028,22.21364],[113.52024,22.21381],[113.52024,22.21418],[113.52037,22.21494]],[[113.52061,22.18018],[113.52112,22.18132],[113.52135,22.18208],[113.52112,22.18151],[113.5204,22.18]],[[113.52338,22.17893],[113.52259,22.17919],[113.5204,22.18]],[[113.52046,22.23423],[113.52055,22.23411]],[[113.52205,22.23531],[113.52052,22.23427]],[[113.52061,22.23415],[113.52052,22.23427]],[[113.52055,22.23411],[113.5208,22.23379]],[[113.52239,22.23546],[113.52222,22.23529],[113.52142,22.2347],[113.52061,22.23415]],[[113.52085,22.23383],[113.52061,22.23415]],[[113.52166,22.15672],[113.52067,22.1564]],[[113.52079,22.17975],[113.52336,22.17886]],[[113.52082,22.21294],[113.52145,22.21322],[113.52259,22.21384],[113.5228,22.21403]],[[113.52123,22.21284],[113.52109,22.2128],[113.521,22.21281],[113.52082,22.21294]],[[113.52085,22.23383],[113.52263,22.2351]],[[113.52087,22.23369],[113.52155,22.23317],[113.52557,22.22808]],[[113.52093,22.23374],[113.52259,22.23493],[113.52276,22.23498],[113.52293,22.23495],[113.5233,22.23476]],[[113.52296,22.23153],[113.52174,22.23309],[113.5215,22.23332],[113.52093,22.23374]],[[113.52133,22.18268],[113.52116,22.18229]],[[113.52143,22.18278],[113.52133,22.18268]],[[113.52138,22.18216],[113.52156,22.18225],[113.52171,22.18227],[113.52186,22.18224],[113.52424,22.18161]],[[113.52427,22.18168],[113.52181,22.18231],[113.52162,22.18247],[113.52157,22.18272]],[[113.5216,22.16423],[113.52286,22.16444],[113.524,22.16452],[113.52525,22.16448],[113.52564,22.16444],[113.52631,22.16431]],[[113.52187,22.16288],[113.5216,22.16423]],[[113.52275,22.15709],[113.52166,22.15672]],[[113.52187,22.16288],[113.52178,22.16271],[113.52165,22.16262],[113.52182,22.1626],[113.52195,22.1625]],[[113.52195,22.1625],[113.52187,22.16288]],[[113.52222,22.16115],[113.52195,22.1625]],[[113.52216,22.22158],[113.52209,22.22161],[113.52196,22.2216]],[[113.52224,22.22197],[113.52223,22.2218],[113.52196,22.2216]],[[113.52211,22.22137],[113.52232,22.22142],[113.52239,22.2214],[113.52255,22.22127]],[[113.52211,22.22137],[113.5222,22.22152]],[[113.52235,22.22171],[113.52216,22.22158]],[[113.5222,22.22152],[113.52238,22.22164]],[[113.52589,22.16168],[113.52577,22.16147],[113.52563,22.16139],[113.52522,22.16136],[113.52429,22.1614],[113.52352,22.16138],[113.52222,22.16115]],[[113.52225,22.16101],[113.52222,22.16115]],[[113.52224,22.22197],[113.52235,22.22171]],[[113.52225,22.16101],[113.5228,22.16113],[113.52353,22.16124],[113.52455,22.16126],[113.52522,22.16119],[113.52554,22.16109],[113.52565,22.16097],[113.52567,22.16091],[113.52568,22.16045]],[[113.52296,22.15744],[113.52225,22.16101]],[[113.5274,22.22512],[113.52235,22.22171]],[[113.52238,22.22164],[113.52743,22.22507]],[[113.52238,22.22164],[113.52255,22.22127]],[[113.52255,22.22127],[113.52312,22.22038],[113.52326,22.21984],[113.52353,22.21915],[113.52438,22.21772],[113.52445,22.21751],[113.52466,22.21645],[113.5247,22.21603]],[[113.52321,22.15724],[113.52275,22.15709]],[[113.52296,22.15744],[113.52293,22.15726],[113.52275,22.15709]],[[113.52307,22.21419],[113.523,22.21425],[113.52285,22.21424],[113.52277,22.21412],[113.5228,22.21403]],[[113.52289,22.21397],[113.52292,22.21379],[113.52287,22.21367]],[[113.52314,22.23129],[113.52296,22.23153]],[[113.52342,22.23145],[113.52314,22.23144],[113.52296,22.23153]],[[113.52321,22.15724],[113.52305,22.15732],[113.52296,22.15744]],[[113.52302,22.21399],[113.52309,22.21409],[113.52307,22.21419]],[[113.52312,22.21383],[113.52306,22.21388],[113.52302,22.21399]],[[113.52307,22.21419],[113.52338,22.21438],[113.52477,22.2147],[113.52488,22.21486],[113.5249,22.21501],[113.52486,22.2152],[113.52479,22.21533],[113.52468,22.21589]],[[113.52314,22.23129],[113.52342,22.23145]],[[113.52345,22.23091],[113.52314,22.23129]],[[113.52463,22.15753],[113.52395,22.15744],[113.52321,22.15724]],[[113.52336,22.17886],[113.52352,22.1788]],[[113.52424,22.18161],[113.52338,22.17893]],[[113.52354,22.17888],[113.52338,22.17893]],[[113.52342,22.23145],[113.52434,22.23185],[113.52552,22.23228]],[[113.52345,22.23091],[113.52334,22.23112],[113.52333,22.23122],[113.52337,22.23139],[113.52342,22.23145]],[[113.52549,22.2283],[113.5249,22.22909],[113.52345,22.23091]],[[113.52354,22.17888],[113.52434,22.18157]],[[113.52694,22.19066],[113.52694,22.19056],[113.52628,22.18831],[113.52501,22.18428],[113.52427,22.18168]],[[113.52437,22.18166],[113.52512,22.18425],[113.527,22.19032],[113.52704,22.19059],[113.52694,22.19066]],[[113.52464,22.15736],[113.52472,22.15741],[113.52473,22.15745],[113.52471,22.15749],[113.52463,22.15753]],[[113.52464,22.15736],[113.52486,22.15737]],[[113.52468,22.21589],[113.52473,22.2159],[113.52477,22.21596],[113.5247,22.21603]],[[113.5247,22.21603],[113.52461,22.21597],[113.52462,22.21593],[113.52468,22.21589]],[[113.52527,22.15754],[113.52475,22.15754]],[[113.52529,22.158],[113.52517,22.15777],[113.52509,22.15769],[113.52475,22.15754]],[[113.52486,22.15737],[113.52575,22.15733]],[[113.52486,22.15737],[113.52517,22.15747],[113.52527,22.15754]],[[113.52512,22.12713],[113.52506,22.12696],[113.52491,22.12684]],[[113.52535,22.12684],[113.52491,22.12684]],[[113.52512,22.12713],[113.5251,22.13167]],[[113.5251,22.13167],[113.53026,22.13167]],[[113.52535,22.12684],[113.52519,22.12696],[113.52512,22.12713]],[[113.52527,22.15754],[113.52534,22.15765],[113.52542,22.15798]],[[113.52529,22.158],[113.52524,22.15767],[113.52527,22.15754]],[[113.52527,22.15754],[113.5254,22.15744],[113.52575,22.15733]],[[113.52583,22.15749],[113.52527,22.15754]],[[113.52568,22.16045],[113.52566,22.16021],[113.52529,22.158]],[[113.52531,22.10196],[113.52554,22.10192],[113.52562,22.10186],[113.52573,22.10171]],[[113.52822,22.12683],[113.52535,22.12684]],[[113.52542,22.15798],[113.52585,22.16047],[113.52628,22.16322]],[[113.52583,22.15749],[113.52551,22.15766],[113.52544,22.15779],[113.52542,22.15798]],[[113.52563,22.22812],[113.52549,22.2283]],[[113.52587,22.22828],[113.52565,22.22826],[113.52549,22.2283]],[[113.52552,22.23228],[113.52583,22.23236]],[[113.52567,22.23253],[113.52552,22.23228]],[[113.52558,22.10225],[113.52573,22.10171]],[[113.52561,22.22802],[113.52634,22.22698],[113.52699,22.22591],[113.5274,22.22512]],[[113.52587,22.22828],[113.52563,22.22812]],[[113.52567,22.22806],[113.52592,22.22823]],[[113.52587,22.22778],[113.52567,22.22806]],[[113.52589,22.16168],[113.52568,22.16045]],[[113.52573,22.10171],[113.52573,22.10152],[113.52567,22.10131],[113.52515,22.10049],[113.52493,22.09989],[113.52486,22.0996],[113.52482,22.09918],[113.52484,22.09858],[113.52493,22.09812],[113.52507,22.09768],[113.52524,22.09732],[113.52544,22.09699],[113.52574,22.09662],[113.52618,22.09625]],[[113.52591,22.10173],[113.52574,22.1023]],[[113.52575,22.15733],[113.52796,22.15694],[113.5287,22.1569],[113.52943,22.15696]],[[113.5294,22.15715],[113.52876,22.15707],[113.52799,22.1571],[113.52583,22.15749]],[[113.52587,22.22778],[113.52582,22.22805],[113.52592,22.22823]],[[113.52729,22.22554],[113.52635,22.22712],[113.52587,22.22778]],[[113.52944,22.23128],[113.52815,22.23021],[113.52747,22.22968],[113.52587,22.22828]],[[113.52607,22.16274],[113.52589,22.16168]],[[113.52591,22.10173],[113.52595,22.10199],[113.52601,22.10209],[113.52628,22.10227]],[[113.53736,22.099],[113.53587,22.09851],[113.53489,22.09808],[113.53397,22.09756],[113.53292,22.09679],[113.53248,22.09652],[113.53198,22.09625],[113.53156,22.09607],[113.53067,22.09576],[113.52992,22.09558],[113.52961,22.09556],[113.52932,22.09562],[113.52909,22.09575],[113.52857,22.09619],[113.52843,22.09627],[113.5281,22.09636],[113.52775,22.09635],[113.52696,22.09619],[113.52649,22.09624],[113.52624,22.09637],[113.526,22.09656],[113.52559,22.09703],[113.52538,22.09737],[113.52519,22.09775],[113.52507,22.09812],[113.52497,22.09874],[113.525,22.09935],[113.52517,22.10007],[113.5254,22.10058],[113.52589,22.10142],[113.52591,22.10173]],[[113.52592,22.22823],[113.52684,22.22904],[113.52815,22.23009],[113.52949,22.23122]],[[113.52596,22.23256],[113.52724,22.2337],[113.52895,22.23532],[113.52904,22.23552]],[[113.52607,22.16274],[113.52622,22.16323]],[[113.52631,22.16431],[113.52607,22.16274]],[[113.52618,22.09625],[113.52662,22.09591],[113.52707,22.09567],[113.52718,22.09554],[113.52718,22.09538],[113.52696,22.09489],[113.52671,22.09413]],[[113.52618,22.09625],[113.52642,22.09612],[113.52668,22.09606]],[[113.52638,22.16452],[113.52631,22.16431]],[[113.52631,22.16431],[113.52658,22.16429]],[[113.53024,22.16691],[113.52802,22.16723],[113.52758,22.1672],[113.52737,22.16714],[113.52718,22.16705],[113.52694,22.16683],[113.52676,22.16648],[113.52638,22.16452]],[[113.52647,22.161],[113.52803,22.16077]],[[113.52651,22.19098],[113.52694,22.19066]],[[113.52652,22.16449],[113.5269,22.16644],[113.52706,22.16675],[113.52726,22.16693],[113.52761,22.16707],[113.52801,22.16709],[113.52988,22.16682]],[[113.52658,22.16429],[113.52652,22.16449]],[[113.5277,22.16428],[113.52652,22.16449]],[[113.52825,22.16087],[113.52656,22.16114],[113.52627,22.16128],[113.52614,22.1614],[113.52611,22.16157],[113.52633,22.16271],[113.52638,22.16327],[113.52658,22.16429]],[[113.52658,22.16429],[113.52768,22.16414]],[[113.52741,22.09559],[113.52732,22.09571],[113.52668,22.09606]],[[113.52668,22.09606],[113.52696,22.09606],[113.52761,22.09623]],[[113.527,22.09372],[113.52741,22.09559]],[[113.52749,22.22518],[113.52729,22.22554]],[[113.52956,22.22659],[113.52917,22.22639],[113.52817,22.2257],[113.5277,22.22541],[113.52762,22.22537],[113.52753,22.22539],[113.52729,22.22554]],[[113.52741,22.09559],[113.52755,22.09611],[113.52761,22.09623]],[[113.52743,22.22507],[113.52874,22.22249]],[[113.52822,22.12683],[113.52748,22.12671]],[[113.52956,22.22659],[113.52749,22.22518]],[[113.52752,22.22512],[113.52961,22.22654]],[[113.52753,22.22509],[113.52809,22.22542],[113.52948,22.22639],[113.52961,22.22654]],[[113.52851,22.22309],[113.52753,22.22509]],[[113.52761,22.09623],[113.52797,22.09627],[113.52837,22.09619],[113.52885,22.09574],[113.52908,22.09558],[113.52936,22.09548],[113.52968,22.09544],[113.53049,22.0956],[113.53133,22.09587],[113.53228,22.09629],[113.533,22.09674],[113.53404,22.0975],[113.53488,22.09799],[113.53584,22.09841],[113.53741,22.09892]],[[113.52762,22.12657],[113.52908,22.1265]],[[113.52768,22.16414],[113.5278,22.16405],[113.52784,22.16396],[113.52783,22.16381],[113.52795,22.16401],[113.52814,22.16406]],[[113.52768,22.16414],[113.52814,22.16406]],[[113.5282,22.16419],[113.52801,22.16429],[113.52794,22.16443],[113.52789,22.16434],[113.5277,22.16428]],[[113.5282,22.16419],[113.5277,22.16428]],[[113.52803,22.16077],[113.52852,22.16055],[113.52865,22.16042],[113.52876,22.16023]],[[113.52803,22.16077],[113.52872,22.16067]],[[113.52901,22.19648],[113.529,22.19614],[113.52881,22.19547],[113.52861,22.19502],[113.52817,22.1942],[113.52807,22.19392]],[[113.52814,22.16406],[113.52906,22.16391]],[[113.52817,22.19386],[113.52847,22.19421],[113.52904,22.19521],[113.52922,22.19583],[113.52929,22.19643]],[[113.52934,22.16402],[113.5282,22.16419]],[[113.53041,22.1268],[113.52822,22.12683]],[[113.5288,22.16154],[113.52868,22.16138],[113.52863,22.16114],[113.52857,22.16101],[113.52845,22.16093],[113.52825,22.16087]],[[113.52873,22.16081],[113.52825,22.16087]],[[113.52843,22.2015],[113.52879,22.20051],[113.52889,22.20016],[113.52898,22.19968],[113.52901,22.19918],[113.52901,22.19716]],[[113.52882,22.22251],[113.52851,22.22309]],[[113.52927,22.22279],[113.52902,22.22271],[113.52886,22.22271],[113.52875,22.22278],[113.52864,22.22296],[113.52851,22.22309]],[[113.52932,22.19716],[113.52933,22.19899],[113.52924,22.19993],[113.5291,22.20052],[113.52894,22.20092],[113.52878,22.20123],[113.52856,22.20149]],[[113.52873,22.16081],[113.52872,22.16067]],[[113.52872,22.16067],[113.52876,22.16023]],[[113.52872,22.16067],[113.52888,22.16065]],[[113.5288,22.16154],[113.52874,22.16118],[113.52873,22.16081]],[[113.52888,22.16079],[113.52873,22.16081]],[[113.52874,22.22249],[113.53124,22.21739]],[[113.52876,22.16023],[113.52885,22.1599],[113.52972,22.15758]],[[113.52951,22.16345],[113.52911,22.1625],[113.5288,22.16154]],[[113.52882,22.22251],[113.52927,22.22279]],[[113.52908,22.222],[113.52882,22.22251]],[[113.52888,22.16065],[113.52888,22.16079]],[[113.52897,22.16006],[113.52888,22.16065]],[[113.52888,22.16065],[113.52928,22.16059]],[[113.52888,22.16079],[113.5289,22.16112]],[[113.52961,22.16068],[113.52888,22.16079]],[[113.5289,22.16112],[113.529,22.16172],[113.52953,22.16314]],[[113.52961,22.16068],[113.52904,22.16086],[113.52896,22.16094],[113.5289,22.16112]],[[113.52897,22.16006],[113.52899,22.16038],[113.52902,22.16046],[113.52913,22.16054],[113.52928,22.16059]],[[113.52985,22.15762],[113.52897,22.16006]],[[113.52901,22.19716],[113.52901,22.19648]],[[113.52901,22.19648],[113.52907,22.19634],[113.52916,22.1963],[113.52925,22.19634],[113.52929,22.19643]],[[113.52932,22.19716],[113.52929,22.19722],[113.52921,22.19726],[113.52913,22.19726],[113.52901,22.19716]],[[113.52906,22.16391],[113.5294,22.16373],[113.52946,22.16364],[113.52951,22.16345]],[[113.52906,22.16391],[113.52968,22.16382]],[[113.52908,22.222],[113.52899,22.22233],[113.52901,22.22246],[113.52911,22.22264],[113.52927,22.22279]],[[113.53033,22.21946],[113.52908,22.222]],[[113.52908,22.1265],[113.53036,22.12649]],[[113.52927,22.22279],[113.53155,22.22424]],[[113.52928,22.16059],[113.53308,22.16003]],[[113.52929,22.19643],[113.52932,22.19716]],[[113.5298,22.16442],[113.52968,22.1642],[113.5296,22.16411],[113.52934,22.16402]],[[113.52971,22.16396],[113.52934,22.16402]],[[113.52983,22.1572],[113.5294,22.15715]],[[113.52972,22.15758],[113.52962,22.15735],[113.5294,22.15715]],[[113.52943,22.15696],[113.52989,22.15704]],[[113.52943,22.15696],[113.52983,22.15684],[113.53003,22.15669]],[[113.53283,22.23424],[113.53273,22.23407],[113.52944,22.23128]],[[113.52949,22.23122],[113.53269,22.23393],[113.53281,22.23405],[113.53289,22.23422]],[[113.5316,22.22796],[113.53008,22.23025],[113.52949,22.23122]],[[113.52968,22.16382],[113.52951,22.16345]],[[113.52953,22.16314],[113.52985,22.16355],[113.52994,22.16362],[113.53006,22.16367],[113.53052,22.16369]],[[113.52953,22.16314],[113.52982,22.1638]],[[113.5297,22.22669],[113.52956,22.22659]],[[113.52961,22.22654],[113.52992,22.22663],[113.53004,22.22663],[113.53024,22.22653]],[[113.52961,22.22654],[113.53165,22.22791]],[[113.53317,22.16014],[113.52961,22.16068]],[[113.52971,22.16396],[113.52968,22.16382]],[[113.53039,22.22715],[113.5297,22.22669]],[[113.52973,22.22721],[113.52982,22.22691],[113.5297,22.22669]],[[113.5298,22.16442],[113.52971,22.16396]],[[113.52986,22.16394],[113.52971,22.16396]],[[113.52972,22.15758],[113.52983,22.1572]],[[113.53011,22.16617],[113.5298,22.16442]],[[113.52982,22.1638],[113.52986,22.16394]],[[113.52982,22.1638],[113.53052,22.16369]],[[113.52998,22.15723],[113.52983,22.1572]],[[113.52983,22.1572],[113.52989,22.15704]],[[113.52998,22.15723],[113.52985,22.15762]],[[113.5306,22.1574],[113.53012,22.15739],[113.52996,22.15746],[113.52985,22.15762]],[[113.52986,22.16394],[113.52992,22.16428]],[[113.53042,22.16385],[113.52986,22.16394]],[[113.52988,22.16682],[113.53006,22.16669],[113.53016,22.16647]],[[113.52988,22.16682],[113.53022,22.16677]],[[113.52989,22.15704],[113.53004,22.15707]],[[113.52989,22.15704],[113.53003,22.15669]],[[113.52992,22.16428],[113.53007,22.16509]],[[113.53042,22.16385],[113.53007,22.16401],[113.52992,22.16428]],[[113.5306,22.1574],[113.52998,22.15723]],[[113.53004,22.15707],[113.52998,22.15723]],[[113.53039,22.22715],[113.53022,22.22711],[113.53002,22.22716]],[[113.53003,22.15669],[113.53037,22.15589]],[[113.53004,22.15707],[113.53042,22.15717]],[[113.53017,22.15673],[113.53004,22.15707]],[[113.5304,22.16529],[113.53017,22.16521],[113.53007,22.16509]],[[113.53007,22.16509],[113.53015,22.16557]],[[113.53016,22.16647],[113.53011,22.16617]],[[113.53015,22.16557],[113.53025,22.16615]],[[113.53015,22.16557],[113.53026,22.16537],[113.5304,22.16529]],[[113.53022,22.16677],[113.53016,22.16647]],[[113.53017,22.15673],[113.53029,22.15703],[113.53042,22.15717]],[[113.53051,22.15593],[113.53017,22.15673]],[[113.53024,22.16691],[113.53022,22.16677]],[[113.53025,22.16615],[113.53031,22.16645]],[[113.53026,22.13167],[113.53085,22.13167]],[[113.53026,22.13167],[113.53056,22.13157],[113.53068,22.1315],[113.53076,22.13138],[113.53085,22.13112]],[[113.53031,22.16645],[113.53048,22.16663],[113.53067,22.16669]],[[113.53031,22.16645],[113.53036,22.16675]],[[113.53032,22.18224],[113.53214,22.18146],[113.53252,22.18144],[113.533,22.18157],[113.53326,22.18189],[113.53346,22.18244],[113.53349,22.18272],[113.5334,22.18343],[113.53342,22.18358],[113.5335,22.18371],[113.53365,22.18382],[113.53474,22.18427],[113.53482,22.18433],[113.53488,22.18444],[113.53504,22.18521],[113.53519,22.18547],[113.53535,22.18561],[113.53568,22.18576],[113.53696,22.18601]],[[113.53046,22.21916],[113.53033,22.21946]],[[113.53099,22.21947],[113.53061,22.21936],[113.53052,22.21937],[113.53033,22.21946]],[[113.53036,22.16675],[113.53067,22.16669]],[[113.53036,22.12649],[113.53088,22.1265]],[[113.53036,22.12649],[113.5305,22.12657],[113.53055,22.12667],[113.53053,22.12673],[113.53041,22.1268]],[[113.53037,22.15589],[113.53051,22.15593]],[[113.53037,22.15589],[113.5306,22.15523],[113.53068,22.1547],[113.53074,22.15337],[113.53073,22.15222]],[[113.53257,22.16473],[113.53195,22.16606],[113.53172,22.1664],[113.53151,22.16658],[113.53125,22.16671],[113.53038,22.16688]],[[113.5316,22.22796],[113.53039,22.22715]],[[113.53159,22.16511],[113.5304,22.16529]],[[113.53088,22.1268],[113.53041,22.1268]],[[113.53088,22.12725],[113.53077,22.12703],[113.53068,22.12692],[113.53041,22.1268]],[[113.53173,22.16367],[113.53042,22.16385]],[[113.53042,22.15717],[113.53308,22.15804]],[[113.53099,22.21947],[113.53046,22.21916]],[[113.53063,22.21881],[113.53046,22.21916]],[[113.53051,22.15593],[113.53081,22.15601],[113.53304,22.15633],[113.53359,22.15637]],[[113.53087,22.15222],[113.53088,22.15406],[113.53084,22.15471],[113.53073,22.15527],[113.53051,22.15593]],[[113.53052,22.16369],[113.53171,22.16353]],[[113.53331,22.15823],[113.5306,22.1574]],[[113.53063,22.21881],[113.53063,22.21911],[113.53067,22.2192],[113.53099,22.21947]],[[113.53134,22.21739],[113.53063,22.21881]],[[113.53067,22.16669],[113.53119,22.16658],[113.53142,22.16646],[113.53161,22.1663],[113.53176,22.16611],[113.53199,22.16563],[113.53202,22.16542]],[[113.53085,22.13167],[113.53143,22.13167]],[[113.53085,22.13112],[113.53085,22.13167]],[[113.53085,22.13112],[113.53094,22.13138],[113.53102,22.1315],[113.53114,22.13157],[113.53143,22.13167]],[[113.53085,22.13112],[113.53088,22.12725]],[[113.53088,22.12725],[113.53088,22.1268]],[[113.53142,22.1268],[113.5312,22.12685],[113.53106,22.12694],[113.53088,22.12725]],[[113.53142,22.1268],[113.53088,22.1268]],[[113.53088,22.1268],[113.53088,22.1265]],[[113.53088,22.1265],[113.53147,22.12651]],[[113.53094,22.21591],[113.53088,22.2163],[113.53094,22.21653],[113.53108,22.21676]],[[113.53209,22.21036],[113.5315,22.21222],[113.53138,22.21275],[113.53124,22.21452],[113.53094,22.21591]],[[113.53384,22.21594],[113.53352,22.21592],[113.53145,22.21562],[113.5312,22.21564],[113.53111,22.2157],[113.53094,22.21591]],[[113.53616,22.22278],[113.53402,22.22144],[113.53099,22.21947]],[[113.53108,22.21676],[113.53142,22.21702]],[[113.53124,22.21739],[113.53123,22.21712],[113.53108,22.21676]],[[113.53677,22.19009],[113.53598,22.18959],[113.53547,22.18915],[113.53496,22.18858],[113.53485,22.18851],[113.53449,22.18831],[113.53281,22.18782],[113.53228,22.18732],[113.53199,22.18711],[113.53181,22.18706],[113.53157,22.18705],[113.53122,22.18731],[113.53119,22.18739],[113.5312,22.18745]],[[113.53124,22.21739],[113.53142,22.21702]],[[113.53151,22.21706],[113.53134,22.21739]],[[113.53188,22.21729],[113.53161,22.21727],[113.53134,22.21739]],[[113.53295,22.1268],[113.53142,22.1268]],[[113.53142,22.1268],[113.53128,22.12672],[113.53126,22.12661],[113.53136,22.12653],[113.53147,22.12651]],[[113.53143,22.13167],[113.53375,22.13168]],[[113.53147,22.12651],[113.53305,22.12651],[113.53361,22.12646],[113.53625,22.12647]],[[113.53151,22.21706],[113.53188,22.21729]],[[113.53155,22.22424],[113.53193,22.22424]],[[113.53168,22.22457],[113.53162,22.22433],[113.53155,22.22424]],[[113.53202,22.16542],[113.53188,22.16524],[113.53159,22.16511]],[[113.53159,22.16511],[113.53183,22.16503],[113.53193,22.16486]],[[113.53385,22.22569],[113.53165,22.22791]],[[113.53171,22.16353],[113.53193,22.16357],[113.53256,22.16347],[113.53274,22.16349],[113.53281,22.16354],[113.53291,22.16367],[113.53292,22.16401]],[[113.53173,22.16367],[113.53171,22.16353]],[[113.53171,22.16353],[113.53246,22.16341],[113.53267,22.16333],[113.53296,22.16317]],[[113.53419,22.23864],[113.53541,22.23335],[113.53527,22.23093],[113.53518,22.23063],[113.535,22.23033],[113.53485,22.23019],[113.53171,22.228]],[[113.53193,22.16486],[113.53173,22.16367]],[[113.53385,22.22569],[113.53222,22.22461],[113.53201,22.22461],[113.53187,22.22468]],[[113.53209,22.21036],[113.53187,22.21029]],[[113.53188,22.21729],[113.53558,22.21931]],[[113.53257,22.16473],[113.53234,22.16496],[113.53223,22.16501],[113.53206,22.16499],[113.53193,22.16486]],[[113.53202,22.16542],[113.53193,22.16486]],[[113.53492,22.19094],[113.53501,22.19057],[113.53498,22.1904],[113.53409,22.18893],[113.53403,22.18887],[113.53335,22.18862],[113.532,22.18843]],[[113.53346,22.20597],[113.53323,22.20678],[113.53209,22.21036]],[[113.53292,22.16401],[113.53257,22.16473]],[[113.53322,22.16334],[113.53292,22.16401]],[[113.53508,22.12685],[113.53372,22.12685],[113.53295,22.1268]],[[113.53509,22.12674],[113.53295,22.1268]],[[113.53322,22.16334],[113.5331,22.16339],[113.53301,22.16337],[113.53295,22.16329],[113.53296,22.16317]],[[113.53296,22.16317],[113.53321,22.1629],[113.53334,22.1627],[113.53345,22.16249],[113.53356,22.16214],[113.53363,22.16147],[113.53359,22.16055]],[[113.53308,22.15804],[113.5336,22.15812]],[[113.53308,22.15804],[113.53342,22.15796],[113.5336,22.15779]],[[113.53308,22.16003],[113.5334,22.15982],[113.5335,22.15972],[113.5336,22.15954]],[[113.53308,22.16003],[113.53359,22.15995]],[[113.53359,22.16055],[113.53351,22.16037],[113.53342,22.16028],[113.53317,22.16014]],[[113.53359,22.16008],[113.53317,22.16014]],[[113.53379,22.16025],[113.53376,22.16173],[113.53373,22.16202],[113.53357,22.1626],[113.53322,22.16334]],[[113.53361,22.15825],[113.53331,22.15823]],[[113.53361,22.1585],[113.53331,22.15823]],[[113.53333,22.14386],[113.53359,22.1417],[113.5337,22.14117],[113.53414,22.13694]],[[113.53422,22.13693],[113.53351,22.14387]],[[113.53359,22.16055],[113.53359,22.16008]],[[113.53359,22.15995],[113.5336,22.15954]],[[113.53359,22.15637],[113.53378,22.15637]],[[113.5336,22.15779],[113.53359,22.15637]],[[113.53359,22.15637],[113.53366,22.15221]],[[113.5336,22.15812],[113.5336,22.15779]],[[113.5336,22.15954],[113.53361,22.1585]],[[113.53361,22.1585],[113.53361,22.15825]],[[113.53376,22.15825],[113.53361,22.15825]],[[113.53362,22.13641],[113.53419,22.13643]],[[113.53362,22.13641],[113.53407,22.13627],[113.53424,22.13604]],[[113.53363,22.16002],[113.53379,22.16025]],[[113.53377,22.15975],[113.53363,22.16002]],[[113.53419,22.13648],[113.53364,22.13648]],[[113.53414,22.13694],[113.53409,22.13673],[113.534,22.13658],[113.53392,22.13653],[113.53364,22.13648]],[[113.53374,22.15811],[113.53376,22.15825]],[[113.53376,22.15771],[113.53374,22.15811]],[[113.53374,22.15811],[113.53412,22.1581]],[[113.53375,22.13168],[113.53481,22.13167]],[[113.53473,22.13221],[113.53464,22.13191],[113.53454,22.1318],[113.53439,22.13176],[113.53414,22.13176],[113.53375,22.13168]],[[113.53375,22.13168],[113.53421,22.13156],[113.53461,22.13155],[113.53474,22.13149],[113.53486,22.13134]],[[113.53376,22.15825],[113.53377,22.15851]],[[113.53425,22.15824],[113.53376,22.15825]],[[113.53376,22.15771],[113.53391,22.15796],[113.53412,22.1581]],[[113.53378,22.15637],[113.53376,22.15771]],[[113.53377,22.15975],[113.53379,22.16025]],[[113.53377,22.15851],[113.53377,22.15975]],[[113.53425,22.15824],[113.53401,22.15834],[113.53377,22.15851]],[[113.53379,22.1522],[113.53378,22.15637]],[[113.53378,22.15637],[113.53427,22.1563],[113.53473,22.15617],[113.53517,22.15596],[113.53552,22.15572],[113.53587,22.15533],[113.53663,22.15406],[113.5373,22.1531]],[[113.53616,22.22718],[113.53385,22.22569]],[[113.53616,22.22278],[113.53385,22.22569]],[[113.53403,22.1914],[113.53485,22.191],[113.53492,22.19094]],[[113.53412,22.1581],[113.53431,22.15809],[113.53481,22.15798],[113.53513,22.15787],[113.53545,22.1577],[113.53585,22.15741],[113.53617,22.15708],[113.53635,22.15683],[113.53793,22.15423]],[[113.53414,22.13694],[113.53419,22.13648]],[[113.53419,22.13643],[113.53424,22.13604]],[[113.53429,22.13649],[113.53422,22.13693]],[[113.53476,22.1365],[113.53442,22.13663],[113.53429,22.13676],[113.53422,22.13693]],[[113.53424,22.13604],[113.53473,22.13221]],[[113.53827,22.15394],[113.53696,22.15609],[113.53646,22.15687],[113.53619,22.15724],[113.53571,22.15766],[113.53522,22.15797],[113.53458,22.1582],[113.53425,22.15824]],[[113.53476,22.1365],[113.53429,22.13649]],[[113.53429,22.13643],[113.53476,22.13645]],[[113.53435,22.13606],[113.53429,22.13643]],[[113.53435,22.13606],[113.53447,22.1363],[113.53476,22.13645]],[[113.53483,22.13218],[113.53435,22.13606]],[[113.53444,22.14381],[113.53566,22.14376],[113.53651,22.1438],[113.53749,22.14367],[113.53775,22.14368],[113.53873,22.1438]],[[113.53473,22.13221],[113.53481,22.13167]],[[113.536,22.13655],[113.53476,22.1365]],[[113.53476,22.13645],[113.536,22.13649]],[[113.53481,22.13167],[113.53486,22.13134]],[[113.53492,22.13166],[113.53483,22.13218]],[[113.53575,22.13166],[113.53554,22.13174],[113.53506,22.13178],[113.53493,22.1319],[113.53483,22.13218]],[[113.53486,22.13134],[113.53524,22.12948],[113.53534,22.12847],[113.53536,22.12708],[113.53526,22.12693],[113.53508,22.12685]],[[113.53505,22.13083],[113.53492,22.13166]],[[113.53492,22.13166],[113.53538,22.13166]],[[113.53492,22.19094],[113.5352,22.19112],[113.5353,22.19127],[113.53538,22.19129],[113.53589,22.19116],[113.53627,22.19073]],[[113.53504,22.21502],[113.53703,22.21589],[113.53807,22.2163],[113.53905,22.2166],[113.5402,22.21684]],[[113.53505,22.13083],[113.53507,22.13097],[113.535,22.13133],[113.53502,22.13144],[113.53513,22.13155],[113.53538,22.13166]],[[113.53576,22.12686],[113.53554,22.12695],[113.53546,22.12716],[113.53539,22.12874],[113.5353,22.12948],[113.53505,22.13083]],[[113.53576,22.12686],[113.53508,22.12685]],[[113.53538,22.13166],[113.53575,22.13166]],[[113.53862,22.14425],[113.53541,22.144]],[[113.53574,22.2194],[113.53797,22.22062]],[[113.5384,22.21318],[113.53653,22.21335],[113.53636,22.21331],[113.53575,22.21305]],[[113.53575,22.21305],[113.53589,22.21325],[113.53619,22.21339],[113.53655,22.21345],[113.53915,22.2132],[113.53945,22.21311]],[[113.53595,22.21024],[113.53525,22.21202],[113.53528,22.21223],[113.53575,22.21305]],[[113.53575,22.13166],[113.53923,22.13166]],[[113.53671,22.12686],[113.53576,22.12686]],[[113.5373,22.1531],[113.53617,22.15209],[113.53581,22.15171]],[[113.53617,22.20969],[113.53608,22.20984],[113.53595,22.21024]],[[113.53595,22.21024],[113.53616,22.20994],[113.53632,22.20985]],[[113.53597,22.15163],[113.53605,22.15175],[113.53737,22.15301]],[[113.53845,22.13671],[113.536,22.13655]],[[113.53847,22.13686],[113.538,22.13686],[113.53777,22.13681],[113.53663,22.13673],[113.53634,22.13663],[113.536,22.13655]],[[113.536,22.13649],[113.53845,22.13662]],[[113.536,22.13649],[113.53668,22.13645],[113.53847,22.13652]],[[113.53853,22.22432],[113.53616,22.22278]],[[113.53797,22.22062],[113.53616,22.22278]],[[113.53616,22.22718],[113.53762,22.22742],[113.53932,22.22763],[113.53982,22.22761],[113.54004,22.2275],[113.54076,22.2268],[113.54105,22.2266],[113.5427,22.22661],[113.54304,22.22664],[113.54361,22.22677],[113.54403,22.22691]],[[113.53616,22.22718],[113.53853,22.22432]],[[113.53617,22.20969],[113.5362,22.20978],[113.53632,22.20985]],[[113.53644,22.20961],[113.5363,22.20957],[113.53622,22.20961],[113.53617,22.20969]],[[113.53671,22.12686],[113.5362,22.12674]],[[113.53625,22.12647],[113.53823,22.12647],[113.53855,22.12649],[113.53886,22.12658]],[[113.53625,22.12647],[113.53675,22.12658]],[[113.53737,22.19094],[113.53714,22.19091],[113.53684,22.19096],[113.53659,22.19091],[113.53627,22.19073]],[[113.53627,22.19073],[113.53666,22.19019]],[[113.53632,22.20985],[113.53642,22.20982],[113.53647,22.20974]],[[113.5367,22.19626],[113.53643,22.19632]],[[113.53661,22.20966],[113.53644,22.20961]],[[113.53646,22.19649],[113.5367,22.19626]],[[113.53647,22.20974],[113.53661,22.20966]],[[113.53957,22.21096],[113.53839,22.20989],[113.53821,22.20976],[113.5376,22.20957],[113.5373,22.20953],[113.53709,22.20954],[113.53661,22.20966]],[[113.53666,22.19019],[113.53677,22.19009]],[[113.53666,22.19019],[113.53676,22.19016],[113.53708,22.19039]],[[113.5367,22.19626],[113.54023,22.1929]],[[113.53893,22.12676],[113.53813,22.12686],[113.53671,22.12686]],[[113.53694,22.19024],[113.53677,22.19009]],[[113.53683,22.1991],[113.53677,22.1992],[113.5374,22.20236]],[[113.53692,22.19897],[113.53691,22.19903],[113.53683,22.1991]],[[113.53702,22.19916],[113.53695,22.19909],[113.53683,22.1991]],[[113.5369,22.19876],[113.53902,22.19891],[113.53918,22.19896],[113.53931,22.19911],[113.53945,22.19917],[113.53962,22.19922],[113.53986,22.19921]],[[113.53694,22.19024],[113.53708,22.19039]],[[113.53803,22.18944],[113.5375,22.18978],[113.53694,22.19024]],[[113.53784,22.15051],[113.53745,22.15091],[113.53694,22.15121]],[[113.53751,22.18588],[113.53722,22.18599],[113.53696,22.18601]],[[113.53706,22.18604],[113.53727,22.18612],[113.53739,22.18626]],[[113.53706,22.18604],[113.53724,22.18617],[113.5373,22.18644]],[[113.53708,22.19039],[113.53751,22.19082]],[[113.53792,22.15367],[113.5373,22.1531]],[[113.5373,22.18644],[113.53766,22.18846],[113.53803,22.18944]],[[113.5374,22.1863],[113.5373,22.18644]],[[113.5393,22.09943],[113.53823,22.09922],[113.53736,22.099]],[[113.53968,22.10341],[113.53955,22.10272],[113.539,22.10133],[113.539,22.101],[113.53907,22.09991],[113.53904,22.09971],[113.53891,22.09952],[113.5387,22.09941],[113.5379,22.09923],[113.53736,22.099]],[[113.53737,22.15301],[113.53792,22.15348]],[[113.53737,22.15301],[113.53899,22.15135]],[[113.5378,22.19105],[113.53737,22.19094]],[[113.53751,22.19082],[113.53747,22.19089],[113.53737,22.19094]],[[113.53751,22.18588],[113.53741,22.18601],[113.53739,22.18626]],[[113.5374,22.20236],[113.53801,22.2025]],[[113.5374,22.20236],[113.53755,22.20314]],[[113.5374,22.1863],[113.53753,22.18647],[113.53759,22.18651],[113.53766,22.18651],[113.53783,22.1863],[113.53785,22.18613]],[[113.53741,22.09892],[113.5379,22.09898],[113.53845,22.09911],[113.53923,22.09923],[113.53931,22.09927],[113.53932,22.09934]],[[113.53741,22.09892],[113.53816,22.09912],[113.53932,22.09934]],[[113.5378,22.19105],[113.53751,22.19082]],[[113.53777,22.18591],[113.53766,22.18583],[113.53751,22.18588]],[[113.53755,22.20314],[113.53762,22.20321],[113.53779,22.20326]],[[113.53755,22.20314],[113.53769,22.20335],[113.5377,22.2035]],[[113.5377,22.2035],[113.53765,22.20377],[113.53768,22.20391],[113.53776,22.20403],[113.53794,22.20415],[113.5384,22.20426]],[[113.53779,22.20326],[113.5377,22.2035]],[[113.53811,22.18573],[113.53807,22.18584],[113.53799,22.18591],[113.53791,22.18593],[113.53777,22.18591]],[[113.53785,22.18613],[113.53782,22.18599],[113.53777,22.18591]],[[113.53801,22.2025],[113.53801,22.20261],[113.53779,22.20326]],[[113.54023,22.1929],[113.5392,22.19191],[113.53849,22.19172],[113.5378,22.19105]],[[113.53899,22.15135],[113.53784,22.15051]],[[113.53798,22.1864],[113.53785,22.18613]],[[113.53843,22.20418],[113.53796,22.20407],[113.53785,22.20401],[113.53777,22.20391],[113.53772,22.2038],[113.53772,22.20368],[113.53786,22.20326]],[[113.53786,22.20326],[113.5381,22.20256],[113.5381,22.20244],[113.53805,22.20234]],[[113.5379,22.15045],[113.53905,22.1513]],[[113.53882,22.14859],[113.53862,22.14922],[113.53821,22.15],[113.5379,22.15045]],[[113.53792,22.15348],[113.5382,22.15356],[113.53841,22.15351]],[[113.53792,22.15348],[113.53823,22.15374]],[[113.53816,22.15385],[113.53792,22.15367]],[[113.53793,22.15423],[113.53799,22.15391],[113.53792,22.15367]],[[113.53793,22.15423],[113.53816,22.15385]],[[113.53797,22.22062],[113.53927,22.22136],[113.5405,22.22197]],[[113.53974,22.21842],[113.53797,22.22062]],[[113.53955,22.19081],[113.53939,22.19067],[113.53863,22.18964],[113.53839,22.18922],[113.53818,22.18875],[113.538,22.18815],[113.53791,22.18756],[113.5379,22.18702],[113.53798,22.1864]],[[113.53798,22.1864],[113.53811,22.18573]],[[113.53826,22.18937],[113.53803,22.18944]],[[113.53811,22.18573],[113.5383,22.18531],[113.5386,22.18482],[113.53903,22.18429],[113.53945,22.18391]],[[113.53827,22.15394],[113.53816,22.15385]],[[113.53823,22.15374],[113.53835,22.15383]],[[113.53823,22.15374],[113.53841,22.15351]],[[113.54388,22.14968],[113.5434,22.15019],[113.54285,22.15065],[113.5416,22.15143],[113.54025,22.15219],[113.53959,22.15263],[113.53904,22.15306],[113.53862,22.15348],[113.53835,22.15383]],[[113.53934,22.21199],[113.53907,22.21244],[113.53891,22.2126],[113.53874,22.21271],[113.53834,22.21279],[113.5384,22.21318]],[[113.53933,22.21296],[113.53925,22.21304],[113.53911,22.21311],[113.5384,22.21318]],[[113.5384,22.20426],[113.5398,22.20459]],[[113.53841,22.15351],[113.53888,22.15301],[113.53983,22.15228]],[[113.53982,22.20451],[113.53843,22.20418]],[[113.53845,22.13662],[113.5392,22.13666]],[[113.53921,22.13674],[113.53845,22.13671]],[[113.53847,22.13686],[113.53845,22.13671]],[[113.53847,22.13652],[113.53904,22.13654],[113.53918,22.13661],[113.5392,22.13666]],[[113.53847,22.13652],[113.53863,22.13628],[113.53904,22.13598],[113.53924,22.13578],[113.53939,22.13552]],[[113.53935,22.13722],[113.53915,22.13727],[113.53886,22.13724],[113.53867,22.13713],[113.53852,22.13696],[113.53847,22.13686]],[[113.53891,22.13683],[113.53847,22.13686]],[[113.54449,22.22546],[113.54094,22.22497],[113.53876,22.22442],[113.53853,22.22432]],[[113.53853,22.22432],[113.5405,22.22197]],[[113.53892,22.14464],[113.53882,22.14443],[113.53862,22.14425]],[[113.53873,22.1438],[113.53881,22.14389],[113.53881,22.14411],[113.53877,22.1442],[113.53862,22.14425]],[[113.53873,22.1438],[113.53888,22.14374],[113.53899,22.14358]],[[113.5389,22.14826],[113.53882,22.14859]],[[113.54111,22.14902],[113.5392,22.14855],[113.53892,22.14852],[113.53882,22.14859]],[[113.5389,22.14826],[113.53905,22.14843],[113.54118,22.14894]],[[113.53921,22.14616],[113.53902,22.14757],[113.5389,22.14826]],[[113.53935,22.13722],[113.53933,22.13708],[113.53924,22.13695],[113.5391,22.13687],[113.53891,22.13683]],[[113.53921,22.13674],[113.53915,22.1368],[113.53891,22.13683]],[[113.53892,22.14464],[113.53899,22.14358]],[[113.53899,22.14358],[113.53925,22.1385],[113.53936,22.13731]],[[113.53983,22.15228],[113.5399,22.15215],[113.53991,22.15206],[113.53987,22.15196],[113.53899,22.15135]],[[113.53905,22.1513],[113.53982,22.15184],[113.54005,22.15193],[113.54039,22.15197]],[[113.53905,22.1513],[113.54068,22.14958],[113.54111,22.14902]],[[113.53911,22.10059],[113.53909,22.10101],[113.53911,22.1014],[113.53975,22.10284],[113.53989,22.10337]],[[113.5393,22.09943],[113.53911,22.09966],[113.53914,22.09987],[113.53911,22.10059]],[[113.53911,22.10059],[113.53928,22.10053],[113.53936,22.10043],[113.53967,22.09948]],[[113.5392,22.13666],[113.53978,22.13663]],[[113.53977,22.13672],[113.53921,22.13674]],[[113.53923,22.14579],[113.53921,22.14616]],[[113.53956,22.14599],[113.53937,22.14603],[113.53921,22.14616]],[[113.53922,22.14518],[113.53925,22.14539],[113.53923,22.14579]],[[113.5396,22.1319],[113.5395,22.13175],[113.53923,22.13166]],[[113.53923,22.13166],[113.5395,22.13159],[113.53963,22.13145]],[[113.53923,22.14579],[113.53941,22.14593],[113.53956,22.14599]],[[113.53967,22.09948],[113.5393,22.09943]],[[113.53946,22.14273],[113.53938,22.14383],[113.53932,22.14412]],[[113.53932,22.09934],[113.53974,22.0994]],[[113.53943,22.21279],[113.53933,22.21296]],[[113.53946,22.21303],[113.53942,22.21297],[113.53933,22.21296]],[[113.53959,22.2112],[113.53962,22.21131],[113.53954,22.2116],[113.53934,22.21199]],[[113.53953,22.21207],[113.53951,22.212],[113.53945,22.21196],[113.53934,22.21199]],[[113.53951,22.13588],[113.53939,22.13552]],[[113.53939,22.13552],[113.53947,22.13387],[113.53954,22.13336]],[[113.53939,22.13552],[113.53947,22.13505],[113.53955,22.13367],[113.53954,22.13336]],[[113.53939,22.13721],[113.53946,22.13701]],[[113.53976,22.13698],[113.53939,22.13721]],[[113.53967,22.21271],[113.53942,22.21268]],[[113.53942,22.21268],[113.53953,22.21207]],[[113.53946,22.21303],[113.53943,22.21279]],[[113.53967,22.21271],[113.53943,22.21279]],[[113.53949,22.1837],[113.53951,22.18381],[113.53945,22.18391]],[[113.53945,22.18391],[113.53968,22.18377]],[[113.53945,22.21311],[113.53973,22.21289]],[[113.53946,22.14273],[113.5395,22.14364],[113.53961,22.14378],[113.53969,22.14382],[113.54008,22.14388]],[[113.53947,22.14258],[113.53946,22.14273]],[[113.53951,22.14181],[113.53947,22.14258]],[[113.5398,22.14226],[113.5396,22.14232],[113.53952,22.14243],[113.53947,22.14258]],[[113.53951,22.14181],[113.53957,22.14199],[113.53968,22.14207],[113.5398,22.14211]],[[113.53968,22.13888],[113.53951,22.14181]],[[113.53953,22.21207],[113.53972,22.21124]],[[113.53954,22.13336],[113.5396,22.1319]],[[113.53956,22.14599],[113.54549,22.14691]],[[113.53967,22.21108],[113.53957,22.21096]],[[113.53957,22.21096],[113.53959,22.21112]],[[113.53959,22.2112],[113.53963,22.21124],[113.53972,22.21124]],[[113.5396,22.1319],[113.53963,22.13145]],[[113.53963,22.13145],[113.53979,22.12875],[113.53984,22.12835],[113.53993,22.12805]],[[113.54275,22.14441],[113.54232,22.14448],[113.53964,22.1443]],[[113.53983,22.0995],[113.53967,22.09948]],[[113.54005,22.10516],[113.53993,22.1047],[113.53968,22.10341]],[[113.53968,22.10341],[113.53974,22.10335],[113.53982,22.10333],[113.53989,22.10337]],[[113.54021,22.1387],[113.53987,22.13871],[113.53968,22.13888]],[[113.53971,22.13827],[113.53969,22.13876]],[[113.54213,22.1389],[113.54199,22.13876],[113.5418,22.13873],[113.54126,22.13873],[113.54078,22.13866],[113.53998,22.13862],[113.53977,22.13866],[113.53969,22.13876]],[[113.53995,22.19071],[113.53981,22.19085],[113.53971,22.19088]],[[113.53971,22.13827],[113.53974,22.1384],[113.53987,22.1385],[113.54014,22.13856],[113.54197,22.13864],[113.54213,22.13859],[113.54229,22.13846]],[[113.53976,22.13698],[113.53971,22.13827]],[[113.54012,22.14427],[113.53971,22.1443]],[[113.53971,22.21271],[113.53966,22.21281],[113.53973,22.21289]],[[113.54234,22.21249],[113.54219,22.21239],[113.54209,22.21238],[113.54099,22.21244],[113.54044,22.21254],[113.53993,22.2127],[113.53971,22.21271]],[[113.53986,22.0995],[113.53974,22.10061],[113.53973,22.10134]],[[113.53973,22.21289],[113.5402,22.21268],[113.54072,22.21254],[113.54192,22.21245],[113.54203,22.21247],[113.54213,22.21254]],[[113.53983,22.0995],[113.53973,22.09978]],[[113.53974,22.21842],[113.53976,22.21831],[113.53972,22.21823],[113.53979,22.21817]],[[113.53979,22.21817],[113.5398,22.21831],[113.53974,22.21842]],[[113.53998,22.21832],[113.53985,22.21832],[113.53974,22.21842]],[[113.53977,22.13672],[113.53976,22.13698]],[[113.54148,22.13673],[113.54102,22.13677],[113.54027,22.13678],[113.53976,22.13698]],[[113.54148,22.13673],[113.53977,22.13672]],[[113.53979,22.13638],[113.53978,22.13663]],[[113.53978,22.13663],[113.54012,22.13659],[113.54049,22.1366],[113.54213,22.1367]],[[113.53985,22.21802],[113.53979,22.21817]],[[113.53979,22.13638],[113.53993,22.13649],[113.54003,22.13652],[113.54583,22.13684],[113.54618,22.13691]],[[113.54013,22.12842],[113.54022,22.12877],[113.53994,22.13427],[113.53979,22.13638]],[[113.54153,22.14234],[113.5398,22.14226]],[[113.5398,22.14226],[113.5397,22.14223],[113.53967,22.14216],[113.53972,22.14211],[113.5398,22.14211]],[[113.5398,22.20459],[113.54095,22.20487]],[[113.5398,22.14211],[113.53996,22.14213]],[[113.54098,22.20479],[113.53982,22.20451]],[[113.53983,22.21113],[113.54122,22.21098]],[[113.53983,22.15228],[113.54039,22.15197]],[[113.53985,22.21802],[113.53985,22.21811],[113.53991,22.21818]],[[113.5403,22.21699],[113.53985,22.21802]],[[113.54011,22.19905],[113.53986,22.19921]],[[113.53986,22.19921],[113.54018,22.19919]],[[113.54232,22.09892],[113.54224,22.09908],[113.5421,22.09925],[113.54194,22.09937],[113.54171,22.09945],[113.54115,22.0995],[113.53986,22.0995]],[[113.53987,22.09941],[113.54123,22.09943],[113.54173,22.09937],[113.54192,22.09928],[113.54219,22.099],[113.54232,22.09892]],[[113.53987,22.09938],[113.54058,22.09931],[113.54068,22.0992],[113.54067,22.09905],[113.54052,22.09894],[113.54022,22.09893],[113.54003,22.09897],[113.53993,22.09907],[113.53988,22.09934]],[[113.53989,22.10337],[113.54006,22.10418],[113.54034,22.10506]],[[113.53995,22.19071],[113.53998,22.1908],[113.54006,22.19081]],[[113.54058,22.19013],[113.53995,22.19071]],[[113.53996,22.14213],[113.54149,22.1422]],[[113.53996,22.14213],[113.54047,22.14222]],[[113.53997,22.19105],[113.53994,22.19094],[113.54006,22.19081]],[[113.54003,22.14411],[113.54002,22.14395],[113.54008,22.14388]],[[113.54034,22.10506],[113.54034,22.10527],[113.54026,22.10531],[113.54018,22.10531],[113.54005,22.10516]],[[113.54106,22.10782],[113.54091,22.10756],[113.54005,22.10516]],[[113.54006,22.19081],[113.54069,22.19022]],[[113.54008,22.14388],[113.54123,22.14394]],[[113.54011,22.19905],[113.54018,22.19919]],[[113.54344,22.19809],[113.54269,22.19846],[113.5406,22.19876],[113.54011,22.19905]],[[113.54241,22.14438],[113.54012,22.14427]],[[113.54018,22.19919],[113.5421,22.19957],[113.54229,22.19964],[113.54322,22.20015]],[[113.5404,22.21688],[113.5402,22.21684]],[[113.5402,22.21684],[113.54028,22.21691],[113.5403,22.21699]],[[113.5402,22.21684],[113.54042,22.21683],[113.54193,22.21704],[113.54218,22.2171],[113.54257,22.2173]],[[113.54023,22.1929],[113.54068,22.19247]],[[113.5404,22.21688],[113.5403,22.21699]],[[113.54034,22.10506],[113.54114,22.10734],[113.54125,22.10785]],[[113.54039,22.15197],[113.54228,22.15089],[113.54275,22.15057],[113.54317,22.15024],[113.54344,22.14995]],[[113.54243,22.21747],[113.54241,22.21735],[113.54235,22.21727],[113.54205,22.21712],[113.5404,22.21688]],[[113.5405,22.22197],[113.5407,22.22204],[113.54345,22.22229]],[[113.54053,22.23799],[113.54356,22.22912],[113.54361,22.22883],[113.54368,22.22798],[113.54373,22.22775],[113.54403,22.22691]],[[113.54187,22.18897],[113.54176,22.18903],[113.54058,22.19013]],[[113.54069,22.19022],[113.54067,22.19014],[113.54058,22.19013]],[[113.54459,22.22547],[113.5445,22.22589],[113.54378,22.228],[113.54368,22.2291],[113.54159,22.23505],[113.5406,22.23801]],[[113.54196,22.19118],[113.54089,22.19219],[113.54068,22.19247]],[[113.54068,22.19247],[113.54098,22.19224],[113.54203,22.19124]],[[113.54069,22.19022],[113.54192,22.18907]],[[113.54095,22.20487],[113.54155,22.20501]],[[113.54095,22.20487],[113.54019,22.20726],[113.54221,22.20781],[113.54227,22.20788],[113.54226,22.20794]],[[113.54157,22.20493],[113.54098,22.20479]],[[113.54109,22.20323],[113.5413,22.2022],[113.54133,22.20217],[113.54287,22.20259]],[[113.5433,22.14952],[113.54111,22.14902]],[[113.54118,22.14894],[113.54324,22.14944]],[[113.54123,22.14394],[113.54188,22.14397],[113.542,22.14388],[113.54205,22.14371]],[[113.54123,22.14394],[113.5415,22.14384],[113.5416,22.14375],[113.54182,22.14301]],[[113.54147,22.19067],[113.5418,22.19098]],[[113.54559,22.13711],[113.5449,22.13704],[113.54364,22.13699],[113.54287,22.1369],[113.54211,22.13676],[113.54148,22.13673]],[[113.54149,22.1422],[113.5416,22.14222],[113.54166,22.14227],[113.54162,22.14233],[113.54153,22.14234]],[[113.54149,22.1422],[113.54173,22.14213],[113.54184,22.14204],[113.54194,22.14186]],[[113.54205,22.14254],[113.54197,22.14245],[113.54182,22.14236],[113.54153,22.14234]],[[113.54155,22.20501],[113.54324,22.20542],[113.5443,22.20623],[113.5444,22.20638]],[[113.54452,22.20642],[113.54436,22.20617],[113.54332,22.20536],[113.54157,22.20493]],[[113.5418,22.19098],[113.54202,22.19112]],[[113.5418,22.19098],[113.54196,22.19118]],[[113.54213,22.18904],[113.54202,22.18898],[113.54187,22.18897]],[[113.54192,22.18907],[113.54199,22.18903],[113.54213,22.18904]],[[113.54205,22.14254],[113.54194,22.14227],[113.54194,22.14186]],[[113.54194,22.14186],[113.54199,22.14136],[113.5421,22.14132],[113.54275,22.14137],[113.54282,22.1415],[113.54278,22.14191],[113.54273,22.14198],[113.54248,22.14207]],[[113.54195,22.15655],[113.54205,22.15643],[113.54217,22.15634],[113.54233,22.15628],[113.54257,22.15626],[113.54276,22.1563],[113.54291,22.15639],[113.54298,22.1565],[113.54298,22.15658]],[[113.54303,22.19015],[113.54202,22.19112]],[[113.54203,22.19124],[113.54342,22.1925],[113.5435,22.19272],[113.54353,22.19321],[113.54351,22.19332],[113.54339,22.19352],[113.54337,22.19367],[113.54368,22.19426],[113.5439,22.19443],[113.54425,22.19486]],[[113.54211,22.14275],[113.54205,22.14254]],[[113.54425,22.19486],[113.54393,22.19437],[113.54376,22.19422],[113.54346,22.19365],[113.54349,22.19351],[113.54361,22.19333],[113.54363,22.19322],[113.5436,22.19271],[113.54352,22.19247],[113.54209,22.19118]],[[113.54209,22.19118],[113.54242,22.19092],[113.54313,22.19024]],[[113.54213,22.1367],[113.54604,22.13693]],[[113.54213,22.1367],[113.54315,22.13686],[113.5449,22.13697],[113.54552,22.13699],[113.54604,22.13693]],[[113.54244,22.18924],[113.54213,22.18904]],[[113.54233,22.13958],[113.54226,22.13943],[113.5422,22.13907],[113.54213,22.1389]],[[113.54559,22.13711],[113.54483,22.13712],[113.54295,22.13703],[113.5428,22.13705],[113.5427,22.13717],[113.54268,22.13724],[113.54263,22.13832],[113.54259,22.13868],[113.54255,22.13876],[113.54258,22.13891],[113.54278,22.13912],[113.54276,22.13963],[113.54272,22.13971],[113.54263,22.13974],[113.54221,22.13973],[113.54212,22.13967],[113.54209,22.13953],[113.54213,22.1389]],[[113.54213,22.1389],[113.54217,22.13873],[113.54229,22.13846]],[[113.54248,22.14207],[113.54236,22.14215],[113.54233,22.14226],[113.54235,22.14252],[113.54228,22.14395],[113.54224,22.14411],[113.54214,22.14409],[113.54214,22.14391]],[[113.54248,22.14207],[113.54232,22.14199],[113.54221,22.14173]],[[113.54374,22.21231],[113.54238,22.21239],[113.54225,22.21235]],[[113.54229,22.13846],[113.54241,22.13759]],[[113.54232,22.09892],[113.54235,22.09871],[113.54245,22.09845],[113.54259,22.09822],[113.5427,22.09811],[113.54304,22.0979],[113.54347,22.09771],[113.54366,22.09767],[113.5439,22.09767],[113.54414,22.09772],[113.54552,22.09827],[113.54577,22.09832],[113.54644,22.09715],[113.54666,22.09671],[113.54701,22.09624],[113.54789,22.09521],[113.54871,22.09442],[113.54927,22.09395],[113.54988,22.09353],[113.55093,22.09289],[113.55165,22.09253],[113.55333,22.09183],[113.55387,22.0915],[113.55428,22.09117],[113.55447,22.09098],[113.55469,22.09061],[113.55474,22.09039],[113.55476,22.09023],[113.55472,22.09007],[113.55452,22.08997],[113.55414,22.09002],[113.55346,22.09002],[113.55258,22.09013],[113.5523,22.0902],[113.55196,22.09034],[113.5517,22.09032],[113.55109,22.09017],[113.55058,22.08997],[113.54969,22.09004],[113.54919,22.08999],[113.54903,22.08992],[113.54849,22.08958],[113.54803,22.08937]],[[113.54248,22.21898],[113.54243,22.21747]],[[113.54243,22.21747],[113.54248,22.21735],[113.54257,22.2173]],[[113.5427,22.18926],[113.54257,22.18929],[113.54244,22.18924]],[[113.54244,22.18924],[113.54252,22.18936],[113.54247,22.1895]],[[113.54345,22.22229],[113.54248,22.21898]],[[113.54257,22.2173],[113.54249,22.21742],[113.54256,22.21887],[113.54253,22.21896],[113.54248,22.21898]],[[113.54257,22.2173],[113.54264,22.21735],[113.54267,22.21746]],[[113.54276,22.2173],[113.54257,22.2173]],[[113.54287,22.15611],[113.54272,22.15578],[113.54266,22.15552]],[[113.54287,22.20259],[113.54266,22.20409]],[[113.54267,22.21746],[113.54271,22.21872],[113.54268,22.21911],[113.54359,22.22231]],[[113.54276,22.2173],[113.54268,22.21736],[113.54267,22.21746]],[[113.54348,22.20871],[113.54336,22.20882],[113.54273,22.2108]],[[113.54347,22.2173],[113.54276,22.2173]],[[113.54282,22.21079],[113.54348,22.20871]],[[113.54284,22.15707],[113.54294,22.15716],[113.54304,22.15719]],[[113.54284,22.15707],[113.54285,22.15716],[113.54283,22.15726],[113.54293,22.1572],[113.54304,22.15719]],[[113.54298,22.15658],[113.54285,22.15669],[113.5428,22.1568],[113.54279,22.15694],[113.54284,22.15707]],[[113.54318,22.15596],[113.54307,22.15608],[113.54287,22.15611]],[[113.54331,22.15654],[113.54298,22.15626],[113.54287,22.15611]],[[113.54287,22.20259],[113.54293,22.20264],[113.54299,22.20265],[113.54485,22.20198]],[[113.54322,22.20015],[113.54287,22.20259]],[[113.54331,22.15654],[113.54313,22.15652],[113.54298,22.15658]],[[113.54303,22.19015],[113.54306,22.19024],[113.54313,22.19024]],[[113.54335,22.18986],[113.54303,22.19015]],[[113.54304,22.15719],[113.54314,22.15718],[113.54327,22.15713]],[[113.54313,22.19024],[113.54346,22.18994],[113.54354,22.18981],[113.54378,22.18907],[113.54393,22.18897],[113.5441,22.18894]],[[113.54322,22.20015],[113.54446,22.20075],[113.54449,22.20082]],[[113.54346,22.19836],[113.54322,22.20015]],[[113.54381,22.18721],[113.54355,22.18756],[113.54323,22.18785]],[[113.54324,22.14944],[113.54369,22.14943],[113.54382,22.14938],[113.54414,22.14918]],[[113.54324,22.14944],[113.54378,22.14958]],[[113.55179,22.16214],[113.55149,22.16193],[113.55082,22.16103],[113.55005,22.16027],[113.54981,22.1601],[113.54933,22.15984],[113.5488,22.15962],[113.54817,22.15944],[113.54804,22.15936],[113.54796,22.15925],[113.54792,22.15912],[113.54791,22.15841],[113.54783,22.15822],[113.54763,22.15801],[113.54734,22.15788],[113.54714,22.15783],[113.54693,22.15783],[113.54606,22.15805],[113.54567,22.15804],[113.54425,22.15758],[113.54383,22.15741],[113.54327,22.15713]],[[113.54327,22.15713],[113.54338,22.15705],[113.54343,22.15696]],[[113.54374,22.14964],[113.5433,22.14952]],[[113.54344,22.14995],[113.54348,22.14985],[113.54346,22.14968],[113.5433,22.14952]],[[113.54868,22.15702],[113.54695,22.15702],[113.54662,22.15691],[113.54523,22.15689],[113.54486,22.15697],[113.54456,22.15697],[113.54422,22.15692],[113.54338,22.15658]],[[113.54343,22.15696],[113.54346,22.15677],[113.54338,22.15658]],[[113.54343,22.15696],[113.54354,22.15686],[113.54368,22.15684],[113.5439,22.15698],[113.54437,22.15718],[113.54503,22.15731],[113.54575,22.15728],[113.54653,22.15729],[113.54695,22.15717],[113.5483,22.15718],[113.54842,22.15721],[113.54852,22.15727]],[[113.54344,22.14995],[113.54374,22.14964]],[[113.54344,22.19809],[113.54342,22.19816],[113.54348,22.19822]],[[113.54449,22.22546],[113.54443,22.22514],[113.54345,22.22229]],[[113.54348,22.19822],[113.54346,22.19836]],[[113.54365,22.19829],[113.54353,22.19827],[113.54346,22.19836]],[[113.54348,22.20871],[113.54381,22.20764]],[[113.54638,22.19769],[113.546,22.19794],[113.54589,22.19797],[113.54356,22.19809]],[[113.54374,22.20762],[113.54358,22.20812]],[[113.54365,22.19829],[113.54359,22.19823],[113.54358,22.19817]],[[113.55232,22.22296],[113.55086,22.22317],[113.54838,22.22288],[113.5482,22.22289],[113.54359,22.22231]],[[113.54359,22.22231],[113.54454,22.2251],[113.54459,22.22547]],[[113.54575,22.19999],[113.54365,22.19829]],[[113.54388,22.14968],[113.54374,22.14964]],[[113.54395,22.21212],[113.54383,22.21226],[113.54374,22.21231]],[[113.54436,22.20651],[113.54414,22.20668],[113.54396,22.20694],[113.54374,22.20762]],[[113.54378,22.14958],[113.54394,22.14962]],[[113.54378,22.14958],[113.54414,22.14918]],[[113.54402,22.18802],[113.54386,22.18764],[113.54381,22.18721]],[[113.54872,22.16524],[113.54381,22.18721]],[[113.54381,22.20764],[113.54522,22.20803]],[[113.54381,22.20764],[113.54403,22.20697],[113.5442,22.20673],[113.5444,22.20657]],[[113.54388,22.21233],[113.5439,22.21291]],[[113.54395,22.21212],[113.54388,22.21233]],[[113.5439,22.21291],[113.54392,22.21318]],[[113.54392,22.21318],[113.54397,22.21333],[113.54399,22.21362],[113.54401,22.21366],[113.54406,22.21369]],[[113.54392,22.21318],[113.54401,22.21423]],[[113.54401,22.21423],[113.54415,22.21459],[113.54416,22.21472],[113.54409,22.21491],[113.54394,22.21497]],[[113.54709,22.14341],[113.54707,22.14383],[113.54698,22.14456],[113.54673,22.14543],[113.54632,22.14645],[113.54603,22.14702],[113.54549,22.14782],[113.54464,22.14884],[113.54394,22.14962]],[[113.5441,22.21165],[113.54395,22.21212]],[[113.54751,22.21209],[113.54451,22.21227],[113.54415,22.21237],[113.54398,22.21235]],[[113.54401,22.21291],[113.54398,22.21235]],[[113.54398,22.21235],[113.54419,22.21168]],[[113.5441,22.16346],[113.54415,22.16355],[113.54415,22.16365],[113.54409,22.16373],[113.544,22.16379]],[[113.54406,22.21369],[113.54401,22.21291]],[[113.54408,22.21402],[113.54401,22.21423]],[[113.54403,22.22691],[113.54437,22.22597],[113.54449,22.22556],[113.54449,22.22546]],[[113.54408,22.21402],[113.54406,22.21369]],[[113.54406,22.21369],[113.54764,22.21351]],[[113.54424,22.21511],[113.54419,22.21499],[113.54422,22.21454],[113.54408,22.21402]],[[113.5441,22.16346],[113.5442,22.16359],[113.54423,22.16376]],[[113.54461,22.16363],[113.54435,22.16353],[113.54417,22.16339],[113.54403,22.16321],[113.54393,22.16301],[113.5439,22.16272],[113.54405,22.16198],[113.54406,22.16173],[113.54401,22.16136],[113.54386,22.16101],[113.54371,22.16081],[113.54342,22.16054],[113.54276,22.1602],[113.54256,22.16005],[113.54232,22.15977],[113.54216,22.15945],[113.54209,22.1591],[113.54212,22.15874],[113.54215,22.15862],[113.54261,22.15767],[113.54228,22.15814],[113.54205,22.15859],[113.54198,22.15897],[113.54202,22.15935],[113.54216,22.15971],[113.54239,22.16002],[113.5427,22.16028],[113.54319,22.16053],[113.54341,22.16068],[113.54359,22.16086],[113.5438,22.16118],[113.54389,22.16142],[113.54395,22.16178],[113.54393,22.16203],[113.54381,22.16263],[113.5438,22.16287],[113.54389,22.16318],[113.5441,22.16346]],[[113.54423,22.21125],[113.5441,22.21165]],[[113.54414,22.14918],[113.54533,22.14782],[113.54574,22.14725]],[[113.54419,22.21168],[113.54428,22.2114]],[[113.54423,22.21125],[113.54428,22.2114]],[[113.54474,22.20953],[113.54423,22.21125]],[[113.54485,22.19571],[113.54425,22.19486]],[[113.54428,22.2114],[113.54487,22.20957]],[[113.5444,22.20638],[113.54441,22.20644],[113.54436,22.20651]],[[113.5444,22.20657],[113.54515,22.20616],[113.54628,22.20524]],[[113.5444,22.20657],[113.54448,22.20657],[113.54454,22.20661]],[[113.54449,22.20082],[113.54446,22.20089],[113.54485,22.20198]],[[113.54449,22.20082],[113.54575,22.19999]],[[113.54623,22.20517],[113.5451,22.2061],[113.54452,22.20642]],[[113.54693,22.2197],[113.54498,22.2194],[113.54456,22.21928]],[[113.54458,22.21918],[113.5449,22.21917],[113.54637,22.21935],[113.54698,22.21935],[113.54693,22.2197]],[[113.5478,22.22583],[113.54459,22.22547]],[[113.54554,22.16386],[113.54461,22.16363]],[[113.54473,22.16374],[113.54461,22.16363]],[[113.54474,22.20953],[113.54481,22.20958],[113.54487,22.20957]],[[113.54507,22.20849],[113.54474,22.20953]],[[113.54502,22.19575],[113.54485,22.19571]],[[113.54485,22.19571],[113.54496,22.19585]],[[113.54485,22.20198],[113.54503,22.20248],[113.54482,22.20311],[113.54543,22.20423],[113.54623,22.20517]],[[113.54485,22.20198],[113.54594,22.20159]],[[113.54517,22.19149],[113.54486,22.19099]],[[113.54507,22.19028],[113.5448,22.19073],[113.54479,22.19084],[113.54486,22.19099]],[[113.54486,22.19099],[113.54485,22.19088],[113.54489,22.19078]],[[113.54487,22.20957],[113.54519,22.20865]],[[113.54507,22.1909],[113.54489,22.19078]],[[113.54489,22.19078],[113.54516,22.19033]],[[113.54496,22.19585],[113.54638,22.19769]],[[113.54502,22.19575],[113.54496,22.19577],[113.54496,22.19585]],[[113.54695,22.19729],[113.54583,22.19594],[113.54502,22.19575]],[[113.54574,22.2175],[113.5454,22.21745],[113.54505,22.21748]],[[113.54537,22.18944],[113.54545,22.18953],[113.54546,22.18964],[113.54507,22.19028]],[[113.54519,22.20865],[113.54516,22.20855],[113.54507,22.20849]],[[113.54575,22.19135],[113.54507,22.1909]],[[113.54507,22.1909],[113.54497,22.19092],[113.54496,22.19101],[113.54525,22.1912]],[[113.5451,22.20841],[113.54519,22.20845],[113.54526,22.2084]],[[113.54522,22.20803],[113.5451,22.20841]],[[113.54516,22.19033],[113.54555,22.1897],[113.54565,22.18965],[113.54577,22.18966]],[[113.54517,22.19149],[113.54561,22.19212],[113.54647,22.19286],[113.54679,22.19318],[113.54759,22.19429],[113.54783,22.19446],[113.54817,22.1946],[113.54854,22.19483],[113.5486,22.19496],[113.54856,22.19533],[113.54871,22.19564],[113.54878,22.19566],[113.54932,22.19559],[113.55064,22.19518],[113.55083,22.19518],[113.55098,22.19524],[113.55109,22.19533],[113.55117,22.19545],[113.55138,22.19649],[113.55147,22.19666],[113.55164,22.19677],[113.55236,22.19697],[113.55257,22.19708],[113.55272,22.19724],[113.55291,22.19761],[113.55299,22.19771],[113.55353,22.19801],[113.55424,22.19856],[113.55434,22.19869],[113.55443,22.19894],[113.55439,22.19906],[113.55422,22.19928],[113.55418,22.1994],[113.55418,22.19954],[113.55431,22.20005],[113.55432,22.20024],[113.55423,22.2009],[113.55413,22.20113]],[[113.54517,22.19149],[113.54513,22.19129],[113.54518,22.19123],[113.54525,22.1912]],[[113.54519,22.20865],[113.54526,22.2084]],[[113.54531,22.20776],[113.54522,22.20803]],[[113.54525,22.1912],[113.54588,22.1916],[113.54601,22.19163]],[[113.54526,22.2084],[113.54544,22.20779]],[[113.54553,22.20761],[113.54531,22.20776]],[[113.54544,22.20779],[113.54537,22.20774],[113.54531,22.20776]],[[113.54544,22.20779],[113.54548,22.20765],[113.54553,22.20761]],[[113.54574,22.14725],[113.54572,22.14706],[113.54562,22.14697],[113.54549,22.14691]],[[113.54549,22.14691],[113.54577,22.14692],[113.546,22.14681]],[[113.54553,22.20761],[113.54585,22.20744],[113.54627,22.20703],[113.54717,22.20628]],[[113.54625,22.13714],[113.54559,22.13711]],[[113.54574,22.14725],[113.546,22.14681]],[[113.54671,22.20076],[113.54575,22.19999]],[[113.54575,22.19999],[113.54734,22.19894]],[[113.54583,22.21564],[113.54638,22.21583],[113.54688,22.21595],[113.54804,22.21613],[113.54814,22.21618],[113.54821,22.21627]],[[113.54594,22.20159],[113.54784,22.20384]],[[113.54821,22.21627],[113.54838,22.21671],[113.54841,22.21689],[113.54839,22.21698],[113.54828,22.2171],[113.54739,22.21775],[113.54707,22.21782],[113.54695,22.21781],[113.54686,22.21774],[113.54679,22.21756],[113.5467,22.21751],[113.54642,22.21745],[113.54599,22.21749]],[[113.5479,22.2038],[113.546,22.20153]],[[113.546,22.20153],[113.54671,22.20076]],[[113.546,22.14681],[113.54624,22.14638],[113.54643,22.14596],[113.54668,22.14527]],[[113.54604,22.13693],[113.54617,22.13696],[113.5464,22.1371]],[[113.5461,22.19116],[113.54613,22.19125],[113.54648,22.19139],[113.54664,22.19136],[113.54686,22.19139]],[[113.54644,22.18991],[113.54654,22.18999],[113.54656,22.1901],[113.5461,22.19116]],[[113.54624,22.19114],[113.54616,22.19112],[113.5461,22.19116]],[[113.54618,22.13691],[113.5464,22.1371]],[[113.54618,22.13691],[113.54636,22.13691]],[[113.54619,22.12337],[113.54629,22.1234],[113.54639,22.12338]],[[113.54619,22.12337],[113.54625,22.12362],[113.54626,22.12449],[113.54635,22.126]],[[113.54639,22.12338],[113.54647,22.12331],[113.54648,22.12316],[113.54641,22.12308],[113.54629,22.12305],[113.54618,22.12309],[113.54611,22.12319],[113.54612,22.12328],[113.54619,22.12337]],[[113.54784,22.20384],[113.54623,22.20517]],[[113.54686,22.19139],[113.54624,22.19114]],[[113.54624,22.19114],[113.54673,22.19002]],[[113.54644,22.13717],[113.54625,22.13714]],[[113.54641,22.13712],[113.54625,22.13714]],[[113.54628,22.20524],[113.54717,22.20628]],[[113.54628,22.20524],[113.54789,22.20391]],[[113.54661,22.14008],[113.54657,22.13954],[113.54635,22.13928]],[[113.54661,22.14008],[113.54636,22.13997],[113.54623,22.13978],[113.5462,22.13963],[113.54622,22.13951],[113.54635,22.13928]],[[113.54635,22.13928],[113.54615,22.13914],[113.54562,22.1391],[113.54557,22.13905],[113.54553,22.13893],[113.54559,22.1379],[113.54564,22.13773],[113.54577,22.13764],[113.54653,22.13767]],[[113.54635,22.13928],[113.54649,22.13918],[113.54663,22.13913],[113.54691,22.13913]],[[113.54635,22.13282],[113.54648,22.13287],[113.54661,22.13283]],[[113.54635,22.13282],[113.5464,22.13289],[113.54644,22.13302],[113.54644,22.13471]],[[113.54637,22.13246],[113.54629,22.13253],[113.54625,22.13263],[113.54627,22.13275],[113.54635,22.13282]],[[113.54636,22.13691],[113.54663,22.13695],[113.54688,22.13708],[113.54698,22.13724],[113.54703,22.13757]],[[113.54636,22.13691],[113.54646,22.13698],[113.54646,22.13706],[113.54641,22.13712]],[[113.5466,22.1297],[113.54659,22.13004],[113.54644,22.13104],[113.54644,22.13231],[113.54637,22.13246]],[[113.54662,22.13248],[113.5465,22.13243],[113.54637,22.13246]],[[113.54638,22.19769],[113.54646,22.19777],[113.54655,22.1978]],[[113.54657,22.12587],[113.54645,22.12571],[113.54642,22.12562],[113.54634,22.12447],[113.54634,22.12361],[113.54639,22.12338]],[[113.54668,22.14527],[113.54665,22.14522],[113.54669,22.14494],[113.54667,22.14485],[113.54653,22.14472],[113.54642,22.14465]],[[113.54684,22.13765],[113.54681,22.13745],[113.54671,22.13727],[113.54655,22.13718],[113.54644,22.13717]],[[113.54644,22.13717],[113.54651,22.13735],[113.54653,22.13767]],[[113.54703,22.13757],[113.54718,22.13744],[113.54725,22.1372],[113.54718,22.13601],[113.54712,22.1358],[113.54704,22.13571],[113.5469,22.13564],[113.54609,22.13561],[113.54604,22.13557],[113.54599,22.13548],[113.546,22.1348],[113.5461,22.13473],[113.54644,22.13471]],[[113.54649,22.19761],[113.54646,22.19771],[113.54655,22.1978]],[[113.54695,22.19729],[113.54649,22.19761]],[[113.5465,22.12709],[113.5466,22.1297]],[[113.5465,22.13471],[113.54653,22.13462],[113.54653,22.133],[113.54661,22.13283]],[[113.5465,22.13471],[113.54708,22.13471],[113.5472,22.1348],[113.54724,22.13492],[113.5473,22.13557],[113.54726,22.13604],[113.54732,22.1372],[113.5473,22.13763],[113.54736,22.13794]],[[113.54653,22.13767],[113.54652,22.13904]],[[113.54653,22.13767],[113.54676,22.13768]],[[113.54655,22.1978],[113.54673,22.19776]],[[113.5466,22.1297],[113.54666,22.12979],[113.54673,22.12982],[113.54684,22.1298],[113.54689,22.12976]],[[113.54697,22.14009],[113.54661,22.14008]],[[113.54661,22.14038],[113.54661,22.14008]],[[113.54661,22.13283],[113.54671,22.13268],[113.5467,22.13257],[113.54662,22.13248]],[[113.54665,22.14127],[113.54661,22.14038]],[[113.54665,22.14127],[113.54646,22.14108],[113.54639,22.14087],[113.54642,22.14062],[113.54661,22.14038]],[[113.54661,22.14038],[113.54675,22.1403],[113.54698,22.14024]],[[113.54662,22.13248],[113.54653,22.13226],[113.54654,22.13141],[113.54658,22.13115],[113.54682,22.13033],[113.54689,22.12976]],[[113.54703,22.14136],[113.54679,22.14134],[113.54665,22.14127]],[[113.54694,22.14345],[113.54555,22.14342],[113.5454,22.14335],[113.54536,22.14327],[113.5454,22.14236],[113.54545,22.14227],[113.54562,22.1422],[113.5465,22.14223],[113.54662,22.14217],[113.54669,22.14203],[113.54665,22.14127]],[[113.54668,22.14527],[113.54679,22.14492],[113.54685,22.14456],[113.54694,22.14345]],[[113.54689,22.12976],[113.54677,22.12799],[113.54668,22.1272]],[[113.5481,22.20188],[113.54671,22.20076]],[[113.54671,22.20076],[113.54783,22.19956]],[[113.54684,22.13765],[113.54703,22.13757]],[[113.54684,22.13768],[113.54705,22.13771]],[[113.54691,22.13913],[113.54691,22.13843],[113.54684,22.13768]],[[113.54686,22.19139],[113.54895,22.19218]],[[113.54691,22.13913],[113.5471,22.13924]],[[113.54697,22.14009],[113.54691,22.13913]],[[113.54818,22.18803],[113.5475,22.18956],[113.54738,22.1896],[113.54693,22.18943]],[[113.54837,22.2219],[113.54825,22.22164],[113.54832,22.22105],[113.5483,22.22095],[113.54824,22.22087],[113.54814,22.22082],[113.54772,22.22076],[113.54758,22.22067],[113.54746,22.22045],[113.54751,22.21991],[113.54748,22.21984],[113.54738,22.21978],[113.54693,22.2197]],[[113.54694,22.14345],[113.54703,22.14136]],[[113.54709,22.14341],[113.54694,22.14345]],[[113.54797,22.19852],[113.54695,22.19729]],[[113.54698,22.14024],[113.54697,22.14009]],[[113.54713,22.14008],[113.54697,22.14009]],[[113.54703,22.14136],[113.54698,22.14024]],[[113.54698,22.14024],[113.54714,22.14022]],[[113.54703,22.13757],[113.54705,22.13771]],[[113.5472,22.14133],[113.54703,22.14136]],[[113.54705,22.13771],[113.54726,22.13782],[113.54736,22.13794]],[[113.54705,22.13771],[113.54709,22.13814],[113.5471,22.13924]],[[113.5472,22.14133],[113.5472,22.14175],[113.54709,22.14341]],[[113.54736,22.14124],[113.54735,22.14309],[113.54723,22.14331],[113.54709,22.14341]],[[113.5471,22.13924],[113.54721,22.13935],[113.54727,22.1395],[113.54731,22.14006]],[[113.5471,22.13924],[113.54713,22.14008]],[[113.54713,22.14008],[113.54714,22.14022]],[[113.54731,22.14006],[113.54713,22.14008]],[[113.54714,22.14022],[113.5472,22.14133]],[[113.54714,22.14022],[113.54732,22.14021]],[[113.54717,22.20628],[113.54878,22.20497]],[[113.54736,22.14124],[113.5472,22.14133]],[[113.54749,22.13928],[113.54731,22.14006]],[[113.54754,22.14005],[113.54731,22.14006]],[[113.54732,22.14021],[113.54736,22.14124]],[[113.54732,22.14021],[113.54754,22.14019]],[[113.54734,22.19894],[113.54783,22.19956]],[[113.54735,22.19865],[113.54726,22.1988],[113.54734,22.19894]],[[113.54734,22.19894],[113.54797,22.19852]],[[113.54736,22.13794],[113.54744,22.1382],[113.54749,22.13928]],[[113.54754,22.14019],[113.54756,22.14093],[113.54746,22.14114],[113.54736,22.14124]],[[113.54749,22.19001],[113.54834,22.18809]],[[113.54749,22.13928],[113.54754,22.14005]],[[113.54754,22.14005],[113.54754,22.14019]],[[113.54908,22.13993],[113.54754,22.14005]],[[113.54754,22.14019],[113.5491,22.14006]],[[113.54762,22.2149],[113.54774,22.21484],[113.54838,22.21475],[113.54846,22.21477],[113.54852,22.21483],[113.54871,22.21598],[113.54862,22.21608],[113.54828,22.21613],[113.54822,22.21618],[113.54821,22.21627]],[[113.54783,22.19956],[113.549,22.20108]],[[113.54783,22.19956],[113.54839,22.19895]],[[113.54789,22.20391],[113.54878,22.20497]],[[113.54917,22.20274],[113.5479,22.2038]],[[113.54884,22.20492],[113.54795,22.20386]],[[113.54795,22.20386],[113.54924,22.20279]],[[113.55012,22.22609],[113.54795,22.22585]],[[113.54839,22.19895],[113.54797,22.19852]],[[113.54917,22.20274],[113.5481,22.20188]],[[113.549,22.20108],[113.5481,22.20188]],[[113.54834,22.18809],[113.54818,22.18803]],[[113.54925,22.18561],[113.54818,22.18803]],[[113.5483,22.16451],[113.54853,22.1647],[113.54867,22.16488],[113.54872,22.16524]],[[113.54834,22.18809],[113.54939,22.1857]],[[113.54988,22.20025],[113.5489,22.19943],[113.54839,22.19895]],[[113.54852,22.15727],[113.5487,22.15739],[113.54896,22.15741]],[[113.54852,22.15727],[113.54856,22.15748],[113.54871,22.15767],[113.55046,22.15909],[113.55072,22.15921],[113.55099,22.15929],[113.55211,22.15945],[113.55239,22.15953],[113.55301,22.15985],[113.55358,22.16028],[113.55396,22.16066],[113.55422,22.16097],[113.55434,22.16117],[113.55467,22.16209],[113.55468,22.16226],[113.55461,22.16242]],[[113.54868,22.15702],[113.54857,22.15714],[113.54852,22.15727]],[[113.54895,22.19218],[113.54859,22.193]],[[113.54864,22.22088],[113.54955,22.22096]],[[113.54977,22.15701],[113.54868,22.15702]],[[113.54872,22.16524],[113.54876,22.16505],[113.54902,22.16444]],[[113.54878,22.20497],[113.54908,22.20533]],[[113.54899,22.2051],[113.54884,22.20492]],[[113.54884,22.20492],[113.54903,22.20476]],[[113.54928,22.21009],[113.54919,22.21003],[113.54906,22.21],[113.54886,22.21006]],[[113.54895,22.19218],[113.5496,22.19242]],[[113.55138,22.18662],[113.54994,22.18987],[113.5499,22.19007],[113.54895,22.19218]],[[113.55493,22.16229],[113.55478,22.16209],[113.55452,22.16135],[113.55429,22.16092],[113.55382,22.16039],[113.55346,22.16007],[113.55306,22.15978],[113.55242,22.15945],[113.55213,22.15937],[113.55101,22.15921],[113.55076,22.15914],[113.55051,22.15902],[113.54884,22.15766],[113.5488,22.15758],[113.54881,22.15751],[113.54887,22.15744],[113.54896,22.15741]],[[113.54896,22.15741],[113.54977,22.15741]],[[113.54915,22.20528],[113.54899,22.2051]],[[113.54899,22.2051],[113.54894,22.20494],[113.54903,22.20476]],[[113.54988,22.20025],[113.54909,22.20096],[113.549,22.20108]],[[113.54903,22.20476],[113.55035,22.20369]],[[113.54906,22.20116],[113.54985,22.20218]],[[113.54906,22.20116],[113.54999,22.20034]],[[113.55659,22.13934],[113.54908,22.13993]],[[113.54908,22.20533],[113.54987,22.20626]],[[113.5491,22.14006],[113.55642,22.13948]],[[113.54928,22.21009],[113.54915,22.2099],[113.54911,22.20963]],[[113.54994,22.20623],[113.54915,22.20528]],[[113.54917,22.19332],[113.54927,22.19317],[113.5496,22.19242]],[[113.54985,22.20218],[113.54917,22.20274]],[[113.55035,22.20369],[113.54924,22.20279]],[[113.54924,22.20279],[113.5499,22.20225]],[[113.55128,22.20975],[113.54982,22.21023],[113.54958,22.21024],[113.54933,22.21012]],[[113.54994,22.21415],[113.54933,22.21012]],[[113.54954,22.21458],[113.54992,22.21452]],[[113.54955,22.22096],[113.55158,22.2212]],[[113.54955,22.22096],[113.54974,22.22087],[113.54983,22.22078],[113.54989,22.22068],[113.54999,22.22033],[113.55018,22.22017],[113.55058,22.22009],[113.55118,22.22015]],[[113.55327,22.19503],[113.55214,22.19354],[113.55186,22.19329],[113.5496,22.19242]],[[113.5496,22.19242],[113.55066,22.19001]],[[113.54976,22.21437],[113.54989,22.2143],[113.54994,22.21415]],[[113.54977,22.15741],[113.54988,22.15733],[113.54992,22.1572],[113.54988,22.15709],[113.54977,22.15701]],[[113.55012,22.15701],[113.54977,22.15701]],[[113.54977,22.15741],[113.55012,22.1574]],[[113.55103,22.20121],[113.54985,22.20218]],[[113.54987,22.20626],[113.55024,22.2067],[113.55023,22.20685],[113.55032,22.20669]],[[113.54999,22.20034],[113.54988,22.20025]],[[113.5499,22.20225],[113.55075,22.20336]],[[113.5499,22.20225],[113.5511,22.20125]],[[113.54992,22.21452],[113.54997,22.21446],[113.54994,22.21415]],[[113.54992,22.21452],[113.55027,22.21448]],[[113.55032,22.20669],[113.54994,22.20623]],[[113.55103,22.20121],[113.54999,22.20034]],[[113.55045,22.11438],[113.55012,22.11394]],[[113.55026,22.11338],[113.55017,22.11349],[113.55011,22.11368],[113.55012,22.11394]],[[113.55012,22.11394],[113.55026,22.11338]],[[113.55012,22.15701],[113.55002,22.15708],[113.54998,22.1572],[113.55001,22.15732],[113.55012,22.1574]],[[113.55138,22.15698],[113.55012,22.15701]],[[113.55012,22.1574],[113.5506,22.1574],[113.55088,22.15736],[113.55141,22.15715]],[[113.55026,22.11338],[113.55035,22.11299],[113.5504,22.11255],[113.5505,22.11239],[113.5507,22.11225],[113.55118,22.1121],[113.55212,22.11201],[113.55229,22.11197],[113.5525,22.1118],[113.55288,22.11132],[113.55313,22.11116],[113.55513,22.1105],[113.55578,22.11041],[113.55587,22.1105],[113.55596,22.11077],[113.55632,22.11126],[113.55649,22.11141],[113.55665,22.11148],[113.55739,22.11166],[113.55766,22.11181],[113.55778,22.11196],[113.55784,22.1121],[113.55784,22.11224],[113.55761,22.11315],[113.55768,22.11335],[113.55804,22.11374],[113.55805,22.11389],[113.55788,22.11425]],[[113.55041,22.20686],[113.55032,22.20669]],[[113.55032,22.20669],[113.55052,22.20648],[113.55105,22.2061],[113.5512,22.20595],[113.55134,22.20574],[113.55154,22.2052],[113.55177,22.20479]],[[113.55035,22.20369],[113.55075,22.20336]],[[113.5516,22.19121],[113.55037,22.19075]],[[113.55045,22.11438],[113.55131,22.1159],[113.55167,22.11566],[113.55259,22.11644],[113.55268,22.11686],[113.55214,22.11758],[113.55188,22.11788]],[[113.55152,22.11805],[113.55138,22.11812],[113.5513,22.11812],[113.55103,22.11805],[113.55103,22.11747],[113.55066,22.11577],[113.55011,22.11449],[113.55015,22.11441],[113.55045,22.11438]],[[113.55051,22.19008],[113.5506,22.19007],[113.55066,22.19001]],[[113.55128,22.20975],[113.55081,22.20857],[113.55056,22.20826]],[[113.55118,22.22015],[113.55116,22.2194],[113.55124,22.21876],[113.55122,22.21863],[113.55099,22.21819],[113.55075,22.21812],[113.55066,22.21806],[113.55005,22.21731],[113.54998,22.21711],[113.55001,22.21695],[113.55055,22.21631],[113.55059,22.2161],[113.55058,22.2158]],[[113.55066,22.19001],[113.55204,22.18688]],[[113.55075,22.20336],[113.55228,22.20211]],[[113.5523,22.20169],[113.5511,22.20125]],[[113.55141,22.22017],[113.55118,22.22015]],[[113.55126,22.22033],[113.55118,22.22015]],[[113.55158,22.2212],[113.55162,22.22116],[113.55163,22.22106],[113.55126,22.22033]],[[113.55282,22.20924],[113.55128,22.20975]],[[113.55141,22.15715],[113.55144,22.15706],[113.55138,22.15698]],[[113.55294,22.15624],[113.55288,22.15636],[113.55274,22.15649],[113.55192,22.15685],[113.55138,22.15698]],[[113.55138,22.2203],[113.55184,22.22128]],[[113.55141,22.22017],[113.55137,22.22023],[113.55138,22.2203]],[[113.55141,22.15715],[113.55279,22.15655],[113.55293,22.15652],[113.55313,22.15656]],[[113.553,22.22038],[113.55141,22.22017]],[[113.55152,22.11805],[113.55158,22.1181],[113.55185,22.11814]],[[113.55188,22.11788],[113.55156,22.11788],[113.55152,22.11793],[113.55152,22.11805]],[[113.55158,22.2212],[113.55184,22.22128]],[[113.5516,22.19121],[113.55169,22.19125],[113.55339,22.18739]],[[113.5533,22.18735],[113.5516,22.19121]],[[113.55163,22.16227],[113.55179,22.16214]],[[113.55177,22.20479],[113.55184,22.20464]],[[113.55177,22.20479],[113.55189,22.20472],[113.55193,22.20465]],[[113.5535,22.16262],[113.55304,22.16254],[113.55179,22.16214]],[[113.55184,22.20464],[113.55191,22.20427],[113.55204,22.20407],[113.55229,22.20391],[113.5528,22.20367]],[[113.55184,22.20725],[113.55251,22.20795]],[[113.55184,22.22128],[113.55247,22.22269]],[[113.55185,22.11814],[113.55237,22.1184],[113.55264,22.11881],[113.55346,22.11955],[113.55358,22.11979],[113.5536,22.11995],[113.55355,22.12018],[113.55339,22.12065],[113.55296,22.12225]],[[113.55185,22.11814],[113.5519,22.11807],[113.55192,22.11791]],[[113.55187,22.15403],[113.55353,22.15332],[113.55356,22.15328],[113.55285,22.15181],[113.55286,22.15174],[113.55291,22.15169]],[[113.55281,22.20815],[113.5519,22.2072]],[[113.55192,22.11791],[113.552,22.11787],[113.55218,22.11789],[113.55338,22.11821],[113.55417,22.11837],[113.55446,22.11832],[113.5551,22.11807],[113.55528,22.11796],[113.55552,22.11774],[113.55679,22.11628],[113.55725,22.11537],[113.55772,22.1148]],[[113.55302,22.20494],[113.55292,22.20481],[113.55281,22.20475],[113.55193,22.20465]],[[113.55211,22.19585],[113.55289,22.19535]],[[113.55223,22.14232],[113.55221,22.14256],[113.55225,22.14274],[113.55238,22.14296],[113.5525,22.14308]],[[113.55228,22.20211],[113.5524,22.202],[113.55244,22.20191],[113.55241,22.20179],[113.5523,22.20169]],[[113.55228,22.20211],[113.55261,22.20193]],[[113.5525,22.14308],[113.5524,22.14316],[113.55231,22.14328],[113.55228,22.14339],[113.5523,22.14353]],[[113.55267,22.20182],[113.5523,22.20169]],[[113.55261,22.20193],[113.5523,22.20169]],[[113.55265,22.22311],[113.55253,22.22297],[113.55232,22.22296]],[[113.55247,22.22269],[113.55249,22.22281],[113.55247,22.22291],[113.55232,22.22296]],[[113.55247,22.22269],[113.55252,22.22273],[113.55265,22.22311]],[[113.5525,22.14308],[113.55262,22.14315],[113.55292,22.14315]],[[113.55297,22.14303],[113.55261,22.14304],[113.5525,22.14308]],[[113.55251,22.20795],[113.55274,22.20814],[113.55281,22.20815]],[[113.55251,22.20795],[113.55271,22.20816],[113.55276,22.20826],[113.55282,22.20924]],[[113.55275,22.20215],[113.55261,22.20193]],[[113.55261,22.20193],[113.5529,22.20191]],[[113.55297,22.14303],[113.55284,22.14299],[113.55275,22.14292],[113.55261,22.14268]],[[113.55264,22.14349],[113.55276,22.14323],[113.55292,22.14315]],[[113.56605,22.23663],[113.56584,22.23634],[113.56551,22.23611],[113.56457,22.23574],[113.56435,22.23561],[113.56416,22.23544],[113.56375,22.23493],[113.56351,22.23476],[113.56303,22.23458],[113.56244,22.23432],[113.56203,22.23424],[113.56178,22.23415],[113.56153,22.23402],[113.56135,22.23388],[113.55968,22.23181],[113.55886,22.23127],[113.55824,22.23065],[113.55679,22.22887],[113.55674,22.22887],[113.55536,22.22732],[113.55465,22.2264],[113.55344,22.22464],[113.55293,22.22372],[113.55265,22.22311]],[[113.55307,22.20187],[113.55267,22.20182]],[[113.55373,22.20169],[113.55355,22.20177],[113.55335,22.20181],[113.55267,22.20182]],[[113.55302,22.20348],[113.55309,22.20301],[113.55307,22.20276],[113.55303,22.20263],[113.55275,22.20215]],[[113.55275,22.20215],[113.55273,22.20207],[113.55275,22.20199],[113.55282,22.20193],[113.5529,22.20191]],[[113.5528,22.20367],[113.55302,22.20348]],[[113.5528,22.20367],[113.55305,22.2036]],[[113.55289,22.20895],[113.55281,22.20815]],[[113.55281,22.20815],[113.55614,22.2054]],[[113.55282,22.20924],[113.55336,22.21057]],[[113.55318,22.20919],[113.55299,22.20911],[113.55291,22.20903],[113.55289,22.20895]],[[113.5529,22.20922],[113.55289,22.20895]],[[113.55289,22.19535],[113.55327,22.19503]],[[113.55289,22.19535],[113.55333,22.19511]],[[113.5529,22.20191],[113.55363,22.20195]],[[113.5529,22.20191],[113.55307,22.20187]],[[113.55353,22.21075],[113.5529,22.20922]],[[113.55318,22.20919],[113.5529,22.20922]],[[113.55292,22.14315],[113.55707,22.14297],[113.55753,22.1429]],[[113.55329,22.12388],[113.55309,22.12358],[113.553,22.12332],[113.55296,22.12302],[113.55296,22.12225]],[[113.55296,22.12225],[113.5528,22.12313],[113.5528,22.12326],[113.55289,22.12369],[113.55307,22.12406]],[[113.55752,22.14263],[113.55722,22.14282],[113.55704,22.14286],[113.55297,22.14303]],[[113.55367,22.20573],[113.55336,22.20541],[113.55302,22.20494]],[[113.55302,22.20494],[113.553,22.20477],[113.55326,22.20413],[113.55305,22.2036]],[[113.55305,22.2036],[113.55404,22.20314],[113.55426,22.20311]],[[113.55307,22.12406],[113.55335,22.12437],[113.55377,22.12463]],[[113.55329,22.12388],[113.55312,22.12391],[113.55307,22.12406]],[[113.55307,22.20187],[113.55355,22.20186]],[[113.55396,22.19594],[113.55311,22.19649]],[[113.55775,22.20581],[113.55371,22.20916],[113.55318,22.20919]],[[113.55326,22.19667],[113.55323,22.19656],[113.55329,22.19644],[113.55399,22.19598]],[[113.55416,22.19446],[113.55328,22.19504]],[[113.55392,22.1244],[113.55329,22.12388]],[[113.55333,22.21127],[113.55342,22.21122],[113.55352,22.21121],[113.55361,22.21124],[113.55367,22.21132]],[[113.55333,22.19511],[113.55396,22.19594]],[[113.55333,22.19511],[113.55422,22.19453]],[[113.55336,22.21057],[113.55353,22.21075]],[[113.55336,22.21057],[113.55356,22.21104]],[[113.55347,22.15661],[113.55361,22.1566],[113.5538,22.15668],[113.55721,22.15947],[113.55727,22.15965]],[[113.55353,22.21075],[113.55374,22.21081],[113.55395,22.21071]],[[113.55363,22.21098],[113.55353,22.21075]],[[113.55356,22.21104],[113.55367,22.21132]],[[113.55378,22.21136],[113.55363,22.21098]],[[113.55363,22.21098],[113.55395,22.21071]],[[113.55363,22.20195],[113.55389,22.20191],[113.55426,22.20173],[113.55439,22.20161]],[[113.55363,22.20195],[113.55426,22.20311]],[[113.55373,22.20169],[113.55363,22.20181],[113.55363,22.20195]],[[113.55367,22.21132],[113.55454,22.21342],[113.55456,22.21355],[113.55454,22.21367]],[[113.55372,22.20183],[113.55411,22.20167],[113.55427,22.20155],[113.55437,22.20143]],[[113.55747,22.15944],[113.55727,22.15941],[113.55387,22.15662],[113.55377,22.15646],[113.55375,22.15634]],[[113.55377,22.12463],[113.55443,22.12491],[113.55577,22.12589],[113.55597,22.126],[113.55725,22.1264],[113.55763,22.12661],[113.55798,22.12692],[113.55826,22.1273],[113.55843,22.12769],[113.55868,22.12859],[113.5587,22.12879],[113.55868,22.12907]],[[113.55377,22.12463],[113.5539,22.12456],[113.55392,22.1244]],[[113.5548,22.21359],[113.55463,22.2134],[113.55378,22.21136]],[[113.55378,22.21136],[113.55375,22.21116],[113.55376,22.21101],[113.55384,22.21083],[113.55395,22.21071]],[[113.55413,22.20113],[113.55398,22.20143],[113.55379,22.20164]],[[113.55425,22.20136],[113.55413,22.20139],[113.55379,22.20164]],[[113.55878,22.12906],[113.5588,22.1288],[113.55877,22.12856],[113.55852,22.12765],[113.5583,22.12719],[113.55799,22.12679],[113.55761,22.12649],[113.5573,22.12632],[113.55607,22.12593],[113.55583,22.12583],[113.55392,22.1244]],[[113.55395,22.21071],[113.55943,22.20618]],[[113.55489,22.19533],[113.55396,22.19594]],[[113.55399,22.19598],[113.55476,22.19549],[113.55483,22.19548],[113.5549,22.19553]],[[113.55425,22.20136],[113.55414,22.20128],[113.55413,22.20113]],[[113.55426,22.20311],[113.55461,22.20376],[113.55456,22.20385],[113.55426,22.20392],[113.55427,22.20398],[113.55467,22.20391],[113.55482,22.20391],[113.55564,22.20423],[113.55583,22.20427]],[[113.55464,22.20019],[113.5544,22.20124],[113.55435,22.20132],[113.55427,22.20136]],[[113.55454,22.21367],[113.55446,22.21382],[113.55435,22.2139]],[[113.55439,22.20161],[113.55441,22.20151],[113.55437,22.20143]],[[113.55437,22.20143],[113.55447,22.20123],[113.55465,22.20038]],[[113.55439,22.20161],[113.55449,22.20143],[113.5547,22.20054],[113.5547,22.20018]],[[113.55439,22.19829],[113.5546,22.19848],[113.55471,22.19877],[113.55471,22.19916],[113.55463,22.1996],[113.55464,22.20019]],[[113.55606,22.20507],[113.55574,22.20511],[113.55554,22.2052],[113.55451,22.20598]],[[113.55454,22.21367],[113.5546,22.21372],[113.55467,22.21372],[113.55477,22.21368],[113.5548,22.21359]],[[113.55456,22.1627],[113.55492,22.163]],[[113.55464,22.20019],[113.55465,22.20038]],[[113.55465,22.20038],[113.5547,22.20018]],[[113.5547,22.20018],[113.55469,22.19966],[113.55481,22.19904],[113.5548,22.19875],[113.55473,22.19847],[113.55475,22.19838],[113.55482,22.19831]],[[113.55505,22.21366],[113.5548,22.21359]],[[113.55489,22.19533],[113.55487,22.19543],[113.5549,22.19553]],[[113.55492,22.1952],[113.55493,22.19527],[113.55489,22.19533]],[[113.5549,22.19553],[113.55542,22.19621]],[[113.55492,22.163],[113.55546,22.16356],[113.55564,22.16377],[113.55576,22.16399],[113.55583,22.16426],[113.55587,22.16523],[113.55597,22.16545],[113.55613,22.16565],[113.55635,22.16578],[113.55658,22.16585],[113.55872,22.16573],[113.56036,22.16525],[113.56054,22.16517],[113.56088,22.16486],[113.56097,22.16465],[113.56099,22.16421],[113.56095,22.16391],[113.56081,22.1634],[113.56061,22.16305],[113.56043,22.16283],[113.55991,22.16244]],[[113.55492,22.163],[113.55487,22.16288],[113.55486,22.16279],[113.55495,22.16264]],[[113.55497,22.19687],[113.55505,22.19685],[113.55508,22.19679]],[[113.55497,22.19687],[113.55503,22.1969],[113.55555,22.19759],[113.55554,22.19764]],[[113.55499,22.19669],[113.55492,22.19671],[113.55489,22.19677],[113.55491,22.19684],[113.55497,22.19687]],[[113.55542,22.19621],[113.55545,22.19632],[113.55541,22.19641],[113.55499,22.19669]],[[113.5557,22.19752],[113.55564,22.19752],[113.55558,22.19749],[113.5551,22.19684],[113.55508,22.19679]],[[113.55508,22.19678],[113.55512,22.1967],[113.55564,22.19637]],[[113.55542,22.19621],[113.55552,22.19633],[113.55564,22.19637]],[[113.55554,22.13975],[113.55689,22.13968],[113.5575,22.14014],[113.55759,22.14024],[113.55764,22.14046]],[[113.55564,22.19637],[113.5558,22.19626]],[[113.55614,22.2054],[113.55618,22.20523],[113.55614,22.20513],[113.55606,22.20507]],[[113.55678,22.20518],[113.55644,22.20508],[113.55606,22.20507]],[[113.55614,22.2054],[113.55645,22.20518],[113.55661,22.20516],[113.55678,22.20518]],[[113.55806,22.13929],[113.55767,22.13932],[113.55659,22.13934]],[[113.55806,22.13929],[113.5572,22.13926],[113.55659,22.13934]],[[113.55756,22.20544],[113.55678,22.20518]],[[113.55752,22.14263],[113.55748,22.14277],[113.55753,22.1429]],[[113.55754,22.14002],[113.55762,22.14018],[113.55764,22.14046]],[[113.55764,22.14046],[113.55771,22.14218],[113.55766,22.14238],[113.55756,22.14259]],[[113.55789,22.14258],[113.55769,22.14253],[113.55756,22.14259]],[[113.55839,22.20572],[113.55756,22.20544]],[[113.55756,22.20544],[113.55768,22.20552],[113.55774,22.2056],[113.55775,22.20581]],[[113.55758,22.14294],[113.55778,22.14298],[113.55791,22.14292]],[[113.55758,22.14294],[113.55764,22.14305],[113.55795,22.14954],[113.55792,22.14968],[113.55778,22.14981]],[[113.55778,22.11459],[113.55772,22.1148]],[[113.55772,22.1148],[113.55785,22.11466]],[[113.55839,22.20572],[113.55798,22.20571],[113.55775,22.20581]],[[113.55783,22.11438],[113.55778,22.11459]],[[113.55788,22.11425],[113.55783,22.11438]],[[113.55785,22.15975],[113.55824,22.15973]],[[113.55785,22.11466],[113.55808,22.11441]],[[113.55789,22.14258],[113.55784,22.14245],[113.55777,22.14056],[113.55782,22.14045],[113.55792,22.14036],[113.5584,22.14032],[113.55852,22.14029]],[[113.55831,22.14979],[113.55815,22.14953],[113.55783,22.14307],[113.55791,22.14292]],[[113.55792,22.1429],[113.55798,22.14277],[113.55793,22.14262]],[[113.55792,22.1429],[113.55809,22.14282],[113.55998,22.14274]],[[113.55997,22.14257],[113.55806,22.14265],[113.55793,22.14262]],[[113.5608,22.13899],[113.56015,22.13905],[113.55983,22.13915],[113.55806,22.13929]],[[113.55808,22.11441],[113.55824,22.11429],[113.55852,22.11415],[113.55921,22.11394],[113.55948,22.11392],[113.55978,22.114],[113.56162,22.11477],[113.5618,22.11479],[113.5619,22.11476],[113.56258,22.11441],[113.56279,22.1142],[113.56284,22.11407],[113.5628,22.11388],[113.56247,22.11327],[113.56243,22.11307],[113.56246,22.11291],[113.56259,22.11274],[113.56278,22.11265],[113.56294,22.11263],[113.56315,22.11269],[113.56394,22.11316],[113.56552,22.11344],[113.56579,22.11343],[113.56703,22.11311],[113.56731,22.11314],[113.56745,22.11324],[113.56752,22.11332],[113.5678,22.11379],[113.56785,22.11396],[113.56784,22.11407],[113.56749,22.11459]],[[113.55939,22.15916],[113.55931,22.15919],[113.55894,22.15903],[113.55885,22.15904],[113.55832,22.15968],[113.55824,22.15973]],[[113.55824,22.15973],[113.55833,22.1597],[113.55887,22.15907],[113.55934,22.15926]],[[113.55827,22.14028],[113.55833,22.14025],[113.55931,22.14016],[113.55955,22.14008],[113.55967,22.13989],[113.56006,22.13947],[113.56012,22.13929],[113.5602,22.13921],[113.56069,22.13917],[113.56111,22.13934]],[[113.55928,22.20576],[113.55839,22.20572]],[[113.55867,22.12929],[113.55865,22.12971],[113.55868,22.12999],[113.55871,22.13016],[113.55904,22.13089],[113.55906,22.1311],[113.55903,22.13129]],[[113.55868,22.12907],[113.55867,22.12929]],[[113.55877,22.12919],[113.55867,22.12929]],[[113.55868,22.12907],[113.55877,22.12919]],[[113.55939,22.13131],[113.55932,22.13111],[113.55884,22.13013],[113.55875,22.12982],[113.55874,22.12959]],[[113.55874,22.12959],[113.55877,22.12919]],[[113.55874,22.12959],[113.55884,22.12946],[113.55896,22.12944],[113.55907,22.12948]],[[113.55877,22.12919],[113.55907,22.12948]],[[113.5589,22.12922],[113.55878,22.12906]],[[113.55879,22.21038],[113.55926,22.21072],[113.55949,22.21076],[113.5599,22.21076],[113.56001,22.21074],[113.56017,22.21064],[113.56041,22.21022],[113.5605,22.2101],[113.56076,22.20999],[113.56098,22.20998],[113.5611,22.21001],[113.56234,22.21068],[113.56258,22.21074],[113.56275,22.21075],[113.56314,22.21063],[113.56498,22.2096]],[[113.561,22.13048],[113.56028,22.13048],[113.56017,22.13044],[113.5589,22.12922]],[[113.55907,22.12948],[113.56018,22.13054],[113.561,22.13055]],[[113.55943,22.20618],[113.5595,22.20607],[113.5595,22.20593],[113.55941,22.20582],[113.55928,22.20576]],[[113.56015,22.20552],[113.55996,22.20566],[113.55978,22.20574],[113.55959,22.20578],[113.55932,22.20577]],[[113.55995,22.20597],[113.55973,22.20585],[113.55932,22.20577]],[[113.55941,22.15938],[113.5594,22.15978],[113.55962,22.16052],[113.5596,22.16063],[113.55934,22.16086],[113.55932,22.1609],[113.55938,22.16145],[113.55943,22.16161]],[[113.55961,22.16166],[113.55943,22.16161]],[[113.55943,22.16161],[113.55957,22.16182]],[[113.55943,22.20618],[113.55963,22.20602],[113.55979,22.20598]],[[113.55943,22.16222],[113.55943,22.16232],[113.55947,22.16237],[113.55962,22.16237]],[[113.55954,22.16191],[113.55943,22.16222]],[[113.55956,22.16218],[113.5595,22.16216],[113.55943,22.16222]],[[113.55957,22.15897],[113.55947,22.15909]],[[113.55956,22.16218],[113.55954,22.16191]],[[113.55955,22.15913],[113.55957,22.15897]],[[113.55961,22.16166],[113.55957,22.16182]],[[113.55957,22.16182],[113.55969,22.16165],[113.55985,22.16152]],[[113.55986,22.15858],[113.55977,22.15864],[113.55957,22.15897]],[[113.56016,22.16141],[113.55982,22.16141],[113.55972,22.16147],[113.55961,22.16166]],[[113.55961,22.16166],[113.55985,22.16152]],[[113.55962,22.16237],[113.55991,22.16244]],[[113.55991,22.16244],[113.55964,22.16226]],[[113.55979,22.20598],[113.55998,22.20608]],[[113.55979,22.20598],[113.55995,22.20597]],[[113.55985,22.16152],[113.56013,22.16148]],[[113.55986,22.15858],[113.55997,22.15863],[113.56004,22.15887]],[[113.56028,22.15874],[113.55998,22.15858],[113.55986,22.15858]],[[113.56287,22.20546],[113.56143,22.20512],[113.56114,22.20512],[113.56095,22.20519],[113.56076,22.20536],[113.56069,22.20552],[113.56064,22.20586],[113.56051,22.20602],[113.5603,22.20608],[113.55995,22.20597]],[[113.55997,22.14257],[113.55993,22.14265],[113.55998,22.14274]],[[113.56255,22.14247],[113.55997,22.14257]],[[113.55998,22.14274],[113.56256,22.14264]],[[113.56004,22.15887],[113.56006,22.15939],[113.5601,22.15947],[113.5602,22.15948],[113.56094,22.15943],[113.56124,22.15953]],[[113.56028,22.15874],[113.56007,22.15876],[113.56004,22.15887]],[[113.56013,22.16148],[113.56057,22.16158],[113.5609,22.16179]],[[113.56079,22.1614],[113.56044,22.16142],[113.56016,22.16141]],[[113.56157,22.1582],[113.56134,22.15804],[113.56126,22.15804],[113.56063,22.1587],[113.56028,22.15874]],[[113.56108,22.12893],[113.561,22.12893],[113.561,22.13048]],[[113.5629,22.13048],[113.56108,22.13048]],[[113.56108,22.13048],[113.56108,22.12909]],[[113.56108,22.13055],[113.5629,22.13055]],[[113.5629,22.12893],[113.56108,22.12893]],[[113.56108,22.12909],[113.56108,22.12893]],[[113.56108,22.12909],[113.56111,22.12903],[113.56117,22.129],[113.5629,22.129]],[[113.56124,22.15953],[113.56148,22.15966],[113.56164,22.15959]],[[113.56153,22.15944],[113.56124,22.15953]],[[113.56153,22.15944],[113.56153,22.15955],[113.56164,22.15959]],[[113.56207,22.15887],[113.56194,22.15908],[113.56153,22.15944]],[[113.56164,22.15959],[113.56226,22.15925],[113.56227,22.15907]],[[113.56247,22.16007],[113.56261,22.16027]],[[113.56309,22.16418],[113.56265,22.164],[113.56249,22.16385]],[[113.56261,22.16027],[113.56253,22.15994]],[[113.56256,22.14264],[113.5626,22.14254],[113.56255,22.14247]],[[113.56256,22.14264],[113.56347,22.1426],[113.56365,22.14251],[113.56347,22.14243],[113.56255,22.14247]],[[113.56261,22.16027],[113.56302,22.16122],[113.56303,22.16144],[113.56296,22.16195],[113.56301,22.16215],[113.56313,22.1623],[113.56336,22.16243],[113.56372,22.16255],[113.56397,22.16257],[113.56428,22.16245],[113.56499,22.16187],[113.56512,22.1618],[113.56535,22.16175],[113.56594,22.16173],[113.56622,22.16169],[113.56661,22.16157],[113.56693,22.16141],[113.56737,22.16111],[113.56778,22.16065],[113.56793,22.16055],[113.56814,22.16051],[113.5687,22.16057],[113.56893,22.16053],[113.56923,22.16037],[113.56971,22.16002],[113.56996,22.1599],[113.57125,22.15971],[113.57222,22.15933],[113.57254,22.15934],[113.57303,22.15945],[113.57323,22.15944],[113.57349,22.15931],[113.57373,22.15896],[113.57376,22.15879],[113.57372,22.15862],[113.57366,22.15852],[113.57338,22.15829],[113.57295,22.15805],[113.57267,22.15799],[113.57063,22.15787],[113.5703,22.1578],[113.56987,22.15762],[113.5685,22.15689],[113.56824,22.15666],[113.56766,22.15599],[113.56712,22.15559],[113.56681,22.15524],[113.56669,22.15517],[113.56634,22.15508],[113.56623,22.15499],[113.56612,22.15471],[113.56595,22.1541],[113.56575,22.15361],[113.56519,22.1526]],[[113.5627,22.16437],[113.56275,22.16427],[113.56283,22.1642],[113.56309,22.16418]],[[113.5629,22.13055],[113.5629,22.13121],[113.56285,22.13131]],[[113.56287,22.20551],[113.56407,22.20579]],[[113.56287,22.20551],[113.56271,22.2071],[113.56275,22.2074],[113.56284,22.20755],[113.5631,22.20774],[113.56378,22.20793]],[[113.56396,22.20571],[113.56287,22.20546]],[[113.56411,22.20572],[113.56288,22.20541]],[[113.56344,22.20362],[113.56298,22.20451],[113.56288,22.20541]],[[113.56298,22.129],[113.56298,22.12893],[113.5629,22.12893]],[[113.5629,22.129],[113.5629,22.13048]],[[113.56298,22.13048],[113.56298,22.129]],[[113.563,22.13131],[113.56298,22.13055]],[[113.56767,22.13121],[113.56551,22.13145],[113.56484,22.1314],[113.56418,22.13118],[113.56387,22.13113],[113.56326,22.13118],[113.56304,22.13132]],[[113.57206,22.16168],[113.56496,22.16337],[113.56483,22.16348],[113.56481,22.16383],[113.56474,22.164],[113.56454,22.16417],[113.56426,22.16432],[113.56409,22.16438],[113.56392,22.16442],[113.56367,22.1644],[113.56309,22.16418]],[[113.56314,22.13156],[113.56328,22.13135],[113.56345,22.13126],[113.56374,22.1312],[113.56411,22.13124],[113.56453,22.1314],[113.56486,22.13149],[113.56533,22.13152],[113.56574,22.1315]],[[113.56507,22.20363],[113.56494,22.20367],[113.56344,22.20362]],[[113.56853,22.20131],[113.56766,22.20112],[113.56506,22.20047],[113.56344,22.20362]],[[113.56514,22.14784],[113.5643,22.14788],[113.56415,22.14784],[113.56401,22.14776],[113.5639,22.14764]],[[113.56391,22.14793],[113.56415,22.14799],[113.56515,22.14795]],[[113.56411,22.20572],[113.56396,22.20571]],[[113.56407,22.20579],[113.56667,22.20647]],[[113.56813,22.13115],[113.56805,22.13108],[113.56785,22.13051],[113.56769,22.13032],[113.56518,22.12814],[113.56507,22.12811],[113.565,22.12814],[113.56431,22.12885],[113.56421,22.12891],[113.56408,22.12893]],[[113.56669,22.20639],[113.56411,22.20572]],[[113.56602,22.15019],[113.56535,22.15026],[113.56481,22.15039],[113.56431,22.15057],[113.56418,22.15058]],[[113.56427,22.12916],[113.5643,22.129],[113.56466,22.1286],[113.56501,22.12824],[113.56507,22.12821],[113.56515,22.12822],[113.56758,22.13032],[113.56777,22.13053],[113.56787,22.13073]],[[113.56441,22.15081],[113.56446,22.15067],[113.56456,22.15061],[113.5652,22.15043],[113.56562,22.15036]],[[113.56707,22.14776],[113.56514,22.14784]],[[113.56515,22.14795],[113.56649,22.14789]],[[113.56562,22.15036],[113.56566,22.1503],[113.56597,22.15027],[113.56602,22.15019]],[[113.56562,22.15036],[113.56638,22.15033],[113.56697,22.15038],[113.5674,22.15047],[113.56819,22.1507],[113.56835,22.15067],[113.56842,22.15063],[113.56862,22.15041],[113.5688,22.1503]],[[113.56574,22.1315],[113.56604,22.13347],[113.5661,22.13417],[113.56618,22.1343],[113.56666,22.13487],[113.56668,22.13512]],[[113.56574,22.1315],[113.56697,22.13138],[113.56763,22.13138]],[[113.56855,22.15006],[113.56853,22.15025],[113.56848,22.15033],[113.56835,22.15049],[113.56825,22.15054],[113.56811,22.15054],[113.56745,22.15035],[113.56699,22.15025],[113.56639,22.15019],[113.56602,22.15019]],[[113.56635,22.20893],[113.56637,22.20885],[113.56634,22.20876],[113.56599,22.20849],[113.56646,22.2072]],[[113.56646,22.2072],[113.56714,22.20738],[113.56749,22.20751],[113.5677,22.20772],[113.56775,22.20785]],[[113.56646,22.2072],[113.56667,22.20647]],[[113.56649,22.14789],[113.5667,22.14783],[113.56699,22.14782],[113.56707,22.14776]],[[113.56649,22.14789],[113.56889,22.14779],[113.56901,22.14785],[113.56906,22.14795]],[[113.56668,22.13512],[113.56667,22.13524],[113.56662,22.13526]],[[113.56667,22.20647],[113.56842,22.20691]],[[113.56677,22.13528],[113.5667,22.13519],[113.56668,22.13512]],[[113.56844,22.20683],[113.56669,22.20639]],[[113.56716,22.20506],[113.56669,22.20639]],[[113.56721,22.14776],[113.56709,22.14766],[113.56706,22.14757]],[[113.56716,22.20506],[113.56871,22.20545]],[[113.56805,22.20265],[113.56716,22.20506]],[[113.5672,22.11498],[113.56709,22.11522],[113.56693,22.11661],[113.56685,22.11699],[113.56675,22.11724],[113.5661,22.11842],[113.56606,22.11882],[113.56607,22.11908],[113.5665,22.12023],[113.56662,22.12098],[113.56671,22.1212],[113.56697,22.12145],[113.56786,22.12193],[113.56809,22.12195],[113.56863,22.12191],[113.56887,22.122],[113.56899,22.12214],[113.56937,22.12298],[113.56953,22.12306],[113.56984,22.12314],[113.57003,22.12324],[113.57053,22.12377],[113.57071,22.12381],[113.57126,22.12377],[113.57142,22.12379],[113.57177,22.12395],[113.57227,22.12426],[113.57243,22.1244],[113.57276,22.12489],[113.57324,22.12537],[113.57349,22.12558],[113.57442,22.12628],[113.57464,22.1264],[113.57546,22.12649],[113.57571,22.12661],[113.57616,22.12701],[113.57634,22.12722],[113.57657,22.12789],[113.57719,22.12847],[113.57804,22.12896],[113.57832,22.12901],[113.57876,22.12902],[113.57885,22.12914],[113.57883,22.12931]],[[113.56749,22.11459],[113.5672,22.11498]],[[113.5672,22.11498],[113.56746,22.11486]],[[113.56911,22.14749],[113.56905,22.14761],[113.56892,22.14768],[113.56721,22.14776]],[[113.56756,22.11477],[113.56749,22.11468],[113.56749,22.11459]],[[113.56799,22.13117],[113.5679,22.13121],[113.5676,22.13127],[113.56756,22.13132],[113.56763,22.13138]],[[113.56763,22.13138],[113.56835,22.13123]],[[113.56787,22.13073],[113.56787,22.13096],[113.56777,22.13112],[113.56767,22.13121]],[[113.56799,22.13117],[113.56767,22.13121]],[[113.56787,22.13073],[113.56799,22.13117]],[[113.56793,22.13859],[113.56808,22.13862],[113.5682,22.1387],[113.56827,22.13879],[113.56832,22.13892],[113.5684,22.14117]],[[113.56805,22.20265],[113.56938,22.203],[113.56948,22.20297],[113.56958,22.20286]],[[113.56853,22.20131],[113.56805,22.20265]],[[113.56825,22.13583],[113.56837,22.13597],[113.56841,22.13631],[113.56837,22.13806],[113.56831,22.13823],[113.5681,22.1384]],[[113.56848,22.13108],[113.56813,22.13115]],[[113.56835,22.13123],[113.56852,22.13116],[113.56853,22.13111],[113.56848,22.13108]],[[113.56835,22.13123],[113.56854,22.13119],[113.56897,22.13096]],[[113.5684,22.14117],[113.56845,22.14181]],[[113.56858,22.14114],[113.56851,22.14109],[113.56846,22.14109],[113.5684,22.14117]],[[113.56841,22.21113],[113.57178,22.20946],[113.57229,22.20919],[113.57271,22.20889],[113.57285,22.20869],[113.57294,22.20838],[113.57296,22.20649],[113.57297,22.20627],[113.57304,22.20606]],[[113.57542,22.20897],[113.57523,22.2091],[113.57512,22.20911],[113.57302,22.20913],[113.57256,22.20923],[113.56966,22.2106],[113.56845,22.21122]],[[113.56845,22.14181],[113.56856,22.14187],[113.56864,22.14179]],[[113.56845,22.14181],[113.56864,22.14314]],[[113.56897,22.13096],[113.56848,22.13108]],[[113.56981,22.20172],[113.56974,22.20165],[113.56951,22.20155],[113.56853,22.20131]],[[113.56855,22.15006],[113.56864,22.15022],[113.5688,22.1503]],[[113.56862,22.14984],[113.56855,22.14998],[113.56855,22.15006]],[[113.56864,22.14179],[113.56858,22.14114]],[[113.56858,22.14114],[113.56854,22.1394],[113.56865,22.13876],[113.56877,22.13859],[113.5689,22.13852]],[[113.56906,22.14795],[113.56889,22.1489],[113.56862,22.14984]],[[113.56898,22.14977],[113.56879,22.14975],[113.56862,22.14984]],[[113.56864,22.14314],[113.56881,22.14432],[113.56879,22.14445],[113.5687,22.14468]],[[113.56883,22.14312],[113.56864,22.14314]],[[113.56883,22.14312],[113.56864,22.14179]],[[113.5687,22.14468],[113.56864,22.14489],[113.56873,22.14508]],[[113.56918,22.1446],[113.56899,22.14454],[113.56888,22.14456],[113.5687,22.14468]],[[113.56873,22.14508],[113.56882,22.14515],[113.56904,22.14518],[113.56924,22.14509],[113.5693,22.145]],[[113.56873,22.14508],[113.56893,22.14533],[113.569,22.14551],[113.56911,22.14659],[113.56911,22.14749]],[[113.56879,22.13834],[113.56857,22.13819],[113.56849,22.13801],[113.56851,22.13627],[113.56858,22.13615],[113.56875,22.13609]],[[113.5688,22.1503],[113.5689,22.1503],[113.56907,22.15022]],[[113.56918,22.1446],[113.56907,22.14444],[113.56901,22.14427],[113.56883,22.14312]],[[113.56897,22.13096],[113.56944,22.13089],[113.56999,22.13086],[113.57276,22.13049],[113.5732,22.1304],[113.57342,22.13033],[113.57605,22.12908],[113.57648,22.12893],[113.5769,22.12889],[113.5774,22.12894],[113.57868,22.12938]],[[113.56913,22.14991],[113.56898,22.14977]],[[113.56898,22.14977],[113.56893,22.14962],[113.56894,22.14945],[113.5692,22.14832],[113.5693,22.14745],[113.5693,22.14661],[113.56918,22.14536],[113.56924,22.14511],[113.5693,22.145]],[[113.56911,22.14749],[113.56906,22.14795]],[[113.56907,22.15022],[113.56915,22.15008],[113.56913,22.14991]],[[113.56907,22.15022],[113.56931,22.15023],[113.57129,22.15106],[113.57137,22.15114],[113.57142,22.15131]],[[113.57169,22.15089],[113.57141,22.1509],[113.56938,22.15005],[113.56913,22.14991]],[[113.57269,22.14499],[113.57129,22.14479],[113.5706,22.14474],[113.56953,22.14473],[113.56935,22.14469],[113.56921,22.14461]],[[113.56932,22.14495],[113.56932,22.14477],[113.56921,22.14461]],[[113.56932,22.14495],[113.56965,22.14486],[113.57059,22.14487],[113.57179,22.14498],[113.57266,22.14512]],[[113.57395,22.16133],[113.57429,22.16095],[113.57458,22.16055],[113.57474,22.16026],[113.57483,22.15985],[113.57484,22.15952],[113.57479,22.15925],[113.57458,22.15863],[113.57439,22.15823],[113.57404,22.1578],[113.57369,22.15755],[113.5721,22.15677],[113.5704,22.15605]],[[113.57479,22.15952],[113.57475,22.15928],[113.57458,22.15875],[113.57436,22.15826],[113.57415,22.15798],[113.57387,22.15771],[113.57336,22.15743],[113.57123,22.15644],[113.5708,22.15628]],[[113.57173,22.19976],[113.57158,22.19994],[113.57155,22.20004],[113.57155,22.20235]],[[113.57168,22.2022],[113.57164,22.20214],[113.57164,22.20005],[113.57166,22.19998],[113.57173,22.19993]],[[113.57206,22.16168],[113.57223,22.16172]],[[113.57225,22.16159],[113.57206,22.16168]],[[113.57728,22.21433],[113.57704,22.21435],[113.57348,22.21434],[113.57318,22.2143],[113.57287,22.21413],[113.57267,22.21392],[113.57252,22.2137],[113.57234,22.21325],[113.57227,22.21284],[113.57159,22.21282],[113.57138,22.21275],[113.57122,22.21264],[113.57106,22.21245],[113.57057,22.21173],[113.57047,22.21155],[113.5704,22.21132],[113.57086,22.21134],[113.57112,22.21131],[113.57152,22.21115],[113.57181,22.21091],[113.57202,22.21059],[113.57209,22.21039],[113.57211,22.20974],[113.57207,22.20958]],[[113.57225,22.16159],[113.57221,22.16166],[113.57223,22.16172]],[[113.57227,22.16175],[113.57239,22.16184]],[[113.57266,22.1615],[113.57228,22.16157]],[[113.57241,22.16168],[113.57239,22.1616],[113.57228,22.16157]],[[113.57276,22.16232],[113.57239,22.16184]],[[113.57241,22.16168],[113.57247,22.1616],[113.57266,22.1615]],[[113.57266,22.14512],[113.57336,22.14526],[113.57404,22.14544],[113.5746,22.14561],[113.57478,22.14575]],[[113.57266,22.14512],[113.57272,22.14506],[113.57269,22.14499]],[[113.57405,22.1607],[113.57386,22.16079],[113.57365,22.16126],[113.57266,22.1615]],[[113.5749,22.14547],[113.57467,22.14549],[113.57339,22.14513],[113.57269,22.14499]],[[113.57325,22.16242],[113.57298,22.16241],[113.57276,22.16232]],[[113.57276,22.16232],[113.57297,22.16256],[113.573,22.16278]],[[113.57306,22.20635],[113.57304,22.20606]],[[113.57304,22.20606],[113.57316,22.20577],[113.5733,22.20566],[113.57343,22.20562],[113.57498,22.20568],[113.57516,22.20577]],[[113.57304,22.20606],[113.57324,22.20586],[113.57355,22.20576],[113.57516,22.20577]],[[113.57354,22.16254],[113.57362,22.16212],[113.57395,22.16133]],[[113.57395,22.16133],[113.57406,22.16108]],[[113.57406,22.16108],[113.57479,22.15952]],[[113.57406,22.16108],[113.57441,22.16051],[113.57474,22.15982],[113.57479,22.15952]],[[113.57529,22.20582],[113.57547,22.20586],[113.57562,22.20598],[113.5757,22.20615],[113.57573,22.20635],[113.57572,22.20863],[113.57562,22.20881],[113.57542,22.20897]],[[113.57529,22.20582],[113.57541,22.2059],[113.57549,22.20601],[113.57556,22.20628],[113.57556,22.20851],[113.57551,22.20877],[113.57542,22.20897]],[[113.57582,22.13814],[113.57566,22.1386],[113.57565,22.13889],[113.57571,22.13908],[113.57598,22.13941],[113.57638,22.13973],[113.57669,22.14003],[113.57699,22.14048],[113.57719,22.14096],[113.57727,22.14146],[113.57725,22.14196],[113.57715,22.14241],[113.57706,22.14259]],[[113.57743,22.14211],[113.57741,22.1416],[113.57735,22.14121],[113.57725,22.14082],[113.57708,22.14041],[113.57686,22.1401],[113.5766,22.1398],[113.576,22.13932],[113.57582,22.13902],[113.57579,22.13877],[113.57584,22.13851],[113.57604,22.13803]],[[113.57835,22.20932],[113.57815,22.20932],[113.57796,22.20922],[113.57779,22.20905],[113.57768,22.20883],[113.57766,22.20861],[113.57768,22.20606],[113.57775,22.20578],[113.57788,22.20564],[113.57817,22.20553],[113.57849,22.20553]],[[113.57835,22.20932],[113.57813,22.20926],[113.57799,22.20916],[113.5779,22.20903],[113.57785,22.20882],[113.57786,22.20606],[113.57792,22.20582],[113.57801,22.20571],[113.57823,22.20558],[113.57849,22.20553]],[[113.57969,22.20945],[113.57952,22.20936],[113.5793,22.20932],[113.57835,22.20932]],[[113.57849,22.20553],[113.5793,22.20553],[113.57945,22.20556],[113.5796,22.20564],[113.5797,22.20577],[113.57972,22.20592],[113.57971,22.2063],[113.57966,22.2066]],[[113.57863,22.23919],[113.58416,22.23741],[113.58427,22.23727],[113.58431,22.23714],[113.58473,22.23519],[113.5847,22.23498],[113.58465,22.2349],[113.5845,22.2348],[113.58433,22.23477],[113.58417,22.2348],[113.57945,22.23633]],[[113.57868,22.12938],[113.57869,22.12944],[113.57873,22.1295],[113.57885,22.1295],[113.5789,22.12945],[113.57891,22.12939],[113.57883,22.12931]],[[113.57883,22.12931],[113.57874,22.12932],[113.57868,22.12938]],[[113.57923,22.13561],[113.57943,22.13554],[113.57996,22.13546]],[[113.57989,22.13527],[113.57977,22.13538],[113.57925,22.13545]],[[113.57989,22.13527],[113.57988,22.13538],[113.57996,22.13546]],[[113.58008,22.13522],[113.57999,22.13521],[113.57989,22.13527]],[[113.57996,22.13546],[113.58009,22.13546],[113.58015,22.13541]],[[113.58165,22.13381],[113.58164,22.1339],[113.58152,22.13415],[113.58149,22.13453],[113.58138,22.13472],[113.58067,22.13508],[113.58028,22.13522],[113.58008,22.13522]],[[113.58015,22.13541],[113.58017,22.13531],[113.58008,22.13522]],[[113.58015,22.13541],[113.58026,22.13531],[113.58099,22.13502],[113.58141,22.1348],[113.58157,22.13458],[113.58159,22.13424],[113.58164,22.13407],[113.58171,22.13396],[113.58183,22.13386]],[[113.58165,22.13381],[113.58175,22.13388],[113.58183,22.13386]],[[113.58187,22.1337],[113.58181,22.13365],[113.58169,22.13367],[113.58165,22.13373],[113.58165,22.13381]],[[113.58187,22.13383],[113.5821,22.13373]],[[113.5821,22.13373],[113.58187,22.1337]],[[113.5821,22.13373],[113.58246,22.13371],[113.58277,22.13378]],[[113.58277,22.13378],[113.58294,22.13381],[113.58314,22.13367],[113.58385,22.13299],[113.58426,22.13244]],[[113.58421,22.13241],[113.5838,22.13296],[113.58312,22.13364],[113.58294,22.13375],[113.58277,22.13378]],[[113.58824,22.13128],[113.58812,22.13114],[113.58744,22.13061],[113.58719,22.13054],[113.58691,22.13056],[113.58663,22.13067],[113.58573,22.13125],[113.5846,22.13204],[113.58421,22.13241]],[[113.58426,22.13244],[113.58447,22.13222],[113.58494,22.13188],[113.58675,22.1307],[113.58694,22.13062],[113.58716,22.1306],[113.58736,22.13065],[113.58824,22.13128]],[[113.59011,22.13449],[113.58887,22.13288],[113.58854,22.13173],[113.5884,22.13147],[113.58824,22.13128]]]}},{"type":"Feature","properties":{"layer":"road-major"},"geometry":{"type":"MultiLineString","coordinates":[[[113.48013,22.21867],[113.4779,22.21804],[113.47055,22.21579],[113.46774,22.21501],[113.46561,22.21431],[113.46017,22.2127],[113.45829,22.21209]],[[113.45835,22.21191],[113.4802,22.21845]],[[113.46205,22.13558],[113.46452,22.1365],[113.47538,22.14074],[113.48087,22.14283],[113.4894,22.14626]],[[113.48923,22.14632],[113.48703,22.14542],[113.4859,22.145],[113.48086,22.14294],[113.47758,22.14172],[113.47163,22.13939],[113.46226,22.13579]],[[113.49456,22.17663],[113.47523,22.17659],[113.46829,22.17661]],[[113.46873,22.12603],[113.46922,22.12624],[113.47006,22.12649],[113.47677,22.12761],[113.47798,22.12778],[113.4812,22.12804],[113.48306,22.12827],[113.48458,22.12863],[113.48779,22.1298],[113.49204,22.13129],[113.4934,22.13181]],[[113.49357,22.13208],[113.48764,22.1299],[113.48604,22.12928],[113.48454,22.12877],[113.48305,22.1284],[113.48111,22.12819],[113.47792,22.12791],[113.47485,22.12744],[113.46981,22.12652]],[[113.47038,22.17624],[113.47527,22.17629],[113.48866,22.17634],[113.49466,22.17633]],[[113.48655,22.11725],[113.47444,22.11518]],[[113.47468,22.11509],[113.47718,22.11549],[113.48651,22.11712]],[[113.47657,22.09535],[113.48104,22.09627],[113.48407,22.09684],[113.48666,22.09724],[113.48873,22.09751]],[[113.47659,22.09526],[113.48256,22.09646],[113.48668,22.09715],[113.48874,22.09741]],[[113.49397,22.17653],[113.47781,22.17649]],[[113.47782,22.17639],[113.49693,22.17643]],[[113.47882,22.16582],[113.48346,22.16581],[113.48675,22.16586],[113.48981,22.16585]],[[113.4898,22.16598],[113.48674,22.16598],[113.48603,22.16603],[113.47889,22.16597]],[[113.48048,22.21878],[113.48013,22.21867]],[[113.4802,22.21845],[113.48023,22.21858],[113.48013,22.21867]],[[113.4802,22.21845],[113.48053,22.21855]],[[113.48027,22.21271],[113.48004,22.21502],[113.48016,22.21564],[113.48023,22.21584],[113.48037,22.21609],[113.48055,22.2163],[113.48165,22.21721],[113.48192,22.21762],[113.48211,22.21814],[113.48228,22.21838],[113.48254,22.21857],[113.48295,22.21871],[113.4833,22.21888],[113.48379,22.21927]],[[113.48535,22.22019],[113.48401,22.21983],[113.48048,22.21878]],[[113.48048,22.21878],[113.48042,22.21867],[113.48044,22.2186],[113.48053,22.21855]],[[113.48053,22.21855],[113.48401,22.21961],[113.48561,22.21999]],[[113.48345,22.21911],[113.48379,22.21927]],[[113.48535,22.22019],[113.48374,22.22005]],[[113.48379,22.21927],[113.48413,22.21937],[113.48471,22.21963]],[[113.48379,22.21927],[113.4842,22.2195],[113.48471,22.21963]],[[113.48471,22.21963],[113.48553,22.21983],[113.48613,22.21993],[113.48684,22.21992]],[[113.48471,22.21963],[113.48507,22.21979],[113.48561,22.21999]],[[113.49494,22.2216],[113.49322,22.22125],[113.49224,22.22109],[113.48836,22.22072],[113.48535,22.22019]],[[113.48561,22.21999],[113.48731,22.22031],[113.48892,22.22055],[113.49126,22.22074],[113.49327,22.22103],[113.49545,22.22148]],[[113.48651,22.11712],[113.48748,22.11718]],[[113.48651,22.11712],[113.48894,22.11757]],[[113.48892,22.11768],[113.48655,22.11725]],[[113.48792,22.1176],[113.48655,22.11725]],[[113.48873,22.09751],[113.49019,22.09767],[113.49431,22.098],[113.49581,22.09807],[113.49877,22.09816],[113.50173,22.09821]],[[113.48874,22.09741],[113.49007,22.09755],[113.49414,22.09789]],[[113.49166,22.14731],[113.48923,22.14632]],[[113.4962,22.14877],[113.4952,22.14858],[113.49345,22.14811],[113.49048,22.14701],[113.48923,22.14632]],[[113.4898,22.16598],[113.4898,22.16611],[113.48929,22.1661]],[[113.4893,22.16574],[113.48953,22.16575]],[[113.4894,22.14626],[113.49044,22.14653],[113.49182,22.14713],[113.49352,22.14779],[113.49503,22.14822],[113.496,22.14858]],[[113.4894,22.14626],[113.49172,22.1472]],[[113.48971,22.1176],[113.48978,22.11774],[113.48973,22.11783],[113.48962,22.11789]],[[113.48997,22.16598],[113.4898,22.16598]],[[113.48981,22.16585],[113.48988,22.16424],[113.4899,22.16149]],[[113.48981,22.16585],[113.48997,22.16585]],[[113.50646,22.17043],[113.50181,22.16778],[113.49935,22.16646],[113.49855,22.16618],[113.49788,22.16606],[113.49734,22.16603],[113.49642,22.16604],[113.49383,22.16598],[113.48997,22.16598]],[[113.49004,22.16149],[113.48999,22.16373],[113.49001,22.16455],[113.48997,22.16585]],[[113.48997,22.16585],[113.49334,22.16584],[113.49415,22.1658],[113.49735,22.1658],[113.49781,22.16583],[113.49865,22.16599],[113.49902,22.1661],[113.49949,22.1663],[113.50369,22.16873],[113.50654,22.17031]],[[113.4905,22.11807],[113.49042,22.11801],[113.49041,22.11789],[113.49047,22.1178],[113.49055,22.11776]],[[113.49087,22.1788],[113.4907,22.17887],[113.49065,22.17892],[113.49061,22.17905],[113.49083,22.18087],[113.49082,22.18156]],[[113.49356,22.11863],[113.49112,22.1181]],[[113.49114,22.11799],[113.49337,22.11847]],[[113.49293,22.14479],[113.49251,22.14335],[113.49223,22.14263]],[[113.49223,22.14263],[113.49234,22.14317],[113.49258,22.14405],[113.4926,22.14424],[113.49258,22.14451],[113.49238,22.14524],[113.49243,22.14577],[113.49246,22.14587],[113.49267,22.14607],[113.49286,22.14636],[113.49299,22.1468],[113.49294,22.14615],[113.49273,22.14548],[113.49275,22.14523],[113.49282,22.14512],[113.493,22.14503],[113.49312,22.14502],[113.49323,22.14505],[113.4934,22.14517],[113.49347,22.14535],[113.49344,22.14575]],[[113.49223,22.14263],[113.49211,22.14207],[113.49203,22.14109],[113.49199,22.13919],[113.49212,22.1379],[113.49236,22.13658]],[[113.49356,22.11863],[113.49229,22.11846]],[[113.49252,22.13667],[113.49236,22.13658]],[[113.49236,22.13658],[113.49251,22.13601]],[[113.49246,22.11815],[113.49337,22.11847]],[[113.49251,22.13601],[113.49265,22.13605]],[[113.49251,22.13601],[113.49275,22.1353],[113.49367,22.13303]],[[113.49252,22.13667],[113.49223,22.13791],[113.49213,22.13982],[113.49218,22.14106],[113.49231,22.14224],[113.49245,22.14281],[113.49286,22.1441],[113.49303,22.14475]],[[113.49265,22.13605],[113.49252,22.13667]],[[113.49402,22.13267],[113.49307,22.13479],[113.49265,22.13605]],[[113.49494,22.2216],[113.49271,22.22149]],[[113.49274,22.14589],[113.49258,22.1455],[113.49258,22.14526],[113.49263,22.14512],[113.49271,22.14502],[113.49288,22.14491],[113.49311,22.14488],[113.49334,22.14493],[113.49347,22.14504],[113.49356,22.14516],[113.49362,22.14542],[113.49356,22.1459],[113.49343,22.14633],[113.49367,22.14582],[113.49376,22.14536],[113.49367,22.14505],[113.49339,22.14461]],[[113.49337,22.11847],[113.49629,22.11912]],[[113.4934,22.13181],[113.49379,22.13191],[113.49393,22.13191],[113.49422,22.13182]],[[113.4934,22.13181],[113.4941,22.13208]],[[113.49616,22.11922],[113.49356,22.11863]],[[113.49402,22.13225],[113.49357,22.13208]],[[113.49367,22.13303],[113.4938,22.13241],[113.49375,22.13226],[113.49357,22.13208]],[[113.49367,22.13303],[113.49402,22.13225]],[[113.49367,22.22083],[113.49386,22.22091],[113.49436,22.221],[113.49545,22.22148]],[[113.4962,22.14877],[113.49469,22.14836],[113.49375,22.14806]],[[113.49378,22.14797],[113.496,22.14858]],[[113.49463,22.1176],[113.49454,22.11807],[113.49444,22.1183],[113.49429,22.11842],[113.49389,22.11847]],[[113.49735,22.17653],[113.49397,22.17653]],[[113.49456,22.17663],[113.49397,22.17653]],[[113.4942,22.13231],[113.49402,22.13267]],[[113.49493,22.1326],[113.49479,22.13259],[113.49439,22.13248],[113.49422,22.13252],[113.49402,22.13267]],[[113.4942,22.13231],[113.49402,22.13225]],[[113.49402,22.13225],[113.4941,22.13208]],[[113.4941,22.13208],[113.49428,22.13214]],[[113.4941,22.13208],[113.49422,22.13182]],[[113.49414,22.09789],[113.49618,22.09798]],[[113.49414,22.09789],[113.49475,22.09775],[113.49529,22.09776],[113.49556,22.09779],[113.49586,22.09793],[113.49618,22.09798]],[[113.49493,22.1326],[113.4942,22.13231]],[[113.49428,22.13214],[113.4942,22.13231]],[[113.49422,22.13182],[113.49521,22.1296],[113.49621,22.12723],[113.49814,22.12284],[113.49918,22.12035]],[[113.49428,22.13214],[113.49453,22.13224]],[[113.49462,22.13134],[113.49428,22.13214]],[[113.49453,22.13224],[113.49656,22.13302],[113.50002,22.1343],[113.50153,22.13482],[113.50582,22.13641],[113.50727,22.13699],[113.5099,22.13795]],[[113.49462,22.13134],[113.49442,22.13196],[113.49446,22.13212],[113.49453,22.13224]],[[113.49612,22.17665],[113.49456,22.17663]],[[113.49772,22.17745],[113.49746,22.17737],[113.49699,22.17702],[113.4966,22.17684],[113.49509,22.17671],[113.49456,22.17663]],[[113.49933,22.12041],[113.49632,22.12729],[113.49462,22.13134]],[[113.49466,22.17633],[113.49608,22.17634],[113.49693,22.17643]],[[113.49466,22.17633],[113.49687,22.17619],[113.49749,22.17611],[113.49804,22.17594],[113.49911,22.17546],[113.49949,22.17533]],[[113.51032,22.13827],[113.5072,22.13713],[113.50269,22.1354],[113.49906,22.1341],[113.49726,22.13341],[113.49493,22.1326]],[[113.49889,22.22284],[113.49771,22.22239],[113.49494,22.2216]],[[113.49545,22.22148],[113.49659,22.2218],[113.49892,22.22257]],[[113.49587,22.11814],[113.49598,22.11853],[113.49608,22.11871],[113.49622,22.11886],[113.49657,22.11908]],[[113.496,22.14858],[113.50033,22.14975]],[[113.49726,22.17672],[113.49612,22.17665]],[[113.49724,22.17686],[113.49612,22.17665]],[[113.499,22.11984],[113.49616,22.11922]],[[113.49729,22.11958],[113.49616,22.11922]],[[113.49618,22.09798],[113.4988,22.09805],[113.50088,22.09808],[113.50174,22.09806]],[[113.50024,22.14987],[113.4962,22.14877]],[[113.49629,22.11912],[113.49689,22.11916]],[[113.49629,22.11912],[113.49681,22.11926],[113.49902,22.11975]],[[113.49693,22.17643],[113.49745,22.17643]],[[113.49693,22.17643],[113.49738,22.17649]],[[113.49898,22.17706],[113.49865,22.17714],[113.4983,22.17715],[113.49806,22.17711],[113.49724,22.17686]],[[113.49772,22.17745],[113.4975,22.17733],[113.49734,22.17719],[113.49726,22.17703],[113.49724,22.17686]],[[113.49724,22.17686],[113.49726,22.17672]],[[113.49898,22.17706],[113.49834,22.17689],[113.49726,22.17672]],[[113.49726,22.17672],[113.49735,22.17653]],[[113.49769,22.17653],[113.49735,22.17653]],[[113.49738,22.17649],[113.49769,22.17653]],[[113.49745,22.17643],[113.49803,22.17644]],[[113.49745,22.17643],[113.4982,22.17598],[113.49949,22.17533]],[[113.49915,22.17654],[113.49769,22.17653]],[[113.49769,22.17653],[113.49891,22.17678],[113.49938,22.17692]],[[113.50055,22.17765],[113.49941,22.17733],[113.49907,22.17726],[113.49862,22.17728],[113.49804,22.17743],[113.49772,22.17745]],[[113.49803,22.17644],[113.4991,22.17644]],[[113.49803,22.17644],[113.49907,22.17636]],[[113.49873,22.23588],[113.4999,22.23318]],[[113.50009,22.23326],[113.49886,22.23594]],[[113.50292,22.22461],[113.50011,22.22328],[113.49889,22.22284]],[[113.50071,22.22375],[113.49889,22.22284]],[[113.49892,22.22257],[113.50113,22.22333]],[[113.49892,22.22257],[113.5021,22.22401],[113.50298,22.22447]],[[113.49918,22.12035],[113.49913,22.12011],[113.49896,22.11994]],[[113.50055,22.17765],[113.49969,22.1773],[113.49898,22.17706]],[[113.49938,22.17692],[113.49898,22.17706]],[[113.50082,22.17539],[113.50041,22.17534],[113.50014,22.17534],[113.49961,22.17546],[113.49931,22.1756],[113.49915,22.17574],[113.49905,22.17596],[113.49903,22.17617],[113.49907,22.17636]],[[113.49907,22.17636],[113.50079,22.17629],[113.50116,22.1762],[113.50128,22.17609],[113.50133,22.176],[113.5013,22.17578],[113.50126,22.17568],[113.50113,22.17553],[113.50082,22.17539]],[[113.4991,22.17644],[113.50152,22.17645],[113.50237,22.1764]],[[113.50249,22.17648],[113.50199,22.17653],[113.49915,22.17654]],[[113.49915,22.17654],[113.49933,22.17673],[113.49955,22.17686]],[[113.49918,22.12035],[113.49952,22.11975],[113.49948,22.12006],[113.49933,22.12041]],[[113.50049,22.12028],[113.49974,22.12019],[113.49954,22.12025],[113.49933,22.12041]],[[113.49938,22.17692],[113.50097,22.17752]],[[113.49955,22.17686],[113.49938,22.17692]],[[113.49949,22.17533],[113.4997,22.17527],[113.50011,22.17521],[113.50074,22.17526],[113.50136,22.17544],[113.50232,22.17586],[113.50265,22.17595],[113.503,22.17598],[113.50321,22.17596],[113.50367,22.17584],[113.5041,22.17567],[113.50446,22.17547]],[[113.49955,22.17686],[113.50097,22.17752]],[[113.50318,22.17673],[113.50027,22.17669],[113.49988,22.17674],[113.49955,22.17686]],[[113.50009,22.23326],[113.4999,22.23318]],[[113.4999,22.23318],[113.49983,22.23307],[113.49982,22.23296],[113.50048,22.23156]],[[113.4999,22.23318],[113.50021,22.23247]],[[113.50348,22.12086],[113.50221,22.12055],[113.49995,22.12005]],[[113.49997,22.11996],[113.50223,22.12046],[113.50352,22.12071]],[[113.50043,22.2325],[113.50009,22.23326]],[[113.50088,22.23178],[113.50062,22.2325],[113.50029,22.23319],[113.5002,22.23325],[113.50009,22.23326]],[[113.50021,22.23247],[113.50022,22.23231],[113.50044,22.23176],[113.50048,22.23156]],[[113.50021,22.23247],[113.50031,22.23233],[113.50095,22.23072]],[[113.50024,22.14987],[113.50033,22.14975]],[[113.50033,22.14975],[113.50052,22.14951],[113.50086,22.14916],[113.50133,22.1488],[113.50322,22.14797]],[[113.50325,22.15082],[113.50034,22.14989]],[[113.50043,22.14977],[113.50034,22.14989]],[[113.50043,22.14977],[113.51178,22.15339],[113.51717,22.15515]],[[113.50337,22.14826],[113.50272,22.14849],[113.50188,22.14867],[113.50155,22.14879],[113.50132,22.14891],[113.50091,22.14923],[113.50043,22.14977]],[[113.50119,22.23074],[113.50047,22.23235],[113.50043,22.2325]],[[113.50088,22.23178],[113.50058,22.23236],[113.50043,22.2325]],[[113.50048,22.23156],[113.50085,22.23083],[113.50095,22.23072]],[[113.50179,22.1783],[113.50055,22.17765]],[[113.50237,22.1764],[113.50193,22.17598],[113.50144,22.17558],[113.50123,22.17549],[113.50082,22.17539]],[[113.50119,22.23074],[113.50117,22.23101],[113.50105,22.2314],[113.50088,22.23178]],[[113.50095,22.23072],[113.5022,22.22769],[113.50299,22.22557],[113.50316,22.22519],[113.50368,22.22435],[113.50513,22.22273],[113.50795,22.21921],[113.51018,22.21716],[113.51413,22.21458]],[[113.50097,22.17752],[113.5018,22.17798],[113.50207,22.17817]],[[113.51807,22.21221],[113.51671,22.21305],[113.51036,22.21718],[113.50808,22.21929],[113.50606,22.22182],[113.50379,22.22444],[113.50329,22.22523],[113.50312,22.2256],[113.50233,22.22774],[113.50205,22.22839],[113.50119,22.23074]],[[113.50348,22.12086],[113.50147,22.12049]],[[113.50154,22.12019],[113.50352,22.12071]],[[113.50173,22.09821],[113.50262,22.09822]],[[113.50173,22.09821],[113.50174,22.09806]],[[113.50174,22.09806],[113.50267,22.09803]],[[113.50249,22.17648],[113.50237,22.1764]],[[113.50237,22.1764],[113.50292,22.17629],[113.50344,22.1761],[113.50395,22.17584],[113.50446,22.17547]],[[113.50318,22.17673],[113.50279,22.17663],[113.50249,22.17648]],[[113.50563,22.1742],[113.50485,22.17523],[113.50432,22.17571],[113.50394,22.17597],[113.50338,22.17623],[113.50249,22.17648]],[[113.50563,22.1742],[113.50464,22.17575],[113.50431,22.17615],[113.50402,22.17643],[113.50379,22.17658],[113.50342,22.17672],[113.50318,22.17673]],[[113.50386,22.15102],[113.50325,22.15082]],[[113.50386,22.15102],[113.50364,22.15108],[113.50351,22.15125],[113.50352,22.15116],[113.50347,22.15102],[113.50325,22.15082]],[[113.51204,22.12359],[113.5093,22.12256],[113.50759,22.12196],[113.50526,22.12128],[113.50348,22.12086]],[[113.50352,22.12071],[113.5053,22.12113],[113.50764,22.12181],[113.50936,22.12241],[113.5121,22.12345]],[[113.50371,22.09916],[113.50418,22.09831]],[[113.50621,22.15179],[113.50386,22.15102]],[[113.51192,22.22878],[113.50899,22.22746],[113.50397,22.22511]],[[113.50405,22.22496],[113.50678,22.22623],[113.50834,22.22693],[113.50865,22.22704],[113.50958,22.2275],[113.51199,22.2286]],[[113.50454,22.09836],[113.5041,22.09912]],[[113.50446,22.17547],[113.50483,22.17509],[113.50515,22.17465],[113.50714,22.17158]],[[113.50726,22.17162],[113.50563,22.1742]],[[113.50674,22.15196],[113.50621,22.15179]],[[113.50674,22.15196],[113.50656,22.15202],[113.50642,22.15219],[113.50643,22.15209],[113.50639,22.15196],[113.50621,22.15179]],[[113.50888,22.15265],[113.50674,22.15196]],[[113.50714,22.17158],[113.50721,22.17118],[113.50711,22.17092]],[[113.50714,22.17158],[113.50763,22.1708],[113.50793,22.1704]],[[113.50717,22.17055],[113.50752,22.17055],[113.50793,22.1704]],[[113.50825,22.17014],[113.50726,22.17162]],[[113.50798,22.17143],[113.50782,22.17138],[113.5076,22.17139],[113.50726,22.17162]],[[113.51593,22.17581],[113.50792,22.17125]],[[113.50793,22.1704],[113.51224,22.16388],[113.51727,22.15598]],[[113.50799,22.17114],[113.51598,22.17573]],[[113.50825,22.17014],[113.508,22.17069],[113.508,22.17087],[113.50808,22.17106]],[[113.51748,22.1561],[113.51603,22.15825],[113.51235,22.16397],[113.50825,22.17014]],[[113.50964,22.15288],[113.50888,22.15265]],[[113.50964,22.15288],[113.50932,22.15291],[113.50922,22.15297],[113.50915,22.15305],[113.50909,22.15281],[113.50888,22.15265]],[[113.50939,22.14509],[113.50962,22.14475],[113.50977,22.14437],[113.50987,22.14376],[113.51035,22.13989],[113.51047,22.13931]],[[113.51073,22.1388],[113.51051,22.13947],[113.51042,22.1399],[113.50989,22.14444],[113.50977,22.14497],[113.50961,22.14531]],[[113.51711,22.15529],[113.50964,22.15288]],[[113.5099,22.13795],[113.51022,22.13801],[113.5106,22.13812],[113.51076,22.13809],[113.51089,22.13797]],[[113.5099,22.13795],[113.5108,22.13828]],[[113.51076,22.13843],[113.51032,22.13827]],[[113.51047,22.13931],[113.51061,22.13859],[113.51053,22.13844],[113.51032,22.13827]],[[113.51047,22.13931],[113.51076,22.13843]],[[113.51084,22.13846],[113.51073,22.1388]],[[113.51164,22.13876],[113.511,22.13862],[113.51085,22.13867],[113.51073,22.1388]],[[113.51076,22.13843],[113.5108,22.13828]],[[113.5108,22.13828],[113.51089,22.13797]],[[113.51164,22.13876],[113.51084,22.13846]],[[113.51089,22.13831],[113.51084,22.13846]],[[113.51089,22.13831],[113.51127,22.13845]],[[113.51102,22.13794],[113.51089,22.13831]],[[113.51089,22.13797],[113.51112,22.13738],[113.51245,22.13349],[113.51515,22.12532]],[[113.51102,22.13794],[113.51105,22.13823],[113.51127,22.13845]],[[113.51525,22.12531],[113.51253,22.13353],[113.51194,22.13538],[113.51156,22.13634],[113.51102,22.13794]],[[113.51127,22.13845],[113.51508,22.13989],[113.5171,22.14059],[113.5181,22.14087]],[[113.52777,22.14242],[113.52563,22.14162],[113.5249,22.14142],[113.52414,22.14128],[113.52287,22.14117],[113.52012,22.14121],[113.51955,22.14119],[113.51868,22.1411],[113.51808,22.14099],[113.51731,22.14078],[113.51456,22.13985],[113.51164,22.13876]],[[113.51296,22.22926],[113.51192,22.22878]],[[113.51212,22.22938],[113.51218,22.22924],[113.51216,22.22905],[113.51192,22.22878]],[[113.51199,22.2286],[113.51224,22.22862],[113.51237,22.22859],[113.51246,22.22854],[113.51257,22.22841]],[[113.51199,22.2286],[113.5129,22.229]],[[113.51492,22.12465],[113.51204,22.12359]],[[113.51306,22.12407],[113.51204,22.12359]],[[113.5121,22.12345],[113.51319,22.12378]],[[113.5121,22.12345],[113.5128,22.12375],[113.51496,22.12457]],[[113.51296,22.22926],[113.51265,22.22924],[113.51251,22.22929],[113.51233,22.22949]],[[113.51273,22.22855],[113.51275,22.22882],[113.5129,22.229]],[[113.5129,22.229],[113.51426,22.22961],[113.51522,22.23009],[113.51597,22.23057],[113.51669,22.23111],[113.52256,22.2352],[113.52285,22.23542],[113.52422,22.23662]],[[113.52413,22.23671],[113.52251,22.23534],[113.51608,22.23086],[113.5158,22.23072],[113.51514,22.23028],[113.51467,22.23003],[113.51296,22.22926]],[[113.51413,22.21458],[113.51656,22.21283]],[[113.51413,22.21458],[113.51691,22.21279],[113.51805,22.2121],[113.51996,22.21078]],[[113.51515,22.12532],[113.51517,22.12515],[113.51515,22.12498],[113.51507,22.12485],[113.515,22.1248]],[[113.51515,22.12532],[113.51538,22.12461]],[[113.51547,22.12464],[113.51525,22.12531]],[[113.51575,22.12508],[113.51549,22.12509],[113.51536,22.12517],[113.51525,22.12531]],[[113.51889,22.12607],[113.51746,22.12561],[113.51581,22.12499]],[[113.51585,22.1249],[113.51792,22.12564],[113.51894,22.12589]],[[113.51656,22.21283],[113.51702,22.21247],[113.51719,22.21227],[113.51731,22.21201],[113.51728,22.21133],[113.51738,22.21091],[113.51747,22.21073]],[[113.51656,22.21283],[113.51701,22.21258],[113.5185,22.21156]],[[113.51759,22.15545],[113.51711,22.15529]],[[113.51727,22.15598],[113.51729,22.1557],[113.51727,22.15554],[113.51711,22.15529]],[[113.51717,22.15515],[113.5177,22.15531]],[[113.51717,22.15515],[113.51743,22.15513],[113.51793,22.15497]],[[113.51727,22.15598],[113.51759,22.15545]],[[113.51745,22.1254],[113.51894,22.12589]],[[113.51747,22.21073],[113.51753,22.2106],[113.51751,22.21052],[113.51742,22.21038],[113.51759,22.21049],[113.51776,22.21044]],[[113.51747,22.21073],[113.51776,22.21044]],[[113.51824,22.155],[113.51748,22.1561]],[[113.51845,22.15572],[113.51823,22.15572],[113.51797,22.15577],[113.51763,22.15594],[113.51748,22.1561]],[[113.51759,22.15545],[113.5177,22.15531]],[[113.5177,22.15531],[113.51793,22.15497]],[[113.51776,22.21044],[113.51821,22.21024],[113.51841,22.21021],[113.51872,22.21022],[113.51919,22.21038],[113.51947,22.21055],[113.5196,22.21068]],[[113.51889,22.12607],[113.51777,22.12582]],[[113.51793,22.15497],[113.51836,22.15437],[113.5189,22.15383],[113.51939,22.15344],[113.51991,22.15309],[113.52056,22.15275],[113.5211,22.15254],[113.52222,22.15232],[113.52293,22.15227],[113.5257,22.15222]],[[113.52236,22.20944],[113.52219,22.20958],[113.52169,22.2099],[113.52002,22.21089],[113.51807,22.21221]],[[113.51939,22.21143],[113.51904,22.21168],[113.51841,22.21205],[113.51807,22.21221]],[[113.5181,22.14087],[113.51917,22.14104]],[[113.5181,22.14087],[113.51829,22.14085],[113.51843,22.14079],[113.51853,22.14069],[113.51865,22.14043],[113.51887,22.14087],[113.519,22.14099],[113.51917,22.14104]],[[113.51824,22.155],[113.51827,22.15528],[113.51831,22.15539],[113.51842,22.15555]],[[113.52177,22.15256],[113.52148,22.15263],[113.52061,22.15292],[113.52017,22.15314],[113.51962,22.15351],[113.51931,22.15378],[113.51879,22.15434],[113.51824,22.155]],[[113.51952,22.21076],[113.51932,22.21059],[113.51903,22.21044],[113.51874,22.21036],[113.51842,22.21034]],[[113.51842,22.21034],[113.51814,22.21043],[113.51787,22.21061],[113.51776,22.2108],[113.51773,22.21107],[113.51784,22.21132],[113.51808,22.2115],[113.5183,22.21155],[113.51845,22.21154],[113.51862,22.21148]],[[113.51842,22.21034],[113.51812,22.21037],[113.51776,22.21058],[113.51752,22.21087],[113.51743,22.21104],[113.51741,22.21124],[113.51744,22.2114],[113.51754,22.21154],[113.51778,22.2117],[113.51805,22.2117],[113.5185,22.21156]],[[113.5185,22.21156],[113.51862,22.21148]],[[113.51862,22.21148],[113.51926,22.21104]],[[113.51862,22.21148],[113.5192,22.21121],[113.51971,22.21089],[113.51996,22.21078]],[[113.53001,22.12668],[113.52426,22.1267],[113.5227,22.12666],[113.52163,22.12657],[113.5209,22.12647],[113.51889,22.12607]],[[113.51894,22.12589],[113.51973,22.12609],[113.52095,22.12631],[113.5217,22.12641],[113.52286,22.12651],[113.52385,22.12655],[113.53003,22.12659]],[[113.51917,22.14104],[113.52012,22.14109],[113.52313,22.14106],[113.52391,22.14113],[113.52476,22.14127]],[[113.51926,22.21104],[113.52007,22.21038],[113.52046,22.21001],[113.52063,22.2098],[113.52096,22.20926],[113.5211,22.2089],[113.52114,22.20869],[113.52113,22.20848],[113.521,22.20822],[113.51972,22.20677]],[[113.51926,22.21104],[113.52036,22.21025],[113.52119,22.20954]],[[113.52033,22.21082],[113.51939,22.21143]],[[113.52003,22.21151],[113.51993,22.21141],[113.51974,22.21133],[113.51939,22.21143]],[[113.51972,22.20677],[113.51947,22.20651]],[[113.51969,22.20635],[113.52065,22.20742]],[[113.52203,22.20899],[113.52078,22.20787],[113.51972,22.20677]],[[113.51996,22.21078],[113.52165,22.2098],[113.52228,22.20938]],[[113.52203,22.21332],[113.52156,22.2131],[113.52089,22.21254],[113.52003,22.21151]],[[113.52003,22.21151],[113.52005,22.21141],[113.52012,22.21134],[113.52031,22.21133]],[[113.52203,22.21332],[113.52122,22.21272],[113.52097,22.21248],[113.52018,22.21153]],[[113.52028,22.21148],[113.52074,22.21207],[113.52106,22.21243],[113.52151,22.2128],[113.522,22.21311]],[[113.52031,22.21133],[113.52107,22.21229],[113.52126,22.21249],[113.522,22.21311]],[[113.52033,22.21082],[113.52024,22.2111],[113.52031,22.21133]],[[113.52132,22.21026],[113.52033,22.21082]],[[113.52626,22.19093],[113.52617,22.19072],[113.52555,22.18983],[113.52418,22.18811],[113.52375,22.18763],[113.52335,22.18705],[113.52268,22.18572],[113.52207,22.18419],[113.52143,22.18278],[113.5214,22.18264],[113.52053,22.18062]],[[113.52062,22.18058],[113.52146,22.18256],[113.52157,22.18272]],[[113.52065,22.20742],[113.52182,22.20842],[113.52243,22.2089]],[[113.52065,22.20742],[113.52123,22.20801],[113.52225,22.20893]],[[113.52119,22.20954],[113.52138,22.20962],[113.52161,22.20962],[113.52186,22.20954],[113.52221,22.20933]],[[113.52185,22.20907],[113.52167,22.20897],[113.5215,22.20891],[113.52134,22.20892],[113.52118,22.20899],[113.5211,22.20907],[113.52104,22.20924],[113.52108,22.20942],[113.52119,22.20954]],[[113.52119,22.20954],[113.5215,22.20929],[113.52185,22.20907]],[[113.52244,22.2095],[113.52225,22.20966],[113.52132,22.21026]],[[113.5271,22.21191],[113.52612,22.21156],[113.52496,22.21108],[113.52448,22.21086],[113.5229,22.20998],[113.52266,22.20988],[113.52234,22.20984],[113.52212,22.20986],[113.52132,22.21026]],[[113.52135,22.18208],[113.52153,22.18254],[113.52157,22.18272]],[[113.52157,22.18272],[113.52293,22.18588],[113.52352,22.18708],[113.52387,22.18758],[113.5259,22.19006],[113.52648,22.19094]],[[113.52677,22.1524],[113.52289,22.15241],[113.5223,22.15247],[113.52177,22.15256]],[[113.52235,22.15259],[113.52215,22.15255],[113.52177,22.15256]],[[113.52221,22.20933],[113.52185,22.20907]],[[113.52185,22.20907],[113.52203,22.20899]],[[113.522,22.21311],[113.52265,22.21343]],[[113.52246,22.21353],[113.52203,22.21332]],[[113.52234,22.20923],[113.52203,22.20899]],[[113.52203,22.20899],[113.52225,22.20893]],[[113.52221,22.20933],[113.52234,22.20923]],[[113.52225,22.20893],[113.52249,22.20913]],[[113.52225,22.20893],[113.52243,22.2089]],[[113.52228,22.20938],[113.52241,22.20928]],[[113.52234,22.20923],[113.52249,22.20913]],[[113.52248,22.20934],[113.52236,22.20944]],[[113.52241,22.20928],[113.52254,22.20917]],[[113.52243,22.2089],[113.52261,22.20904]],[[113.52243,22.2089],[113.5228,22.20891]],[[113.52482,22.21085],[113.52367,22.21028],[113.52244,22.2095]],[[113.52256,22.2094],[113.52244,22.2095]],[[113.53139,22.21539],[113.52395,22.21392],[113.52335,22.21382],[113.52246,22.21353]],[[113.52462,22.21416],[113.52314,22.21384],[113.52275,22.21369],[113.52246,22.21353]],[[113.52261,22.20923],[113.52248,22.20934]],[[113.52249,22.20913],[113.52261,22.20904]],[[113.52254,22.20917],[113.52265,22.20907]],[[113.52482,22.21085],[113.5236,22.21013],[113.52256,22.2094]],[[113.52269,22.20929],[113.52256,22.2094]],[[113.52261,22.20904],[113.5228,22.20891]],[[113.52273,22.20913],[113.52261,22.20923]],[[113.52265,22.20907],[113.52282,22.20891]],[[113.52265,22.21343],[113.52335,22.21355],[113.52517,22.21373],[113.5253,22.21361],[113.5256,22.21225],[113.52566,22.21208],[113.52582,22.21183]],[[113.52265,22.21343],[113.52287,22.21352]],[[113.52269,22.20929],[113.52344,22.20984],[113.52464,22.2106],[113.52579,22.21119],[113.52716,22.2118]],[[113.52281,22.20919],[113.52269,22.20929]],[[113.52295,22.20894],[113.52273,22.20913]],[[113.5228,22.20891],[113.52292,22.20883]],[[113.52281,22.20919],[113.52348,22.20961],[113.52372,22.20966],[113.52394,22.20962]],[[113.52307,22.20897],[113.52281,22.20919]],[[113.52283,22.23511],[113.52304,22.235],[113.5233,22.23476]],[[113.52287,22.21352],[113.52414,22.21371],[113.52472,22.21383]],[[113.52287,22.21352],[113.52318,22.21364],[113.52354,22.21373],[113.52569,22.21411],[113.53144,22.21526]],[[113.52292,22.20883],[113.52405,22.20783],[113.5255,22.20647],[113.52585,22.20608],[113.52615,22.20564],[113.52756,22.20325],[113.52879,22.20076],[113.52897,22.20029],[113.52911,22.19935]],[[113.52383,22.20817],[113.52295,22.20894]],[[113.52346,22.23494],[113.52318,22.2352],[113.52307,22.2354]],[[113.52307,22.20897],[113.5235,22.20918],[113.52394,22.20962]],[[113.52383,22.20817],[113.52372,22.20834],[113.52312,22.20893]],[[113.52382,22.20869],[113.5235,22.2087],[113.52312,22.20893]],[[113.52346,22.23494],[113.52336,22.23494],[113.52329,22.23491],[113.52327,22.23485],[113.5233,22.23476]],[[113.5233,22.23476],[113.52583,22.23236],[113.5265,22.23158],[113.52754,22.23014]],[[113.52772,22.23023],[113.52667,22.23171],[113.52596,22.23256],[113.52346,22.23494]],[[113.52399,22.20958],[113.52415,22.20945],[113.52422,22.20932],[113.52423,22.20904],[113.52416,22.2089],[113.52405,22.20878],[113.52382,22.20869]],[[113.52382,22.20869],[113.52375,22.20895],[113.52376,22.20916],[113.52383,22.20934],[113.52399,22.20958]],[[113.52646,22.2054],[113.52626,22.20583],[113.52577,22.20656],[113.52424,22.20804],[113.52405,22.20828],[113.52382,22.20869]],[[113.52646,22.2054],[113.52595,22.20616],[113.52565,22.2065],[113.52502,22.20715],[113.52383,22.20817]],[[113.52394,22.20962],[113.52465,22.21043],[113.52496,22.21068],[113.52526,22.21085]],[[113.52399,22.20958],[113.52469,22.21041],[113.52493,22.21063],[113.52526,22.21085]],[[113.54088,22.10883],[113.53939,22.108],[113.53645,22.10665],[113.52985,22.10373],[113.52888,22.10334],[113.52764,22.1029],[113.52558,22.10225],[113.52434,22.10182]],[[113.52435,22.10163],[113.52531,22.10196],[113.52581,22.1021],[113.52775,22.10277],[113.52943,22.10343],[113.53224,22.10465],[113.53881,22.10759],[113.53955,22.10794],[113.54048,22.10845]],[[113.52476,22.14127],[113.5253,22.1414]],[[113.52476,22.14127],[113.52497,22.14119],[113.52508,22.14108],[113.52513,22.14124],[113.5253,22.1414]],[[113.5271,22.21191],[113.52545,22.21117],[113.52482,22.21085]],[[113.52526,22.21085],[113.52716,22.2118]],[[113.5253,22.1414],[113.52592,22.14159],[113.52651,22.14181]],[[113.5257,22.15222],[113.5327,22.15223]],[[113.5257,22.15222],[113.52684,22.15209]],[[113.52677,22.1524],[113.52583,22.15248]],[[113.52626,22.19093],[113.52596,22.19058]],[[113.52626,22.19045],[113.52639,22.19068],[113.52648,22.19094]],[[113.52908,22.19623],[113.52896,22.19559],[113.52871,22.195],[113.52807,22.19392],[113.52767,22.19333],[113.52626,22.19093]],[[113.52922,22.19937],[113.52908,22.2003],[113.52804,22.20263],[113.52646,22.2054]],[[113.52648,22.19094],[113.52777,22.19326],[113.52817,22.19386],[113.52883,22.19499],[113.529,22.19535],[113.52909,22.19562],[113.52918,22.19621]],[[113.52651,22.14181],[113.52668,22.14177],[113.52676,22.14167],[113.52681,22.14184],[113.52693,22.14197]],[[113.52651,22.14181],[113.52693,22.14197]],[[113.53312,22.15237],[113.53065,22.1524],[113.52677,22.1524]],[[113.52693,22.14197],[113.52776,22.14229]],[[113.5318,22.21399],[113.5271,22.21191]],[[113.52716,22.2118],[113.53191,22.21389]],[[113.5351,22.23345],[113.52821,22.23589],[113.52722,22.23643]],[[113.52745,22.22954],[113.52772,22.2296],[113.52802,22.22952]],[[113.52754,22.23014],[113.52754,22.22991],[113.52747,22.22968]],[[113.52754,22.23014],[113.52802,22.22952]],[[113.52813,22.22971],[113.52772,22.23023]],[[113.52815,22.23021],[113.52796,22.23017],[113.52772,22.23023]],[[113.52802,22.22952],[113.53143,22.22493],[113.53253,22.22338],[113.53383,22.22168]],[[113.52813,22.22971],[113.5281,22.22991],[113.52815,22.23009]],[[113.534,22.22178],[113.53267,22.22357],[113.53123,22.22557],[113.53027,22.22682],[113.52927,22.22821],[113.52813,22.22971]],[[113.52843,22.14255],[113.52896,22.14275]],[[113.53728,22.1441],[113.53231,22.14379],[113.53158,22.14369],[113.53088,22.14353],[113.53028,22.14335],[113.52844,22.14268]],[[113.52896,22.14275],[113.5294,22.14292]],[[113.52896,22.14275],[113.52912,22.14271],[113.52924,22.14253],[113.52927,22.14276],[113.5294,22.14292]],[[113.52904,22.23552],[113.53247,22.23427]],[[113.52934,22.18559],[113.52941,22.18574],[113.52952,22.18579],[113.52958,22.18575],[113.52954,22.18558]],[[113.52934,22.18559],[113.52942,22.18579],[113.52952,22.18592],[113.52973,22.18609],[113.53,22.18641],[113.53033,22.18668],[113.5308,22.18698],[113.531,22.18716],[113.53255,22.18937]],[[113.52997,22.18151],[113.5296,22.18199],[113.52929,22.18254],[113.52912,22.18294],[113.52901,22.18333],[113.52897,22.18385],[113.529,22.18428],[113.52908,22.18462],[113.52927,22.18517],[113.52934,22.18559]],[[113.5294,22.14292],[113.53053,22.14334]],[[113.53282,22.18962],[113.53108,22.18711],[113.53086,22.18691],[113.53016,22.18645],[113.5299,22.18615],[113.52954,22.18558]],[[113.52954,22.18558],[113.5292,22.18475],[113.52911,22.18443],[113.52905,22.18399],[113.52908,22.18344],[113.52918,22.18302],[113.52948,22.18232],[113.52975,22.18191],[113.53012,22.18146]],[[113.53222,22.17976],[113.53181,22.18011],[113.53148,22.18034],[113.53086,22.18063],[113.53051,22.18084],[113.53026,22.18111],[113.52997,22.18151]],[[113.53229,22.17991],[113.53217,22.18008],[113.53191,22.18031],[113.53094,22.18072],[113.53065,22.18091],[113.52997,22.18151]],[[113.53012,22.18146],[113.531,22.18083],[113.53174,22.18054],[113.53199,22.1804],[113.53237,22.18003]],[[113.53012,22.18146],[113.53049,22.1813],[113.53089,22.18098],[113.53108,22.18087],[113.53188,22.18057],[113.53256,22.18019]],[[113.53053,22.14334],[113.53111,22.14349]],[[113.53053,22.14334],[113.5308,22.14324],[113.5309,22.1431],[113.53093,22.14329],[113.53111,22.14349]],[[113.53111,22.14349],[113.53192,22.14363],[113.53278,22.1437]],[[113.53635,22.21684],[113.53563,22.21654],[113.53384,22.21594],[113.53252,22.21562],[113.53139,22.21539]],[[113.53164,22.21562],[113.53146,22.21553],[113.53139,22.21539]],[[113.53139,22.21539],[113.53144,22.21526]],[[113.53144,22.21526],[113.53255,22.21548],[113.53418,22.21587]],[[113.53144,22.21526],[113.5315,22.21514],[113.53149,22.21476],[113.53173,22.21408],[113.5318,22.21399]],[[113.53162,22.15209],[113.5319,22.15214],[113.53248,22.15216],[113.5327,22.15223]],[[113.53495,22.21543],[113.5318,22.21399]],[[113.5318,22.21399],[113.53191,22.21389]],[[113.53182,22.12659],[113.53439,22.12659]],[[113.53908,22.12676],[113.53509,22.12674],[113.53183,22.12669]],[[113.53191,22.21389],[113.53446,22.21502]],[[113.53191,22.21389],[113.53214,22.21386],[113.5323,22.21389],[113.53284,22.21412],[113.53389,22.21462],[113.53446,22.21502]],[[113.53222,22.17976],[113.53229,22.17991]],[[113.53377,22.17699],[113.53294,22.17831],[113.53226,22.17914],[113.53217,22.17948],[113.53222,22.17976]],[[113.53241,22.17968],[113.53222,22.17976]],[[113.53229,22.17991],[113.53237,22.18003]],[[113.53241,22.17968],[113.53229,22.17991]],[[113.53237,22.18003],[113.53256,22.18019]],[[113.53237,22.18003],[113.53256,22.17969]],[[113.53377,22.17699],[113.53241,22.17968]],[[113.53256,22.17969],[113.53241,22.17968]],[[113.53247,22.23427],[113.53256,22.23406],[113.53255,22.23391]],[[113.53247,22.23427],[113.53309,22.23405]],[[113.53255,22.18937],[113.53272,22.18956],[113.53282,22.18962]],[[113.53255,22.18937],[113.53259,22.18952],[113.53255,22.18967],[113.53248,22.18976],[113.53227,22.18989],[113.53224,22.18994],[113.53225,22.19001],[113.53485,22.19325]],[[113.53256,22.18019],[113.53284,22.18032],[113.53314,22.18035],[113.53343,22.18029],[113.53376,22.18009]],[[113.53256,22.18019],[113.53292,22.18001]],[[113.53277,22.1797],[113.53256,22.17969]],[[113.53256,22.17969],[113.5339,22.17704]],[[113.53269,22.23393],[113.53309,22.23405]],[[113.5327,22.15223],[113.53379,22.1522],[113.5345,22.1521]],[[113.53312,22.17973],[113.53277,22.1797]],[[113.53292,22.18001],[113.53299,22.17994],[113.533,22.17985],[113.53292,22.17977],[113.53277,22.1797]],[[113.53278,22.1437],[113.5339,22.14378]],[[113.53278,22.1437],[113.53312,22.14364],[113.53325,22.14357],[113.53334,22.14347],[113.5334,22.14334]],[[113.53489,22.19285],[113.53472,22.19253],[113.53384,22.1911],[113.53282,22.18962]],[[113.533,22.17999],[113.53361,22.17981],[113.53388,22.17978],[113.5349,22.17978],[113.53564,22.17987]],[[113.533,22.17999],[113.53316,22.17999],[113.53354,22.18009],[113.53376,22.18009]],[[113.53305,22.12651],[113.53331,22.12654],[113.53403,22.12654],[113.53439,22.12659]],[[113.53309,22.23405],[113.53466,22.23353],[113.538,22.23233],[113.54147,22.23088],[113.54177,22.23072],[113.5427,22.23015]],[[113.53366,22.15281],[113.5336,22.15262],[113.53354,22.15255],[113.53345,22.15247],[113.53312,22.15237]],[[113.53428,22.15232],[113.53312,22.15237]],[[113.53589,22.17984],[113.53538,22.17976],[113.53475,22.1797],[113.5342,22.1797],[113.53351,22.17974],[113.53312,22.17973]],[[113.53371,22.17953],[113.53357,22.17955],[113.53312,22.17973]],[[113.53359,22.14324],[113.53361,22.14351],[113.53366,22.14361],[113.53371,22.14368],[113.5339,22.14378]],[[113.53522,22.17966],[113.53478,22.17962],[113.534,22.17961],[113.53371,22.17953]],[[113.53371,22.17953],[113.5335,22.17938],[113.53337,22.17923],[113.53329,22.17905],[113.53326,22.17879],[113.5333,22.17857],[113.5339,22.17704]],[[113.53605,22.17981],[113.53536,22.17962],[113.53461,22.1795],[113.53371,22.17953]],[[113.53376,22.18009],[113.53399,22.17994],[113.53428,22.17986],[113.5351,22.17988]],[[113.53376,22.18009],[113.53409,22.17997],[113.53447,22.17991],[113.53547,22.17995],[113.53562,22.17999]],[[113.53951,22.16549],[113.53898,22.1667],[113.53377,22.17699]],[[113.53428,22.15232],[113.53392,22.15248],[113.53386,22.15255],[113.53379,22.15284]],[[113.53383,22.22168],[113.53386,22.22145],[113.53376,22.22128],[113.53399,22.22132],[113.53417,22.22123]],[[113.53383,22.22168],[113.53417,22.22123]],[[113.5339,22.14378],[113.53511,22.14385]],[[113.5339,22.17704],[113.53912,22.16676],[113.53965,22.16554]],[[113.53433,22.22132],[113.534,22.22178]],[[113.53455,22.22177],[113.53427,22.22169],[113.53412,22.22171],[113.534,22.22178]],[[113.53417,22.22123],[113.53684,22.21762]],[[113.53418,22.21587],[113.53726,22.21708]],[[113.53418,22.21587],[113.53331,22.21546],[113.53206,22.21507],[113.53189,22.21491],[113.53186,22.21471],[113.53188,22.21463],[113.53194,22.21455],[113.53206,22.21446],[113.5322,22.21443],[113.53243,22.21445],[113.53399,22.21512],[113.53495,22.21543]],[[113.53556,22.15198],[113.53492,22.1522],[113.53428,22.15232]],[[113.53433,22.22132],[113.53429,22.22144],[113.5343,22.22154],[113.5344,22.22168]],[[113.53695,22.21768],[113.53653,22.21831],[113.53433,22.22132]],[[113.53439,22.12659],[113.5391,22.12658]],[[113.53446,22.21502],[113.53553,22.21549],[113.53619,22.21586],[113.53697,22.21619],[113.53783,22.2165],[113.53896,22.21684]],[[113.5345,22.1521],[113.53495,22.15187]],[[113.5345,22.1521],[113.5351,22.15195],[113.53581,22.15171],[113.53631,22.15142],[113.5368,22.15106],[113.53731,22.15063],[113.53798,22.14981],[113.53832,22.14919],[113.53851,22.14862],[113.53864,22.14809],[113.53875,22.14738],[113.53887,22.14624]],[[113.53489,22.19285],[113.53482,22.19312],[113.53483,22.1932]],[[113.53503,22.19313],[113.53497,22.19309],[113.5349,22.19309],[113.53484,22.19313],[113.53483,22.1932]],[[113.53485,22.19325],[113.53504,22.19348],[113.53514,22.19367],[113.53524,22.19398],[113.53532,22.19405]],[[113.53503,22.19313],[113.53489,22.19285]],[[113.53891,22.21696],[113.53794,22.21668],[113.53692,22.2163],[113.53495,22.21543]],[[113.53545,22.19395],[113.53503,22.19313]],[[113.54285,22.23018],[113.5418,22.2308],[113.54151,22.23094],[113.53754,22.2326],[113.5351,22.23345]],[[113.53532,22.23374],[113.53529,22.23359],[113.53524,22.23351],[113.5351,22.23345]],[[113.5351,22.17988],[113.53542,22.17991],[113.53562,22.17999]],[[113.5351,22.17988],[113.53564,22.17987]],[[113.53511,22.14385],[113.53736,22.144]],[[113.53511,22.14385],[113.53562,22.14383]],[[113.53517,22.14379],[113.53562,22.14383]],[[113.53605,22.17981],[113.53522,22.17966]],[[113.53589,22.17984],[113.53522,22.17966]],[[113.53532,22.19405],[113.53551,22.19415],[113.53563,22.1943]],[[113.53532,22.19405],[113.53539,22.19403],[113.53545,22.19395]],[[113.53563,22.1943],[113.53545,22.19395]],[[113.53647,22.15151],[113.53605,22.15175],[113.53556,22.15198]],[[113.53617,22.15209],[113.53591,22.15198],[113.53556,22.15198]],[[113.53562,22.14383],[113.53652,22.14388],[113.53762,22.14376],[113.53829,22.14389]],[[113.53562,22.17999],[113.53583,22.18011],[113.53603,22.18028],[113.53621,22.18047],[113.53661,22.18105],[113.53701,22.18134]],[[113.53646,22.19649],[113.53623,22.19555],[113.53563,22.1943]],[[113.53564,22.17987],[113.53622,22.18002],[113.53723,22.18052]],[[113.53733,22.18049],[113.53656,22.18008],[113.53589,22.17984]],[[113.53758,22.18047],[113.53739,22.18042],[113.53649,22.17996],[113.53605,22.17981]],[[113.53647,22.15151],[113.53629,22.15174],[113.53626,22.15185],[113.53632,22.152]],[[113.53944,22.13725],[113.53912,22.13735],[113.53886,22.13733],[113.53872,22.13727],[113.53826,22.13692],[113.53797,22.13678],[113.53781,22.13674],[113.53689,22.1367],[113.53634,22.13663]],[[113.53718,22.21718],[113.53635,22.21684]],[[113.53684,22.21762],[113.53693,22.21738],[113.53692,22.21727],[113.53685,22.21715],[113.53635,22.21684]],[[113.53668,22.19758],[113.53646,22.19649]],[[113.53646,22.19649],[113.53663,22.19744],[113.53668,22.19758]],[[113.53926,22.14482],[113.53922,22.14518],[113.53909,22.14582],[113.53882,22.14794],[113.53867,22.14856],[113.53846,22.14919],[113.53819,22.14976],[113.53788,22.15023],[113.53694,22.15121],[113.53647,22.15151]],[[113.53691,22.19878],[113.53668,22.19758]],[[113.53684,22.21762],[113.53718,22.21718]],[[113.54109,22.20323],[113.53845,22.2026],[113.53826,22.20251],[113.53805,22.20234],[113.53785,22.202],[113.53691,22.19878]],[[113.53691,22.19878],[113.53693,22.19908],[113.53778,22.20198],[113.538,22.20247],[113.53818,22.2026],[113.54108,22.20329]],[[113.53728,22.21722],[113.53695,22.21768]],[[113.53758,22.21734],[113.5372,22.21745],[113.53695,22.21768]],[[113.53701,22.18134],[113.53722,22.18145]],[[113.53758,22.18047],[113.53721,22.18059],[113.53703,22.18069],[113.53691,22.1808],[113.53685,22.18096],[113.53685,22.1811],[113.53691,22.18123],[113.53701,22.18134]],[[113.53714,22.18416],[113.53728,22.18411],[113.53739,22.18411],[113.53752,22.18417],[113.53759,22.18426]],[[113.53722,22.18145],[113.53771,22.18157],[113.53803,22.18159]],[[113.53722,22.18145],[113.53745,22.1816],[113.53753,22.18172],[113.53756,22.18184],[113.53756,22.18382],[113.53759,22.18426]],[[113.53907,22.14419],[113.53728,22.1441]],[[113.53855,22.1477],[113.53838,22.14683],[113.53827,22.14644],[113.5381,22.14609],[113.53729,22.14474],[113.5372,22.14453],[113.53719,22.1443],[113.53728,22.1441]],[[113.53758,22.21734],[113.53728,22.21722]],[[113.53736,22.21712],[113.53995,22.2182],[113.54169,22.21873],[113.54572,22.21935],[113.5468,22.21949]],[[113.53736,22.144],[113.53907,22.14408]],[[113.53736,22.144],[113.53755,22.14388],[113.53769,22.14385],[113.53788,22.14384],[113.53829,22.14389]],[[113.53861,22.18096],[113.53857,22.18081],[113.5385,22.18068],[113.53826,22.18048],[113.53799,22.18043],[113.53758,22.18047]],[[113.54678,22.21959],[113.54185,22.21888],[113.53972,22.21823],[113.53758,22.21734]],[[113.53759,22.18426],[113.53759,22.18651],[113.53763,22.18719],[113.5378,22.18818],[113.538,22.18881],[113.53818,22.18923]],[[113.53801,22.1838],[113.53781,22.1838],[113.53767,22.18371]],[[113.53834,22.18938],[113.53807,22.18879],[113.53793,22.18839],[113.53781,22.1879],[113.5377,22.18719],[113.53766,22.18651],[113.53767,22.18371]],[[113.53767,22.18371],[113.53768,22.18176],[113.53774,22.18166],[113.53803,22.18159]],[[113.53784,22.18912],[113.53818,22.18923]],[[113.53803,22.18159],[113.53835,22.18148]],[[113.53818,22.18923],[113.53826,22.18937]],[[113.53826,22.18937],[113.53869,22.19006]],[[113.53829,22.14389],[113.53908,22.14395]],[[113.53829,22.14389],[113.53908,22.14401]],[[113.53852,22.18946],[113.53834,22.18938]],[[113.53913,22.19049],[113.53867,22.18992],[113.53834,22.18938]],[[113.53835,22.18148],[113.53846,22.18139],[113.53858,22.1812],[113.53861,22.18096]],[[113.53835,22.18148],[113.5386,22.18142],[113.53871,22.18143],[113.53926,22.18172]],[[113.5386,22.18127],[113.53956,22.18178],[113.5401,22.18202],[113.54101,22.18233],[113.542,22.18257]],[[113.54118,22.1823],[113.54035,22.18196],[113.53941,22.18152],[113.53876,22.18117],[113.53861,22.18096]],[[113.53869,22.19006],[113.53862,22.19024]],[[113.54118,22.1823],[113.54057,22.18211],[113.53985,22.18182],[113.53863,22.18121]],[[113.53869,22.19006],[113.53913,22.19059]],[[113.53887,22.14624],[113.53879,22.14586]],[[113.53887,22.14624],[113.53896,22.14545]],[[113.53892,22.19068],[113.53903,22.19066],[113.53913,22.19059]],[[113.53896,22.14545],[113.53907,22.14419]],[[113.53896,22.14545],[113.5391,22.14483],[113.53926,22.14482]],[[113.53904,22.13654],[113.53924,22.1365],[113.53936,22.1364],[113.5395,22.13603]],[[113.53931,22.14419],[113.53907,22.14419]],[[113.53907,22.14408],[113.53931,22.14408]],[[113.5391,22.12658],[113.53915,22.1266],[113.53918,22.12668],[113.53917,22.12671],[113.53908,22.12676]],[[113.53908,22.14401],[113.5393,22.14403]],[[113.53908,22.14395],[113.53928,22.14396]],[[113.53908,22.14395],[113.53925,22.14099]],[[113.5391,22.12658],[113.53999,22.12659]],[[113.5391,22.12658],[113.5395,22.1265],[113.53972,22.12637],[113.53993,22.12614],[113.54002,22.12591]],[[113.53913,22.19059],[113.53935,22.19086],[113.53938,22.19094],[113.53939,22.19111]],[[113.53969,22.19088],[113.53933,22.1907],[113.53913,22.19049]],[[113.53925,22.14099],[113.53919,22.14082],[113.5392,22.14054],[113.53916,22.14036]],[[113.53999,22.12677],[113.5392,22.12676]],[[113.53996,22.12754],[113.5399,22.12727],[113.53973,22.12701],[113.53957,22.12689],[113.5392,22.12676]],[[113.53922,22.13921],[113.53938,22.13853]],[[113.53944,22.13723],[113.53923,22.13726]],[[113.53925,22.14099],[113.53938,22.13853]],[[113.53928,22.14468],[113.53926,22.14482]],[[113.53926,22.18172],[113.54021,22.18213]],[[113.53931,22.14419],[113.53928,22.14468]],[[113.54215,22.14434],[113.54193,22.14441],[113.5418,22.14442],[113.54017,22.14431],[113.53964,22.1443],[113.53938,22.14447],[113.53928,22.14468]],[[113.53948,22.14006],[113.53926,22.14386],[113.53928,22.14396]],[[113.5393,22.14403],[113.53946,22.14403]],[[113.53931,22.14408],[113.53951,22.14408]],[[113.54215,22.14434],[113.54179,22.14428],[113.53931,22.14419]],[[113.53938,22.13853],[113.53944,22.13725]],[[113.53939,22.19111],[113.53945,22.19129],[113.53993,22.19175]],[[113.53969,22.19088],[113.53958,22.19089],[113.53948,22.19094],[113.53939,22.19111]],[[113.53941,22.14396],[113.5412,22.14403],[113.54146,22.144],[113.5416,22.14392],[113.54178,22.14363],[113.5419,22.14158]],[[113.53944,22.13723],[113.5395,22.13603]],[[113.53946,22.14403],[113.54027,22.1441]],[[113.53948,22.14006],[113.53954,22.1403],[113.53953,22.14057],[113.53958,22.14071]],[[113.53957,22.13842],[113.53948,22.14006]],[[113.53963,22.13711],[113.5395,22.13723]],[[113.5395,22.13603],[113.53989,22.12958]],[[113.54014,22.16174],[113.54022,22.16192],[113.54025,22.16205],[113.54023,22.16224],[113.53988,22.16377],[113.53963,22.16458],[113.53957,22.16485],[113.53951,22.16549]],[[113.5399,22.16405],[113.53964,22.16491],[113.53959,22.16525],[113.53951,22.16549]],[[113.53951,22.14408],[113.54027,22.1441]],[[113.53951,22.14408],[113.53969,22.14414],[113.54227,22.14424]],[[113.53963,22.13717],[113.53957,22.13842]],[[113.53972,22.13793],[113.53965,22.13812],[113.53964,22.13831],[113.53957,22.13842]],[[113.54202,22.13708],[113.54184,22.13699],[113.5417,22.13697],[113.54051,22.13689],[113.54011,22.13694],[113.53963,22.13717]],[[113.53974,22.13518],[113.53963,22.13711]],[[113.54211,22.13689],[113.54037,22.13683],[113.54003,22.1369],[113.53963,22.13711]],[[113.53965,22.16554],[113.54001,22.16476],[113.54022,22.16409]],[[113.53965,22.16554],[113.53996,22.16511],[113.54014,22.16472],[113.54039,22.16388],[113.54066,22.16273]],[[113.54028,22.19134],[113.53985,22.19094],[113.53969,22.19088]],[[113.53972,22.1301],[113.53989,22.12958]],[[113.54188,22.13707],[113.54077,22.13698],[113.54038,22.13698],[113.54018,22.13705],[113.53991,22.13721],[113.53979,22.13735],[113.53974,22.13747]],[[113.54188,22.13707],[113.5417,22.13703],[113.54034,22.13696],[113.53991,22.1371],[113.5398,22.1372],[113.53974,22.13731]],[[113.53974,22.13518],[113.53984,22.13569]],[[113.53977,22.13487],[113.53974,22.13518]],[[113.53988,22.13283],[113.53977,22.13487]],[[113.53994,22.13427],[113.53977,22.13487]],[[113.53988,22.13283],[113.53994,22.13304],[113.53993,22.13339],[113.53996,22.13363]],[[113.54017,22.12762],[113.53988,22.13283]],[[113.53989,22.12958],[113.53995,22.12762]],[[113.53993,22.19175],[113.54015,22.19182],[113.54033,22.19175]],[[113.53993,22.19175],[113.54034,22.1921],[113.54116,22.1925],[113.54168,22.19267],[113.54225,22.19278]],[[113.53995,22.12762],[113.54002,22.12754],[113.54009,22.12752],[113.54017,22.12762]],[[113.53996,22.12754],[113.53999,22.12677]],[[113.53999,22.12677],[113.53999,22.12659]],[[113.54021,22.12673],[113.53999,22.12677]],[[113.53999,22.12659],[113.54012,22.12662],[113.54021,22.12668]],[[113.53999,22.12659],[113.54002,22.12591]],[[113.54002,22.12591],[113.54016,22.12506],[113.5402,22.12429],[113.54028,22.12392],[113.54039,22.1236],[113.54053,22.12337],[113.54078,22.12308],[113.54102,22.12288],[113.54159,22.12252]],[[113.54014,22.16174],[113.54024,22.16187],[113.54044,22.16199],[113.5406,22.16201],[113.54083,22.16196]],[[113.54024,22.16121],[113.54011,22.16143],[113.54009,22.16156],[113.54014,22.16174]],[[113.54021,22.12673],[113.54017,22.12762]],[[113.54168,22.12263],[113.54099,22.12311],[113.54064,22.12352],[113.54047,22.12383],[113.54036,22.12425],[113.54022,22.12587],[113.54021,22.12668]],[[113.54021,22.18213],[113.54035,22.18217]],[[113.54102,22.15824],[113.54079,22.15881],[113.54063,22.15942],[113.54046,22.16036],[113.5404,22.16093],[113.54024,22.16121]],[[113.54102,22.16126],[113.54085,22.16113],[113.54064,22.16107],[113.54042,22.1611],[113.54024,22.16121]],[[113.54027,22.1441],[113.5417,22.14415]],[[113.54143,22.19051],[113.54052,22.19135],[113.5404,22.19139],[113.54028,22.19134]],[[113.54033,22.19175],[113.54039,22.19166],[113.54041,22.19154],[113.54038,22.19144],[113.54028,22.19134]],[[113.54115,22.19239],[113.5404,22.19201],[113.54032,22.19188],[113.54033,22.19175]],[[113.54033,22.19175],[113.54147,22.19067]],[[113.54035,22.18217],[113.54071,22.18228]],[[113.54035,22.18217],[113.54052,22.18226],[113.54057,22.18235]],[[113.54048,22.10845],[113.54071,22.10847],[113.54094,22.1084],[113.54107,22.10827],[113.54113,22.10804]],[[113.54048,22.10845],[113.54097,22.1087]],[[113.54066,22.16273],[113.54083,22.16196]],[[113.54066,22.16273],[113.54077,22.16238],[113.54082,22.16227],[113.54091,22.16218],[113.54103,22.16212],[113.54116,22.16211],[113.54129,22.16213],[113.54141,22.16219],[113.54149,22.16229]],[[113.54102,22.15824],[113.5407,22.15954]],[[113.54071,22.18228],[113.54116,22.18241],[113.542,22.18257]],[[113.54088,22.10883],[113.54097,22.1087]],[[113.54091,22.16192],[113.54103,22.1618],[113.54109,22.16169],[113.54111,22.16156],[113.54108,22.16137]],[[113.54091,22.16192],[113.54109,22.16192],[113.54126,22.162],[113.54149,22.16229]],[[113.54096,22.15957],[113.54108,22.15904],[113.54132,22.15833]],[[113.54097,22.1087],[113.54117,22.10836],[113.54113,22.10804]],[[113.54128,22.2103],[113.54117,22.21049],[113.541,22.211]],[[113.54159,22.12252],[113.54474,22.12049],[113.54515,22.12012],[113.54548,22.11964],[113.54575,22.11902],[113.54581,22.1187],[113.54608,22.11573],[113.54625,22.11433],[113.54625,22.11389],[113.54618,22.11333],[113.54605,22.11277],[113.54592,22.11246],[113.54538,22.11166],[113.54516,22.11141],[113.54462,22.11097],[113.541,22.10889]],[[113.54108,22.10876],[113.541,22.10889]],[[113.54102,22.16126],[113.54092,22.16097],[113.541,22.16005],[113.54116,22.15904],[113.54132,22.15833]],[[113.54137,22.15722],[113.54102,22.15824]],[[113.54113,22.10804],[113.54106,22.10782]],[[113.54423,22.16376],[113.54382,22.1638],[113.54342,22.16376],[113.543,22.16361],[113.5425,22.16328],[113.54216,22.16293],[113.54108,22.16137]],[[113.54108,22.20329],[113.54161,22.20342],[113.54215,22.2037],[113.54422,22.2053]],[[113.54108,22.10876],[113.5417,22.10908]],[[113.54135,22.10818],[113.54127,22.10844],[113.54108,22.10876]],[[113.54428,22.20526],[113.54216,22.20363],[113.54163,22.20336],[113.54109,22.20323]],[[113.54115,22.19239],[113.54107,22.1923],[113.5411,22.19213]],[[113.54226,22.19268],[113.5416,22.19254],[113.54115,22.19239]],[[113.54239,22.18255],[113.54118,22.1823]],[[113.54122,22.21098],[113.54133,22.21117]],[[113.54122,22.21049],[113.54116,22.21074],[113.54122,22.21098]],[[113.54128,22.2103],[113.54122,22.21049]],[[113.54125,22.10785],[113.54135,22.10818]],[[113.54126,22.21058],[113.54124,22.21079],[113.54129,22.21097]],[[113.54158,22.20937],[113.54155,22.2097],[113.54126,22.21058]],[[113.54158,22.20937],[113.54128,22.2103]],[[113.54132,22.15833],[113.54195,22.15655],[113.5421,22.15635],[113.54246,22.15603],[113.54253,22.15594],[113.54264,22.15568],[113.54266,22.15542]],[[113.54137,22.21096],[113.54131,22.21078],[113.54133,22.2106]],[[113.54133,22.2106],[113.54162,22.20971],[113.54178,22.20943]],[[113.54133,22.21117],[113.54158,22.21159]],[[113.54134,22.21104],[113.54161,22.21152]],[[113.54135,22.10818],[113.54156,22.10884],[113.5417,22.10908]],[[113.54291,22.1545],[113.54261,22.1547],[113.5424,22.15488],[113.54225,22.15504],[113.542,22.15539],[113.54184,22.15577],[113.54137,22.15722]],[[113.54215,22.15531],[113.54203,22.15553],[113.54137,22.15722]],[[113.54168,22.21149],[113.54138,22.21098]],[[113.54239,22.18255],[113.54162,22.18231],[113.54148,22.18221],[113.54143,22.18214],[113.54141,22.182]],[[113.54144,22.21095],[113.54138,22.21075],[113.54142,22.21054]],[[113.54142,22.21054],[113.54178,22.20943]],[[113.54143,22.19051],[113.54141,22.1906],[113.54147,22.19067]],[[113.54205,22.18992],[113.54143,22.19051]],[[113.54186,22.21167],[113.54144,22.21095]],[[113.54144,22.21095],[113.54725,22.21029]],[[113.54147,22.19067],[113.54219,22.19003]],[[113.54149,22.16229],[113.54216,22.16325],[113.54233,22.16341],[113.54276,22.16373],[113.54301,22.16386],[113.54327,22.16395],[113.54356,22.16401],[113.54434,22.16409]],[[113.54158,22.21159],[113.54174,22.21187]],[[113.54199,22.20809],[113.54158,22.20937]],[[113.54159,22.12252],[113.54168,22.12256],[113.54168,22.12263]],[[113.54161,22.21152],[113.54192,22.21205]],[[113.5417,22.10908],[113.54455,22.1107],[113.54532,22.11136],[113.54574,22.11185],[113.54595,22.11219],[113.54612,22.11255],[113.54625,22.1129],[113.54636,22.11329],[113.5464,22.11407],[113.54597,22.11858],[113.54585,22.11919],[113.54562,22.11972],[113.54546,22.11997],[113.5451,22.12038],[113.54463,22.12075],[113.54168,22.12263]],[[113.54198,22.21202],[113.54168,22.21149]],[[113.54186,22.21167],[113.54171,22.21149],[113.54168,22.21149]],[[113.5417,22.14415],[113.54188,22.14416]],[[113.5417,22.14415],[113.54186,22.14413],[113.54195,22.14407],[113.54203,22.14392],[113.54221,22.14173]],[[113.54174,22.21187],[113.54185,22.21203],[113.54192,22.21205]],[[113.54174,22.21187],[113.54228,22.21281]],[[113.54178,22.20943],[113.54226,22.20794],[113.54241,22.20774],[113.54251,22.20742],[113.54257,22.20708]],[[113.54202,22.21194],[113.54186,22.21167]],[[113.54187,22.20772],[113.54193,22.20776],[113.542,22.20788],[113.54199,22.20809]],[[113.54188,22.14416],[113.54229,22.14422]],[[113.54188,22.14416],[113.54205,22.14405],[113.54216,22.14384],[113.54221,22.14285]],[[113.54219,22.13734],[113.54209,22.13721],[113.54188,22.13707]],[[113.5419,22.14158],[113.54191,22.14143]],[[113.5419,22.14158],[113.54192,22.14148],[113.54198,22.14143],[113.54237,22.14143],[113.54249,22.14147],[113.54253,22.14155],[113.54251,22.14215]],[[113.54191,22.14143],[113.54191,22.14116]],[[113.54191,22.14143],[113.54197,22.14131],[113.54208,22.14127],[113.54275,22.14131],[113.54284,22.14137],[113.54286,22.14144],[113.54283,22.14197],[113.54276,22.14203],[113.54257,22.1421],[113.54251,22.14215]],[[113.54192,22.21205],[113.54232,22.21274]],[[113.54239,22.21271],[113.54198,22.21202]],[[113.54198,22.13987],[113.54201,22.13968]],[[113.54238,22.20699],[113.54234,22.2071],[113.54218,22.2073],[113.54203,22.20776],[113.54206,22.20788],[113.54199,22.20809]],[[113.542,22.18257],[113.54586,22.18331],[113.54623,22.18342],[113.54655,22.18355],[113.54707,22.18388]],[[113.54267,22.13905],[113.54263,22.13962],[113.54254,22.13966],[113.5421,22.13965],[113.54202,22.13959],[113.54201,22.13953]],[[113.54201,22.13968],[113.54201,22.13953]],[[113.54201,22.13953],[113.54208,22.13867],[113.54218,22.13822],[113.54222,22.13747],[113.54219,22.13734]],[[113.54269,22.13884],[113.54275,22.13896],[113.54295,22.13909],[113.543,22.13917],[113.54298,22.1397],[113.54295,22.13979],[113.54209,22.13978],[113.54202,22.13973],[113.54201,22.13968]],[[113.54242,22.13754],[113.5424,22.13738],[113.54231,22.13722],[113.54221,22.13714],[113.54202,22.13708]],[[113.54219,22.13734],[113.54209,22.13715],[113.54202,22.13708]],[[113.54253,22.21283],[113.54202,22.21194]],[[113.54219,22.18979],[113.54205,22.18992]],[[113.54219,22.19003],[113.54219,22.18993],[113.54211,22.1899],[113.54205,22.18992]],[[113.54253,22.13741],[113.54249,22.13718],[113.54238,22.13697],[113.54229,22.13692],[113.54211,22.13689]],[[113.54242,22.13754],[113.54242,22.13715],[113.54233,22.13701],[113.54211,22.13689]],[[113.54291,22.1545],[113.54245,22.15494],[113.54215,22.15531]],[[113.54266,22.15542],[113.54258,22.15526],[113.5424,22.15519],[113.54221,22.15524],[113.54215,22.15531]],[[113.54694,22.14468],[113.54321,22.14445],[113.54215,22.14434]],[[113.54227,22.14424],[113.54215,22.14434]],[[113.54286,22.18851],[113.54286,22.18891],[113.54277,22.18915],[113.54268,22.18929],[113.54219,22.18979]],[[113.54287,22.1892],[113.54244,22.18963],[113.54219,22.18979]],[[113.54219,22.19003],[113.54228,22.18987],[113.54274,22.18944],[113.54297,22.18937]],[[113.54221,22.19108],[113.54236,22.19087],[113.54278,22.19048]],[[113.54225,22.19278],[113.54262,22.19281],[113.54321,22.19277],[113.54342,22.19271],[113.54368,22.19256],[113.54393,22.1923],[113.54405,22.19208],[113.54412,22.19117]],[[113.54399,22.19121],[113.54394,22.19208],[113.54384,22.19224],[113.54361,22.19248],[113.54337,22.19262],[113.54319,22.19268],[113.54262,22.19271],[113.54226,22.19268]],[[113.54227,22.14424],[113.54248,22.14425]],[[113.54228,22.21281],[113.54245,22.21309]],[[113.54229,22.14422],[113.54248,22.14425]],[[113.54251,22.14215],[113.54237,22.144],[113.54229,22.14422]],[[113.54232,22.21274],[113.54263,22.21327]],[[113.54235,22.13903],[113.54235,22.13932],[113.54238,22.13912],[113.54246,22.139],[113.54258,22.13896],[113.54267,22.13905]],[[113.54235,22.13903],[113.54242,22.13754]],[[113.54235,22.13903],[113.54256,22.13838],[113.54263,22.13705],[113.54268,22.13687]],[[113.5432,22.2062],[113.54254,22.20678],[113.54238,22.20699]],[[113.54257,22.20708],[113.54257,22.20702],[113.54253,22.20697],[113.54244,22.20696],[113.54238,22.20699]],[[113.54257,22.21289],[113.54246,22.21275],[113.54239,22.21271]],[[113.54269,22.21324],[113.54239,22.21271]],[[113.54732,22.18393],[113.54683,22.1836],[113.54608,22.18329],[113.54239,22.18255]],[[113.54245,22.21309],[113.54263,22.21327]],[[113.54245,22.21309],[113.54291,22.21389],[113.54316,22.21421]],[[113.54248,22.14425],[113.54342,22.14435],[113.54698,22.14456]],[[113.54249,22.13805],[113.54253,22.13741]],[[113.54253,22.13741],[113.54259,22.13702],[113.54268,22.13687]],[[113.54253,22.21283],[113.54249,22.21268],[113.54253,22.21254],[113.54263,22.21243],[113.54278,22.21237]],[[113.54273,22.21316],[113.54257,22.21289]],[[113.54257,22.20708],[113.54269,22.20687],[113.54332,22.20631]],[[113.54263,22.21327],[113.54316,22.21421]],[[113.54266,22.15542],[113.54278,22.15501],[113.54289,22.15482],[113.54333,22.15436],[113.54608,22.15232]],[[113.54269,22.13884],[113.54267,22.13905]],[[113.54268,22.13687],[113.54282,22.13674],[113.54306,22.13668]],[[113.54364,22.13699],[113.54323,22.13702],[113.54307,22.13708],[113.54291,22.13719],[113.5428,22.13739],[113.54275,22.13761],[113.54269,22.13884]],[[113.54323,22.21417],[113.54269,22.21324]],[[113.5427,22.23015],[113.54297,22.2299],[113.54356,22.22912]],[[113.5427,22.23015],[113.54316,22.22985],[113.5434,22.22975],[113.54404,22.22969]],[[113.54323,22.21417],[113.54309,22.2138],[113.54273,22.21316]],[[113.54315,22.2303],[113.54302,22.23022],[113.54285,22.23018]],[[113.54394,22.22977],[113.54362,22.2298],[113.54342,22.22985],[113.54285,22.23018]],[[113.54286,22.18851],[113.54293,22.1887],[113.54303,22.18882],[113.5433,22.18898]],[[113.54416,22.1884],[113.54411,22.18815],[113.54394,22.18795],[113.54371,22.18782],[113.54344,22.1878],[113.54318,22.18787],[113.54298,22.18804],[113.54287,22.18826],[113.54286,22.18851]],[[113.54884,22.15215],[113.54639,22.15212],[113.54621,22.15215],[113.54605,22.15221],[113.54291,22.1545]],[[113.54391,22.19022],[113.54335,22.18986],[113.54304,22.18955],[113.54297,22.18937]],[[113.54297,22.18937],[113.54299,22.18924],[113.54304,22.18914],[113.5433,22.18898]],[[113.54316,22.21421],[113.54347,22.2147],[113.54385,22.21502],[113.54419,22.21518],[113.54507,22.21541]],[[113.54353,22.20591],[113.5432,22.2062]],[[113.54332,22.20631],[113.54332,22.20621],[113.54326,22.20618],[113.5432,22.2062]],[[113.54394,22.22977],[113.54365,22.22992],[113.54352,22.23003],[113.54338,22.23018],[113.54322,22.23044]],[[113.54614,22.2156],[113.54447,22.21517],[113.544,22.21501],[113.5438,22.21489],[113.54358,22.21469],[113.54323,22.21417]],[[113.5433,22.18898],[113.54346,22.18901],[113.54367,22.18899]],[[113.54332,22.20631],[113.54365,22.20603]],[[113.54332,22.19006],[113.54344,22.19005],[113.54371,22.19027]],[[113.54354,22.20564],[113.54359,22.20579],[113.54353,22.20591]],[[113.54422,22.2053],[113.54353,22.20591]],[[113.54365,22.20603],[113.5439,22.2058]],[[113.54365,22.20603],[113.54382,22.20595],[113.54398,22.20598]],[[113.54367,22.18899],[113.54387,22.18891],[113.54403,22.18877],[113.54413,22.1886],[113.54416,22.1884]],[[113.54367,22.18899],[113.54399,22.18893],[113.54432,22.189]],[[113.54368,22.2291],[113.5437,22.22935],[113.54377,22.22953],[113.54388,22.22963],[113.54404,22.22969]],[[113.54371,22.19027],[113.54399,22.1905],[113.54406,22.19061],[113.54406,22.19077],[113.54398,22.19095],[113.54399,22.19117]],[[113.54416,22.19044],[113.54381,22.19025],[113.54371,22.19027]],[[113.54456,22.19062],[113.54391,22.19022]],[[113.54416,22.19044],[113.54391,22.19022]],[[113.54659,22.22961],[113.54394,22.22977]],[[113.54412,22.19117],[113.54405,22.19115],[113.54399,22.19121]],[[113.54454,22.19067],[113.54433,22.19068],[113.54416,22.19078],[113.54408,22.19088],[113.54399,22.19117]],[[113.54404,22.22969],[113.54658,22.22952]],[[113.54412,22.19116],[113.54411,22.19095],[113.54423,22.19078],[113.54443,22.19071],[113.54464,22.19075]],[[113.54412,22.19116],[113.54415,22.19105],[113.54426,22.19091],[113.54436,22.19085],[113.54456,22.19082]],[[113.54454,22.19067],[113.54416,22.19044]],[[113.54449,22.18862],[113.54427,22.18852],[113.54416,22.1884]],[[113.54422,22.2053],[113.54486,22.2058],[113.54597,22.20763],[113.54634,22.20832]],[[113.54423,22.16376],[113.5442,22.16397],[113.54425,22.16404],[113.54434,22.16409]],[[113.54452,22.16373],[113.54423,22.16376]],[[113.54463,22.20495],[113.54428,22.20526]],[[113.54432,22.189],[113.5455,22.1895]],[[113.54449,22.18862],[113.54432,22.18864],[113.54422,22.18874],[113.54422,22.1889],[113.54432,22.189]],[[113.54434,22.16409],[113.54458,22.16409]],[[113.54645,22.20827],[113.54492,22.20577],[113.54436,22.20533]],[[113.54436,22.20533],[113.54466,22.20506]],[[113.5453,22.18893],[113.54449,22.18862]],[[113.54473,22.16374],[113.54452,22.16373]],[[113.54476,22.16391],[113.54466,22.16379],[113.54452,22.16373]],[[113.5449,22.19055],[113.54476,22.19064],[113.54456,22.19062]],[[113.54458,22.16409],[113.54471,22.16402],[113.54476,22.16391]],[[113.54458,22.16409],[113.54515,22.16406],[113.54607,22.16418]],[[113.54999,22.20015],[113.54974,22.20044],[113.54911,22.20099],[113.54885,22.20128],[113.54823,22.20183],[113.5481,22.20188],[113.54463,22.20495]],[[113.54464,22.19075],[113.54479,22.19083]],[[113.54483,22.19081],[113.54464,22.19071]],[[113.54464,22.18902],[113.54518,22.18929],[113.5455,22.1895]],[[113.54466,22.20506],[113.54906,22.20116],[113.54916,22.20101],[113.54977,22.20047],[113.54999,22.20015]],[[113.5447,22.19084],[113.5448,22.1909],[113.54486,22.19099]],[[113.5483,22.16413],[113.5475,22.16425],[113.54719,22.16424],[113.54554,22.16386],[113.54473,22.16374]],[[113.54476,22.16391],[113.54473,22.16374]],[[113.54479,22.19083],[113.54762,22.19264]],[[113.54767,22.19256],[113.54575,22.19135],[113.54558,22.19128],[113.54483,22.19081]],[[113.54563,22.18894],[113.54485,22.18865]],[[113.54507,22.21541],[113.54628,22.2157],[113.54656,22.21571]],[[113.54507,22.21541],[113.54518,22.21547],[113.54647,22.2158],[113.54733,22.21595]],[[113.54563,22.18894],[113.5453,22.18893]],[[113.54667,22.18944],[113.5453,22.18893]],[[113.5455,22.1895],[113.54577,22.18966],[113.54643,22.18991]],[[113.54693,22.18943],[113.54563,22.18894]],[[113.54607,22.16418],[113.54751,22.16438],[113.54818,22.16435]],[[113.54607,22.16418],[113.54686,22.16438],[113.548,22.16452]],[[113.54608,22.15232],[113.5463,22.15222],[113.54652,22.15219],[113.54873,22.15222]],[[113.54608,22.15232],[113.54632,22.15225],[113.54644,22.15224],[113.54903,22.1523],[113.54941,22.15235],[113.55039,22.15259],[113.55085,22.15262]],[[113.5469,22.21548],[113.5467,22.21558],[113.54652,22.21562],[113.54614,22.2156]],[[113.54656,22.21571],[113.54614,22.2156]],[[113.54715,22.23187],[113.54671,22.23483],[113.54632,22.23776]],[[113.54634,22.20832],[113.54655,22.2087]],[[113.54643,22.18991],[113.54651,22.18993],[113.54665,22.18991],[113.54679,22.18977],[113.5468,22.18958],[113.54667,22.18944]],[[113.54643,22.18991],[113.5492,22.19096]],[[113.54666,22.20865],[113.54645,22.20827]],[[113.54648,22.23536],[113.54687,22.23267],[113.54696,22.23185]],[[113.54655,22.2087],[113.54674,22.20907]],[[113.54656,22.21571],[113.54735,22.21588],[113.54717,22.21577],[113.54712,22.21559]],[[113.54656,22.21571],[113.54686,22.21561]],[[113.54658,22.22952],[113.54688,22.2294],[113.5471,22.22926],[113.54721,22.22913],[113.54736,22.22873]],[[113.54658,22.22952],[113.5473,22.22946]],[[113.54721,22.23011],[113.54712,22.22991],[113.54697,22.22974],[113.54678,22.22965],[113.54659,22.22961]],[[113.54728,22.22957],[113.54659,22.22961]],[[113.54685,22.20902],[113.54666,22.20865]],[[113.54711,22.18961],[113.54667,22.18944]],[[113.54693,22.18943],[113.54667,22.18944]],[[113.5468,22.12908],[113.54669,22.12763],[113.54663,22.12602],[113.54657,22.12587],[113.54648,22.12585],[113.54638,22.1259],[113.54635,22.126],[113.5465,22.12709],[113.54657,22.1274],[113.5467,22.1291]],[[113.54674,22.20907],[113.54686,22.20928]],[[113.54697,22.20924],[113.54685,22.20902]],[[113.54686,22.20928],[113.54711,22.20962]],[[113.54686,22.20928],[113.54733,22.21017],[113.54731,22.21026],[113.54725,22.21029]],[[113.54686,22.21561],[113.54691,22.21567],[113.54699,22.21568],[113.54712,22.21559]],[[113.5469,22.21548],[113.54686,22.21554],[113.54686,22.21561]],[[113.54686,22.21561],[113.54702,22.2155],[113.54747,22.215],[113.54762,22.2149]],[[113.5477,22.21446],[113.54769,22.21465],[113.5476,22.21482],[113.54708,22.21535],[113.5469,22.21548]],[[113.54711,22.18961],[113.54693,22.18943]],[[113.54696,22.23185],[113.54698,22.23147],[113.54718,22.23027]],[[113.54696,22.23185],[113.54699,22.23176],[113.54707,22.23172],[113.54713,22.23175],[113.54715,22.23187]],[[113.54754,22.21028],[113.54697,22.20924]],[[113.54711,22.20962],[113.54697,22.20924]],[[113.54707,22.18388],[113.54888,22.18545],[113.54935,22.18578],[113.54974,22.18601]],[[113.54732,22.18393],[113.54716,22.18386],[113.54707,22.18388]],[[113.54711,22.20962],[113.54737,22.21011],[113.54742,22.2103]],[[113.54928,22.19062],[113.54915,22.19045],[113.54891,22.19032],[113.5487,22.19028],[113.54826,22.19029],[113.54756,22.19008],[113.54749,22.19002],[113.54729,22.18971],[113.54711,22.18961]],[[113.54712,22.21559],[113.54716,22.21545],[113.54762,22.2149]],[[113.54739,22.23029],[113.54715,22.23187]],[[113.54718,22.23027],[113.54721,22.23011]],[[113.54718,22.23027],[113.54724,22.23018],[113.54731,22.23017],[113.54736,22.23021],[113.54739,22.23029]],[[113.54721,22.23011],[113.54728,22.22957]],[[113.54747,22.22956],[113.54728,22.22957]],[[113.5473,22.22946],[113.54736,22.22873]],[[113.5473,22.22946],[113.54748,22.22945]],[[113.55142,22.18653],[113.54979,22.18592],[113.54939,22.1857],[113.54894,22.18539],[113.54867,22.18517],[113.54732,22.18393]],[[113.54736,22.22873],[113.5476,22.22691],[113.54772,22.22643],[113.5482,22.22289],[113.54833,22.22222],[113.54837,22.2218],[113.54838,22.22118]],[[113.54741,22.23008],[113.54739,22.23029]],[[113.54739,22.2103],[113.54751,22.21209],[113.54755,22.21221]],[[113.54747,22.22956],[113.54741,22.23008]],[[113.5481,22.22952],[113.54788,22.2296],[113.54776,22.22968],[113.54741,22.23008]],[[113.54742,22.2103],[113.54745,22.21062]],[[113.5483,22.21085],[113.54816,22.21077],[113.54757,22.21079],[113.54749,22.21072],[113.54745,22.21062]],[[113.54745,22.21062],[113.54751,22.2112]],[[113.5481,22.22952],[113.54747,22.22956]],[[113.5476,22.22859],[113.54748,22.22945]],[[113.54748,22.22945],[113.5482,22.22941]],[[113.54751,22.2112],[113.54757,22.21129],[113.54767,22.21133],[113.5482,22.2113],[113.54829,22.21124],[113.54834,22.21115]],[[113.54751,22.2112],[113.54757,22.21209],[113.54755,22.21221]],[[113.54818,22.21021],[113.54754,22.21028]],[[113.54755,22.21221],[113.54764,22.21351]],[[113.5476,22.22859],[113.54765,22.22895],[113.54773,22.22916],[113.54787,22.22929],[113.5482,22.22941]],[[113.54875,22.22122],[113.54859,22.22158],[113.5484,22.2227],[113.54787,22.22644],[113.5476,22.22859]],[[113.54762,22.2149],[113.54784,22.21469],[113.54795,22.21464],[113.54778,22.2146],[113.5477,22.21446]],[[113.54762,22.19264],[113.54788,22.19275],[113.54767,22.19256]],[[113.54762,22.19264],[113.54817,22.193],[113.5484,22.19324]],[[113.54764,22.21351],[113.5477,22.21446]],[[113.54764,22.21351],[113.54872,22.2134],[113.54834,22.21115]],[[113.54855,22.193],[113.54818,22.19288],[113.54767,22.19256]],[[113.548,22.16452],[113.5483,22.16459],[113.54853,22.1647]],[[113.548,22.16452],[113.5483,22.16451]],[[113.55605,22.2258],[113.5549,22.22655],[113.55059,22.22908],[113.55018,22.22927],[113.54975,22.22939],[113.54905,22.22947],[113.5481,22.22952]],[[113.5483,22.21085],[113.54818,22.21021]],[[113.54863,22.21016],[113.54818,22.21021]],[[113.54818,22.16435],[113.54821,22.16442],[113.5483,22.16451]],[[113.5483,22.16413],[113.54819,22.16425],[113.54818,22.16435]],[[113.54818,22.16435],[113.54911,22.16424]],[[113.5482,22.22941],[113.54961,22.22934],[113.54991,22.22928],[113.55019,22.22918],[113.55176,22.22834],[113.55485,22.22649],[113.55606,22.22571]],[[113.54892,22.16407],[113.5483,22.16413]],[[113.5483,22.16451],[113.54902,22.16444],[113.54906,22.16441]],[[113.54832,22.21099],[113.5483,22.21085]],[[113.54834,22.21115],[113.54832,22.21099]],[[113.54832,22.21099],[113.54872,22.21027]],[[113.54838,22.22118],[113.54847,22.22093],[113.54864,22.22088],[113.54874,22.22103],[113.54875,22.22122]],[[113.54838,22.22118],[113.54847,22.22108],[113.54859,22.22106],[113.54868,22.22109],[113.54875,22.22122]],[[113.5484,22.19324],[113.54851,22.1934],[113.54866,22.19352],[113.54896,22.19364]],[[113.54855,22.193],[113.54841,22.1931],[113.5484,22.19324]],[[113.54919,22.19335],[113.54909,22.19322],[113.54893,22.19311],[113.54876,22.19303],[113.54855,22.193]],[[113.54872,22.21027],[113.5487,22.21019],[113.54863,22.21016]],[[113.54886,22.21006],[113.54876,22.21013],[113.54863,22.21016]],[[113.54872,22.21027],[113.54886,22.21006]],[[113.54873,22.15222],[113.54914,22.15226],[113.5504,22.15258],[113.55077,22.15256]],[[113.54873,22.15222],[113.54924,22.15219]],[[113.54938,22.15218],[113.54884,22.15215]],[[113.54924,22.15219],[113.54884,22.15215]],[[113.54886,22.16484],[113.54916,22.16452],[113.54962,22.16423]],[[113.54886,22.21006],[113.54937,22.20916]],[[113.54911,22.16424],[113.54905,22.16414],[113.54892,22.16407]],[[113.55202,22.1629],[113.55016,22.1638],[113.54949,22.164],[113.54892,22.16407]],[[113.54896,22.19364],[113.54938,22.19377],[113.55033,22.19434]],[[113.54896,22.19364],[113.5491,22.19363],[113.54918,22.19358],[113.54923,22.19347],[113.54919,22.19335]],[[113.54906,22.16441],[113.54922,22.16439],[113.54962,22.16423]],[[113.54906,22.16441],[113.54911,22.16424]],[[113.54911,22.16424],[113.54962,22.16411],[113.55085,22.16363]],[[113.55034,22.19422],[113.54944,22.19363],[113.5493,22.1935],[113.54919,22.19335]],[[113.5492,22.19096],[113.55186,22.19197]],[[113.5492,22.19096],[113.54928,22.19092],[113.54932,22.19085],[113.54932,22.19072],[113.54928,22.19062]],[[113.55072,22.15249],[113.55048,22.15251],[113.55029,22.15249],[113.54924,22.15219]],[[113.54925,22.18602],[113.54935,22.18595],[113.54945,22.18593],[113.54974,22.18601]],[[113.55021,22.19127],[113.54945,22.19098],[113.54928,22.19062]],[[113.54959,22.20858],[113.54937,22.20916]],[[113.54937,22.20916],[113.54956,22.20893],[113.54988,22.20874]],[[113.55017,22.15237],[113.54938,22.15218]],[[113.54938,22.15218],[113.54972,22.15218],[113.55028,22.15232],[113.55051,22.15233]],[[113.54959,22.20858],[113.54962,22.20867],[113.54969,22.20872],[113.54988,22.20874]],[[113.55112,22.20771],[113.55039,22.20684],[113.55033,22.20681],[113.55026,22.20683],[113.54996,22.20745],[113.54959,22.20858]],[[113.54962,22.16423],[113.55085,22.16363]],[[113.54974,22.18601],[113.55138,22.18662]],[[113.54976,22.21437],[113.55002,22.21439],[113.55027,22.21448]],[[113.54988,22.20874],[113.5511,22.20787]],[[113.55073,22.19891],[113.54999,22.20015]],[[113.55051,22.15233],[113.55035,22.15238],[113.55017,22.15237]],[[113.55071,22.1523],[113.5504,22.15239],[113.55017,22.15237]],[[113.55373,22.19341],[113.55299,22.19243],[113.5528,22.19227],[113.55021,22.19127]],[[113.55021,22.19127],[113.55018,22.19117],[113.55037,22.19075]],[[113.55027,22.21448],[113.55037,22.2145],[113.55107,22.21486],[113.55126,22.21493]],[[113.55027,22.21448],[113.55072,22.21476],[113.55081,22.21486],[113.55084,22.21498],[113.55082,22.21509],[113.55075,22.21519],[113.55066,22.21525],[113.5509,22.21516]],[[113.55033,22.19434],[113.55107,22.19481],[113.55128,22.19498],[113.55145,22.19519]],[[113.55034,22.19422],[113.55001,22.19408],[113.55033,22.19434]],[[113.55104,22.19467],[113.55034,22.19422]],[[113.55077,22.15171],[113.55067,22.15215],[113.55061,22.15226],[113.55051,22.15233]],[[113.55051,22.15233],[113.55063,22.1523],[113.55076,22.15223]],[[113.55058,22.2158],[113.5506,22.21558],[113.55076,22.21545],[113.55176,22.21508],[113.552,22.21496],[113.55314,22.21455],[113.55338,22.21442]],[[113.55068,22.21531],[113.55292,22.21455]],[[113.55071,22.1523],[113.5507,22.15238],[113.55072,22.15249]],[[113.5512,22.15227],[113.55072,22.15249]],[[113.55103,22.15214],[113.55088,22.15215],[113.55076,22.15223]],[[113.55078,22.15184],[113.55076,22.15223]],[[113.55076,22.15223],[113.55086,22.1521],[113.55089,22.15192]],[[113.55077,22.15256],[113.55124,22.15235]],[[113.55156,22.14902],[113.55118,22.14959],[113.55088,22.15034],[113.55077,22.15099],[113.55077,22.15171]],[[113.55078,22.15184],[113.5508,22.1519],[113.55089,22.15192]],[[113.55085,22.16363],[113.55241,22.16289],[113.55264,22.16281],[113.55304,22.16273],[113.55385,22.16275],[113.5544,22.16269],[113.55477,22.1627],[113.55486,22.16268],[113.555,22.16259],[113.55508,22.16241]],[[113.55088,22.15263],[113.55105,22.15285],[113.55218,22.15509]],[[113.55089,22.15192],[113.55085,22.1515],[113.5509,22.15089],[113.55099,22.15041],[113.55108,22.15019],[113.55124,22.14993]],[[113.55126,22.21493],[113.5509,22.21516]],[[113.55147,22.21495],[113.5509,22.21516]],[[113.55158,22.15191],[113.55139,22.15195],[113.55124,22.15193],[113.55105,22.15181],[113.55096,22.15166]],[[113.55097,22.15184],[113.55096,22.15166]],[[113.55096,22.15166],[113.55099,22.15095],[113.5511,22.1504],[113.55124,22.14993]],[[113.55103,22.15214],[113.55097,22.15184]],[[113.55098,22.15264],[113.55111,22.15278],[113.55175,22.15405]],[[113.55098,22.15264],[113.55111,22.15261],[113.5512,22.15252]],[[113.5512,22.15227],[113.55104,22.15215]],[[113.55158,22.15191],[113.55104,22.15215]],[[113.55211,22.19585],[113.5514,22.19494],[113.55104,22.19467]],[[113.55201,22.19582],[113.55142,22.19504],[113.55124,22.19484],[113.55104,22.19467]],[[113.5511,22.20787],[113.55114,22.2078],[113.55112,22.20771]],[[113.5513,22.2077],[113.5511,22.20787]],[[113.5513,22.2077],[113.55121,22.20773],[113.55112,22.20771]],[[113.55187,22.15403],[113.55123,22.15275],[113.5512,22.15252]],[[113.55375,22.15108],[113.55354,22.1512],[113.55156,22.15206],[113.5512,22.15227]],[[113.55123,22.15244],[113.55158,22.15225],[113.55396,22.15123]],[[113.55124,22.15235],[113.55166,22.15213],[113.55359,22.15133],[113.55396,22.15123]],[[113.55124,22.14993],[113.55171,22.14915]],[[113.55126,22.21493],[113.55147,22.21495]],[[113.55142,22.21486],[113.55126,22.21493]],[[113.55391,22.20552],[113.5513,22.2077]],[[113.55138,22.18662],[113.55204,22.18688]],[[113.55288,22.22016],[113.55303,22.22012],[113.55307,22.22004],[113.55305,22.21991],[113.55295,22.21985],[113.55284,22.21985],[113.55232,22.21996],[113.55152,22.21988],[113.55146,22.21991],[113.55143,22.21996],[113.55141,22.22017]],[[113.55208,22.18679],[113.55142,22.18653]],[[113.55145,22.19519],[113.55195,22.19585]],[[113.55145,22.19519],[113.55189,22.196]],[[113.55913,22.21119],[113.55909,22.21182],[113.55905,22.21196],[113.55897,22.21207],[113.5588,22.21221],[113.55847,22.21239],[113.55796,22.21262],[113.55187,22.21479],[113.55147,22.21495]],[[113.55147,22.21495],[113.5517,22.21491],[113.55272,22.21455],[113.55292,22.21455]],[[113.553,22.22038],[113.55274,22.22028],[113.55154,22.22009]],[[113.55154,22.22001],[113.5521,22.22009]],[[113.55174,22.14875],[113.55156,22.14902]],[[113.55171,22.14915],[113.55166,22.14902],[113.55162,22.149],[113.55156,22.14902]],[[113.55375,22.15108],[113.55278,22.15143],[113.55158,22.15191]],[[113.55171,22.14915],[113.55185,22.14893]],[[113.55174,22.14875],[113.55175,22.14886],[113.55185,22.14893]],[[113.55241,22.14414],[113.55247,22.14522],[113.55247,22.14564],[113.55244,22.14649],[113.55236,22.14719],[113.55213,22.14796],[113.55198,22.14833],[113.55174,22.14875]],[[113.55175,22.15405],[113.55223,22.15501]],[[113.55185,22.14893],[113.55212,22.14845],[113.55237,22.1478],[113.55257,22.14706],[113.55263,22.14586],[113.55261,22.14379]],[[113.55186,22.19197],[113.55267,22.19227],[113.55281,22.19236],[113.55293,22.19247],[113.55336,22.19303]],[[113.55186,22.19197],[113.55203,22.19214]],[[113.55336,22.15585],[113.55302,22.15581],[113.55293,22.15576],[113.55271,22.15558],[113.55253,22.15537],[113.55187,22.15403]],[[113.55189,22.196],[113.552,22.1963],[113.55195,22.19662]],[[113.55195,22.19585],[113.55189,22.19591],[113.55189,22.196]],[[113.55195,22.19585],[113.55212,22.196]],[[113.55195,22.19662],[113.55213,22.19626],[113.55212,22.196]],[[113.55195,22.19662],[113.55207,22.1965],[113.55219,22.19643],[113.55233,22.19641],[113.55247,22.19643],[113.55265,22.19653],[113.55302,22.19692]],[[113.55212,22.196],[113.55201,22.19582]],[[113.55208,22.16225],[113.55227,22.1624],[113.5523,22.16259],[113.55223,22.16274],[113.55202,22.1629]],[[113.55496,22.1623],[113.55479,22.16232],[113.55448,22.16252],[113.55424,22.16259],[113.55375,22.16263],[113.55319,22.1626],[113.55286,22.16262],[113.55231,22.16277],[113.55202,22.1629]],[[113.55204,22.18688],[113.55536,22.18813]],[[113.55589,22.18787],[113.5558,22.18797],[113.55568,22.18803],[113.55542,22.18804],[113.55208,22.18679]],[[113.5521,22.22009],[113.55288,22.22016]],[[113.5521,22.22009],[113.55256,22.22019],[113.55303,22.22023],[113.55311,22.22026],[113.55316,22.22032],[113.55311,22.22039],[113.553,22.22038]],[[113.55311,22.19649],[113.55211,22.19585]],[[113.55212,22.196],[113.55254,22.19632],[113.55302,22.19692]],[[113.55218,22.15509],[113.55245,22.15562],[113.55258,22.15575],[113.55278,22.15587]],[[113.55223,22.14026],[113.55227,22.14034],[113.55242,22.14044],[113.55261,22.14044],[113.55276,22.14033]],[[113.55223,22.14026],[113.55236,22.14078],[113.55238,22.1418],[113.55231,22.14211],[113.55216,22.14254],[113.55218,22.14339],[113.55241,22.14414]],[[113.55224,22.13929],[113.55219,22.13987],[113.55223,22.14026]],[[113.55223,22.15501],[113.55255,22.15562],[113.55278,22.15587]],[[113.55235,22.13799],[113.55234,22.13893],[113.55224,22.13929]],[[113.55273,22.1392],[113.55265,22.13915],[113.55246,22.13912],[113.55229,22.13921],[113.55224,22.13929]],[[113.55228,22.13522],[113.5523,22.13679],[113.55235,22.13799]],[[113.55243,22.13293],[113.55234,22.13338],[113.55228,22.13522]],[[113.55256,22.13523],[113.55249,22.13514],[113.55242,22.13513],[113.55232,22.13516],[113.55228,22.13522]],[[113.55238,22.13581],[113.55239,22.1371],[113.55235,22.13799]],[[113.55261,22.14379],[113.55253,22.14346],[113.55246,22.14342],[113.55234,22.14345],[113.5523,22.14353],[113.55241,22.14414]],[[113.55243,22.13293],[113.55252,22.13305],[113.55259,22.13308],[113.55266,22.1331],[113.55281,22.13307]],[[113.55348,22.13195],[113.553,22.13218],[113.5528,22.13236],[113.55251,22.13274],[113.55243,22.13293]],[[113.55254,22.138],[113.55248,22.1371],[113.55249,22.1358]],[[113.55273,22.1392],[113.55257,22.13871],[113.55254,22.138]],[[113.55254,22.138],[113.55257,22.13689],[113.55256,22.13523]],[[113.55256,22.13523],[113.55254,22.13392],[113.55263,22.13345],[113.55281,22.13307]],[[113.55261,22.14379],[113.55264,22.14349],[113.55258,22.14193],[113.55257,22.14086],[113.55262,22.14066],[113.55276,22.14033]],[[113.55276,22.14033],[113.55283,22.14017]],[[113.55278,22.15587],[113.55291,22.15602],[113.55294,22.15621]],[[113.56186,22.1387],[113.5602,22.13879],[113.56012,22.13876],[113.55944,22.13822],[113.55931,22.13814],[113.5592,22.13813],[113.55764,22.13828],[113.55755,22.13833],[113.55687,22.13905],[113.55676,22.1391],[113.55319,22.13938],[113.55293,22.13936],[113.55279,22.13927]],[[113.55283,22.14017],[113.55283,22.13956],[113.55279,22.13927]],[[113.55281,22.13307],[113.55305,22.13275],[113.55326,22.13253],[113.55362,22.13227]],[[113.55283,22.14017],[113.55308,22.13996],[113.55327,22.13991],[113.55554,22.13975],[113.55581,22.1397],[113.55607,22.13956],[113.55642,22.13948],[113.55675,22.13949],[113.55702,22.13961]],[[113.55288,22.22016],[113.55304,22.22017],[113.55314,22.22022],[113.55333,22.22043],[113.55351,22.22081],[113.55627,22.22557]],[[113.55292,22.21455],[113.55317,22.21451],[113.55338,22.21442]],[[113.55294,22.15621],[113.55295,22.15634],[113.55304,22.1565],[113.55315,22.15658],[113.55335,22.15662],[113.55348,22.1566],[113.55365,22.15651],[113.55373,22.15641],[113.55377,22.15627]],[[113.55336,22.15585],[113.55316,22.15589],[113.55305,22.15597],[113.55297,22.15608],[113.55294,22.15621]],[[113.55611,22.22544],[113.55335,22.22067],[113.553,22.22038]],[[113.55302,22.19692],[113.55352,22.19758]],[[113.55311,22.19649],[113.55298,22.19657],[113.55293,22.19665],[113.55302,22.19692]],[[113.55382,22.19741],[113.55311,22.19649]],[[113.55437,22.19437],[113.5533,22.19507]],[[113.55336,22.19303],[113.55336,22.1932]],[[113.55336,22.19303],[113.55436,22.19435]],[[113.55358,22.15591],[113.55336,22.15585]],[[113.55338,22.21442],[113.55477,22.21385],[113.55817,22.21263],[113.55869,22.21238],[113.55931,22.21195]],[[113.55362,22.13227],[113.55365,22.13218],[113.55364,22.13208],[113.55358,22.132],[113.55348,22.13195]],[[113.55891,22.13156],[113.55878,22.13167],[113.55866,22.13171],[113.5541,22.13189],[113.55348,22.13195]],[[113.55352,22.19758],[113.55362,22.19763],[113.55373,22.19761],[113.5538,22.19754],[113.55382,22.19741]],[[113.55352,22.19758],[113.55439,22.19829],[113.55457,22.19836]],[[113.55682,22.15576],[113.55603,22.15525],[113.55589,22.1552],[113.55569,22.15519],[113.55549,22.15523],[113.55391,22.15593],[113.55371,22.15595],[113.55358,22.15591]],[[113.55377,22.15627],[113.55371,22.15604],[113.55358,22.15591]],[[113.55362,22.13227],[113.55399,22.1321],[113.55446,22.13197],[113.55911,22.13176]],[[113.55368,22.19618],[113.55395,22.19607],[113.55489,22.19547],[113.55506,22.19529]],[[113.55501,22.1931],[113.55476,22.19343],[113.55461,22.19353],[113.55444,22.19359],[113.55426,22.19361],[113.55408,22.19359],[113.55391,22.19353],[113.55373,22.19341]],[[113.55424,22.19408],[113.55373,22.19341]],[[113.55719,22.1499],[113.55641,22.15009],[113.5554,22.15042],[113.55375,22.15108]],[[113.55377,22.15627],[113.55382,22.15615],[113.55397,22.15601],[113.55565,22.15529],[113.55582,22.15529],[113.55598,22.15534],[113.55676,22.15584]],[[113.55448,22.19824],[113.55382,22.19741]],[[113.55448,22.19824],[113.55429,22.19812],[113.55404,22.19779],[113.55382,22.19741]],[[113.55391,22.20552],[113.55764,22.20939]],[[113.55396,22.15123],[113.55536,22.15066],[113.55605,22.15043],[113.55678,22.15025]],[[113.55911,22.21071],[113.554,22.20545]],[[113.5553,22.20449],[113.55455,22.20501],[113.554,22.20545]],[[113.55416,22.19426],[113.55436,22.19435]],[[113.55442,22.19432],[113.55424,22.19408]],[[113.55424,22.19408],[113.55425,22.19379],[113.55432,22.1937],[113.55442,22.19366],[113.55454,22.19366],[113.55467,22.19375],[113.55471,22.19385],[113.55471,22.19399]],[[113.55432,22.19447],[113.5548,22.19513],[113.55491,22.19519]],[[113.55441,22.19442],[113.55499,22.19518]],[[113.55441,22.19442],[113.55445,22.19458],[113.55491,22.19519]],[[113.55513,22.19494],[113.55508,22.1948],[113.555,22.19473],[113.55477,22.19461],[113.55458,22.19443],[113.55446,22.19437]],[[113.55505,22.19516],[113.55446,22.19437]],[[113.55498,22.19807],[113.55475,22.19825],[113.5546,22.19827],[113.55448,22.19824]],[[113.55457,22.19836],[113.55448,22.19824]],[[113.55471,22.19399],[113.55449,22.19426]],[[113.55457,22.19836],[113.55476,22.19834],[113.55491,22.19825]],[[113.55474,22.19932],[113.55475,22.19872],[113.5547,22.19854],[113.55457,22.19836]],[[113.55501,22.1931],[113.55487,22.19367],[113.55471,22.19399]],[[113.55491,22.19519],[113.55506,22.19529]],[[113.55491,22.19825],[113.55526,22.19794]],[[113.55491,22.19825],[113.55609,22.19748]],[[113.55508,22.16241],[113.55503,22.16233],[113.55496,22.1623]],[[113.55728,22.15979],[113.55725,22.15998],[113.5551,22.16223],[113.55496,22.1623]],[[113.55608,22.19727],[113.55507,22.19795],[113.55498,22.19807]],[[113.55526,22.19794],[113.55498,22.19807]],[[113.55584,22.18958],[113.55501,22.1931]],[[113.55505,22.19516],[113.55513,22.19503]],[[113.55507,22.19529],[113.5564,22.19706]],[[113.55508,22.16241],[113.55513,22.16233],[113.55732,22.16002],[113.55752,22.15997]],[[113.55533,22.19553],[113.55509,22.19522]],[[113.55509,22.19522],[113.55513,22.19503]],[[113.55513,22.19494],[113.55513,22.1939],[113.55518,22.19322]],[[113.55533,22.19553],[113.55523,22.19525],[113.55519,22.19499],[113.55518,22.19322]],[[113.55518,22.19322],[113.55519,22.19282],[113.55528,22.19228],[113.55578,22.19014],[113.55586,22.18995]],[[113.55622,22.19736],[113.55604,22.19742],[113.55526,22.19794]],[[113.55533,22.20411],[113.55541,22.20417],[113.55543,22.20427],[113.5553,22.20449]],[[113.56012,22.20475],[113.55829,22.20451],[113.55698,22.20428],[113.55576,22.20427],[113.55552,22.20434],[113.5553,22.20449]],[[113.55673,22.19739],[113.55533,22.19553]],[[113.55536,22.18813],[113.55554,22.18817],[113.55596,22.18817]],[[113.55536,22.18813],[113.55565,22.18825],[113.55585,22.18843],[113.55597,22.18866],[113.55598,22.18895]],[[113.56621,22.21237],[113.56016,22.21541],[113.55838,22.21626],[113.55788,22.21649],[113.55685,22.21688],[113.55568,22.21722]],[[113.55584,22.18958],[113.55581,22.18989],[113.55586,22.18995]],[[113.55598,22.18895],[113.55584,22.18958]],[[113.55586,22.18995],[113.55614,22.18849],[113.55621,22.18834],[113.55632,22.1882]],[[113.55589,22.18787],[113.55587,22.18803],[113.55596,22.18817]],[[113.55632,22.1882],[113.55641,22.18811],[113.55645,22.18799],[113.55643,22.18787],[113.55634,22.18777],[113.55623,22.18771],[113.55608,22.18772],[113.55597,22.18777],[113.55589,22.18787]],[[113.556,22.1882],[113.55607,22.18833],[113.55609,22.18843],[113.55598,22.18895]],[[113.556,22.1882],[113.55614,22.18825],[113.55632,22.1882]],[[113.55625,22.22567],[113.55605,22.2258]],[[113.55638,22.22589],[113.55623,22.22581],[113.55605,22.2258]],[[113.55606,22.22571],[113.55611,22.22557],[113.55611,22.22544]],[[113.55606,22.22571],[113.55621,22.22561]],[[113.5564,22.19706],[113.55608,22.19727]],[[113.55622,22.19736],[113.55618,22.19728],[113.55608,22.19727]],[[113.55609,22.19748],[113.55619,22.19742],[113.55622,22.19736]],[[113.55609,22.19748],[113.55638,22.19741],[113.55658,22.19743],[113.55674,22.1975]],[[113.55621,22.22561],[113.55611,22.22544]],[[113.55664,22.19738],[113.55622,22.19736]],[[113.55638,22.22589],[113.55625,22.22567]],[[113.55631,22.22563],[113.55693,22.22668],[113.5581,22.22845],[113.55949,22.23042],[113.56038,22.23158],[113.56073,22.23199],[113.56176,22.23298],[113.56252,22.23357],[113.5631,22.23394],[113.56377,22.23433],[113.56453,22.23468],[113.56502,22.23485]],[[113.56499,22.23499],[113.56372,22.23443],[113.56264,22.23377],[113.5615,22.23285],[113.56066,22.23202],[113.56002,22.23129],[113.55803,22.22848],[113.55695,22.22685],[113.55638,22.22589]],[[113.5564,22.19706],[113.55664,22.19738]],[[113.55664,22.19738],[113.55674,22.1975]],[[113.55688,22.19741],[113.55673,22.19739]],[[113.55684,22.19752],[113.55673,22.19739]],[[113.55674,22.1975],[113.55722,22.19815],[113.5574,22.19831],[113.55754,22.19839],[113.55977,22.19904]],[[113.55676,22.15584],[113.55688,22.15592]],[[113.55719,22.1499],[113.55703,22.15],[113.5567,22.15009],[113.55666,22.15021],[113.55669,22.15024],[113.55678,22.15025]],[[113.55678,22.15025],[113.5572,22.15017]],[[113.55695,22.15584],[113.55682,22.15576]],[[113.55746,22.19754],[113.55684,22.19752]],[[113.55979,22.19898],[113.55757,22.19834],[113.55728,22.19811],[113.55684,22.19752]],[[113.55791,22.19747],[113.55688,22.19741]],[[113.55688,22.19741],[113.55718,22.19744],[113.55746,22.19754]],[[113.55688,22.15592],[113.55733,22.15621],[113.55779,22.15641],[113.55948,22.15678],[113.55967,22.15691],[113.5598,22.15708]],[[113.55987,22.15678],[113.55968,22.15678],[113.55942,22.15667],[113.55783,22.15631],[113.55739,22.15613],[113.55695,22.15584]],[[113.55702,22.13961],[113.5576,22.14005]],[[113.55707,22.13931],[113.55698,22.13946],[113.55702,22.13961]],[[113.55716,22.13932],[113.55705,22.13942],[113.55708,22.13955],[113.55744,22.13985],[113.5576,22.14005]],[[113.558,22.1498],[113.5576,22.14982],[113.55719,22.1499]],[[113.5572,22.15017],[113.55775,22.15001],[113.55805,22.14988]],[[113.5572,22.15017],[113.55854,22.15006]],[[113.55728,22.15979],[113.55737,22.15992],[113.55752,22.15997]],[[113.55761,22.15943],[113.55745,22.15945],[113.55735,22.15951],[113.55727,22.15965],[113.55728,22.15979]],[[113.55776,22.1976],[113.55746,22.19754]],[[113.55746,22.19754],[113.55783,22.1977]],[[113.55752,22.15997],[113.55767,22.15996],[113.55777,22.15989],[113.55784,22.15979],[113.55784,22.15962]],[[113.5576,22.14005],[113.55792,22.14021],[113.55827,22.14028],[113.55942,22.14023],[113.55956,22.14017],[113.56024,22.13943],[113.56129,22.13932]],[[113.55982,22.15713],[113.55973,22.15736],[113.55781,22.15938],[113.55761,22.15943]],[[113.55784,22.15962],[113.55774,22.15949],[113.55761,22.15943]],[[113.55764,22.20939],[113.55847,22.21024],[113.55867,22.21052],[113.55903,22.2109],[113.55911,22.21102],[113.55913,22.21119]],[[113.55764,22.20939],[113.55781,22.20944],[113.55902,22.21073]],[[113.5603,22.1986],[113.56013,22.19832],[113.55998,22.19822],[113.55776,22.1976]],[[113.55791,22.19747],[113.55781,22.19749],[113.55776,22.1976]],[[113.55783,22.1977],[113.55996,22.19829],[113.56008,22.1984],[113.56015,22.19866]],[[113.55784,22.15962],[113.55783,22.15956],[113.55787,22.15943],[113.55981,22.1574],[113.56003,22.15727]],[[113.5604,22.19857],[113.56018,22.1982],[113.55996,22.19804],[113.55791,22.19747]],[[113.55795,22.14954],[113.558,22.1498]],[[113.55805,22.14988],[113.55824,22.14999],[113.55854,22.15006]],[[113.55814,22.1498],[113.55815,22.14953]],[[113.56073,22.15001],[113.55982,22.14987],[113.55814,22.1498]],[[113.55838,22.20705],[113.55887,22.2067],[113.5599,22.20585]],[[113.55854,22.15006],[113.55973,22.15008],[113.56079,22.15024]],[[113.55891,22.13156],[113.55898,22.13169],[113.55911,22.13176]],[[113.55941,22.13134],[113.55928,22.13125],[113.55909,22.13126],[113.55895,22.13136],[113.55891,22.13156]],[[113.55902,22.21073],[113.55938,22.21094]],[[113.55902,22.21073],[113.55932,22.21099]],[[113.55911,22.13176],[113.5592,22.13178],[113.55934,22.13174],[113.55946,22.13161]],[[113.56014,22.21073],[113.55994,22.21079],[113.55945,22.2108],[113.55911,22.21071]],[[113.55958,22.21085],[113.55933,22.21083],[113.55911,22.21071]],[[113.55932,22.21099],[113.55913,22.21119]],[[113.55931,22.21195],[113.55985,22.21142]],[[113.55931,22.21195],[113.55948,22.21185],[113.55964,22.21182],[113.56057,22.21176],[113.56128,22.21162],[113.56172,22.21149]],[[113.55932,22.21099],[113.55985,22.21142]],[[113.55938,22.21094],[113.55962,22.211],[113.55996,22.21097]],[[113.55958,22.21085],[113.55938,22.21094]],[[113.5628,22.13134],[113.56242,22.13132],[113.55969,22.13143],[113.55941,22.13134]],[[113.55946,22.13161],[113.55948,22.13147],[113.55941,22.13134]],[[113.55946,22.13161],[113.5597,22.13156],[113.56226,22.13147],[113.56251,22.13147],[113.56272,22.13156]],[[113.55954,22.21554],[113.56615,22.21221]],[[113.55979,22.21084],[113.55958,22.21085]],[[113.5599,22.20584],[113.55959,22.20578]],[[113.55977,22.19904],[113.56175,22.19959],[113.5619,22.19967],[113.56202,22.1998]],[[113.55977,22.19904],[113.5606,22.19937],[113.56202,22.1998]],[[113.55996,22.21097],[113.5599,22.21089],[113.55979,22.21084]],[[113.56014,22.21073],[113.55997,22.21082],[113.55979,22.21084]],[[113.56088,22.19918],[113.55979,22.19898]],[[113.5621,22.19981],[113.56198,22.19965],[113.56177,22.19953],[113.55979,22.19898]],[[113.55987,22.15678],[113.55981,22.15687],[113.5598,22.15708]],[[113.55996,22.15627],[113.55981,22.1558]],[[113.55981,22.1558],[113.55987,22.15628]],[[113.55982,22.15531],[113.55978,22.15554],[113.55981,22.1558]],[[113.55982,22.15713],[113.55992,22.15725],[113.56003,22.15727]],[[113.56019,22.15486],[113.56004,22.15492],[113.5599,22.15494],[113.55977,22.15492],[113.55961,22.15486],[113.55971,22.15493],[113.55978,22.15503],[113.55982,22.15531]],[[113.56019,22.15486],[113.55994,22.15508],[113.55982,22.15531]],[[113.55985,22.21142],[113.56013,22.21162],[113.56034,22.21167],[113.56066,22.21166],[113.56172,22.21149]],[[113.55985,22.21142],[113.56001,22.21122]],[[113.55987,22.15628],[113.55992,22.15657],[113.55989,22.15675]],[[113.56009,22.15673],[113.56002,22.15671],[113.55989,22.15675]],[[113.5599,22.20585],[113.55991,22.20596],[113.55998,22.20608],[113.56062,22.20676],[113.56072,22.20715]],[[113.56,22.20563],[113.55993,22.20573],[113.5599,22.20584]],[[113.56095,22.20489],[113.56065,22.20537],[113.56057,22.20575],[113.56049,22.20591],[113.5604,22.20597],[113.56025,22.20598],[113.5599,22.20584]],[[113.5599,22.20584],[113.56004,22.20573]],[[113.56009,22.15673],[113.55996,22.15627]],[[113.56001,22.21122],[113.55996,22.21097]],[[113.55996,22.21097],[113.56009,22.21093],[113.56029,22.21079]],[[113.56014,22.21151],[113.56001,22.21132],[113.56001,22.21122]],[[113.56001,22.21122],[113.56027,22.21084]],[[113.56003,22.15727],[113.56017,22.15723]],[[113.56004,22.20573],[113.56008,22.20581],[113.56021,22.20587],[113.56037,22.20583],[113.56046,22.20572],[113.56071,22.20478],[113.56076,22.20444]],[[113.56039,22.2052],[113.56007,22.20563],[113.56004,22.20573]],[[113.56004,22.20573],[113.56032,22.20549],[113.56047,22.20529],[113.56076,22.20444]],[[113.56025,22.15699],[113.5602,22.15686],[113.56009,22.15673]],[[113.5607,22.20442],[113.56059,22.20458],[113.56047,22.20468],[113.56031,22.20474],[113.56012,22.20475]],[[113.56012,22.20475],[113.56025,22.2048],[113.56037,22.20492],[113.56041,22.20503],[113.56039,22.2052]],[[113.56301,22.2102],[113.56285,22.21066],[113.56275,22.2108],[113.56252,22.211],[113.56224,22.21116],[113.56151,22.2114],[113.56081,22.21157],[113.56039,22.2116],[113.56023,22.21157],[113.56014,22.21151]],[[113.56014,22.21151],[113.56012,22.21129],[113.56027,22.21084]],[[113.56072,22.20715],[113.56071,22.20907],[113.56065,22.20952],[113.56059,22.2098],[113.56043,22.21026],[113.56027,22.21058],[113.56014,22.21073]],[[113.56015,22.19866],[113.56019,22.19871],[113.56026,22.19871],[113.56031,22.19867],[113.5603,22.1986]],[[113.56015,22.19866],[113.56018,22.19876],[113.56024,22.1988],[113.56035,22.19879],[113.56041,22.19872]],[[113.56017,22.15723],[113.56023,22.15714],[113.56025,22.15699]],[[113.56017,22.15723],[113.56035,22.15725],[113.56083,22.15766],[113.56099,22.15787],[113.56185,22.15858],[113.562,22.15874],[113.56226,22.15925],[113.5624,22.15978]],[[113.56376,22.15178],[113.56277,22.154],[113.56257,22.1543],[113.56227,22.15447],[113.56205,22.15454],[113.56054,22.15473],[113.56019,22.15486]],[[113.56247,22.16007],[113.56252,22.16],[113.56252,22.15987],[113.56235,22.15923],[113.56201,22.15859],[113.5605,22.15733],[113.56031,22.15716],[113.56025,22.15699]],[[113.56029,22.21079],[113.56051,22.21035],[113.56068,22.20984],[113.56078,22.20931],[113.56081,22.20886]],[[113.56029,22.21079],[113.56043,22.21063],[113.56052,22.21048],[113.56075,22.20984],[113.56086,22.20925],[113.56081,22.20886]],[[113.56041,22.19872],[113.5603,22.1986]],[[113.5607,22.20442],[113.56054,22.20491],[113.56039,22.2052]],[[113.56066,22.19899],[113.5604,22.19857]],[[113.56041,22.19872],[113.5604,22.19857]],[[113.56066,22.19899],[113.56041,22.19872]],[[113.56088,22.19918],[113.56077,22.19912],[113.56066,22.19899]],[[113.56202,22.1998],[113.56209,22.19998],[113.56207,22.20014],[113.5607,22.20442]],[[113.56095,22.20489],[113.56087,22.20526],[113.56076,22.20603],[113.56072,22.20715]],[[113.56315,22.15066],[113.5612,22.15009],[113.56073,22.15001]],[[113.5629,22.15069],[113.56149,22.15028],[113.56073,22.15001]],[[113.56076,22.20444],[113.56214,22.20015]],[[113.561,22.16164],[113.56094,22.16147],[113.56088,22.16142],[113.56079,22.1614]],[[113.56079,22.1614],[113.56071,22.1615],[113.56072,22.1616],[113.56111,22.162],[113.56148,22.16227],[113.56213,22.1626],[113.56233,22.16279],[113.56242,22.163],[113.56243,22.16314],[113.5624,22.16381]],[[113.5624,22.15978],[113.56239,22.15992],[113.56233,22.16008],[113.56079,22.1614]],[[113.56079,22.15024],[113.56147,22.15036],[113.56288,22.15077]],[[113.56079,22.15024],[113.563,22.15097]],[[113.56081,22.20886],[113.5608,22.20672],[113.56087,22.20578],[113.56096,22.20525],[113.5611,22.20467],[113.56271,22.19976]],[[113.56154,22.19936],[113.56088,22.19918]],[[113.5626,22.19979],[113.56095,22.20489]],[[113.56249,22.16385],[113.56251,22.16304],[113.56247,22.16288],[113.5624,22.16275],[113.56217,22.16253],[113.56133,22.16206],[113.56111,22.16185],[113.561,22.16164]],[[113.561,22.16164],[113.56102,22.16141],[113.56112,22.16124],[113.56247,22.16007]],[[113.56129,22.13932],[113.56142,22.13927],[113.56149,22.13921],[113.5615,22.13912],[113.56143,22.13902],[113.56132,22.13899],[113.5608,22.13899],[113.56147,22.1389],[113.56186,22.1387]],[[113.56129,22.13932],[113.56248,22.13923]],[[113.56305,22.19826],[113.56289,22.19867],[113.56277,22.19885],[113.56259,22.19904],[113.56239,22.19919],[113.56203,22.19934],[113.56154,22.19936]],[[113.56226,22.19982],[113.56226,22.19966],[113.56214,22.19954],[113.56154,22.19936]],[[113.56172,22.21149],[113.5622,22.21132],[113.5625,22.21116],[113.56269,22.21102],[113.5629,22.21078],[113.56309,22.21037],[113.56322,22.21029]],[[113.56236,22.13865],[113.56186,22.1387]],[[113.5621,22.19981],[113.56226,22.19982]],[[113.56214,22.20015],[113.56215,22.19997],[113.5621,22.19981]],[[113.56214,22.20015],[113.56226,22.19982]],[[113.56226,22.19982],[113.5626,22.19979]],[[113.56236,22.13865],[113.56219,22.13887],[113.56219,22.13903],[113.56228,22.13916],[113.56248,22.13923]],[[113.56278,22.13857],[113.56261,22.13863],[113.56236,22.13865]],[[113.5624,22.16381],[113.56246,22.16411],[113.56255,22.16435],[113.5628,22.1647],[113.56307,22.16496],[113.56378,22.16546]],[[113.5624,22.16381],[113.56241,22.16412],[113.56252,22.16443],[113.56299,22.16507],[113.5632,22.16543],[113.56345,22.1669]],[[113.5624,22.15978],[113.56247,22.16007]],[[113.56248,22.13923],[113.56268,22.13922],[113.56283,22.13925]],[[113.56514,22.16482],[113.56397,22.16502],[113.56365,22.165],[113.56338,22.16493],[113.5631,22.16478],[113.56283,22.16453],[113.56259,22.16419],[113.56249,22.16385]],[[113.56382,22.16542],[113.56309,22.16491],[113.56283,22.16466],[113.56256,22.1642],[113.56249,22.16385]],[[113.56305,22.19826],[113.56296,22.19867],[113.5626,22.19979]],[[113.56271,22.19976],[113.56294,22.19907],[113.5632,22.19784]],[[113.56271,22.19976],[113.56291,22.19964],[113.56305,22.19952],[113.56318,22.19933],[113.56325,22.19916],[113.56329,22.1987],[113.5632,22.19784]],[[113.5628,22.13134],[113.56272,22.13146],[113.56272,22.13156]],[[113.56278,22.13857],[113.56272,22.1387],[113.5627,22.13892],[113.56275,22.13912],[113.56283,22.13925]],[[113.56302,22.13835],[113.56289,22.13844],[113.56278,22.13857]],[[113.56309,22.13163],[113.56315,22.13151],[113.56308,22.13136],[113.56295,22.1313],[113.5628,22.13134]],[[113.56281,22.13166],[113.56293,22.1317],[113.56309,22.13163]],[[113.56281,22.13166],[113.56286,22.1318],[113.56289,22.13221],[113.56318,22.13796],[113.56316,22.13815],[113.56302,22.13835]],[[113.56283,22.13925],[113.56307,22.13943]],[[113.563,22.15097],[113.56317,22.15095],[113.56324,22.15086],[113.56323,22.15074],[113.56315,22.15066]],[[113.563,22.15097],[113.56353,22.15123]],[[113.56301,22.2102],[113.56322,22.21029]],[[113.56517,22.20401],[113.56514,22.2042],[113.56378,22.20793],[113.56301,22.2102]],[[113.56356,22.1383],[113.56326,22.13827],[113.56302,22.13835]],[[113.56345,22.1669],[113.56319,22.19666],[113.56317,22.19729],[113.56305,22.19826]],[[113.56307,22.13943],[113.56338,22.13948],[113.56368,22.13941]],[[113.56307,22.13943],[113.5632,22.13954],[113.56327,22.13964],[113.56328,22.13975],[113.56343,22.1428]],[[113.56318,22.13526],[113.56302,22.13189],[113.56309,22.13163]],[[113.56363,22.15064],[113.56343,22.15068],[113.56315,22.15066]],[[113.56318,22.14261],[113.56337,22.14273],[113.56343,22.1428]],[[113.56573,22.13528],[113.56342,22.13537],[113.56325,22.13533],[113.56318,22.13526]],[[113.56322,22.13567],[113.56318,22.13526]],[[113.5632,22.19784],[113.56327,22.1973],[113.56329,22.19665],[113.56352,22.16785]],[[113.56356,22.1383],[113.56339,22.13814],[113.56335,22.13803],[113.56322,22.13567]],[[113.56322,22.13567],[113.5633,22.13554],[113.56348,22.13547],[113.56557,22.13539]],[[113.56322,22.21029],[113.56368,22.21036],[113.56393,22.21029],[113.56719,22.20848],[113.56747,22.20829],[113.56777,22.20801],[113.56819,22.20746],[113.56838,22.20704],[113.56927,22.20397]],[[113.56343,22.1428],[113.56343,22.14295]],[[113.56343,22.14295],[113.56364,22.14718]],[[113.56367,22.14294],[113.56353,22.1429],[113.56343,22.14295]],[[113.56378,22.16546],[113.56366,22.16562],[113.56348,22.16606],[113.56344,22.16628],[113.56345,22.1669]],[[113.56352,22.16785],[113.56353,22.16636],[113.56358,22.16605]],[[113.56352,22.16785],[113.56361,22.16732],[113.56376,22.16697],[113.56393,22.16681],[113.56442,22.16648],[113.56454,22.16625],[113.56453,22.16606],[113.56446,22.16592],[113.5643,22.16577],[113.56388,22.16547]],[[113.56353,22.15123],[113.56365,22.15135]],[[113.56363,22.15064],[113.56348,22.15085],[113.56347,22.15111],[113.56353,22.15123]],[[113.56388,22.13851],[113.56371,22.13836],[113.56356,22.1383]],[[113.56385,22.16551],[113.56431,22.16585],[113.56443,22.16598],[113.56448,22.16614],[113.56444,22.16634],[113.56424,22.16652],[113.56404,22.16657],[113.56389,22.16654],[113.56377,22.16648],[113.56367,22.16637],[113.56358,22.16605]],[[113.56358,22.16605],[113.56371,22.16571],[113.56385,22.16551]],[[113.5639,22.14764],[113.56383,22.1475],[113.5638,22.14726],[113.56372,22.1472],[113.56364,22.14718]],[[113.56364,22.14718],[113.56365,22.14741]],[[113.56365,22.14741],[113.5637,22.14751],[113.56374,22.1478],[113.56379,22.14787],[113.56391,22.14793]],[[113.56365,22.14741],[113.56379,22.15032],[113.56369,22.1506]],[[113.56365,22.15135],[113.56374,22.15141],[113.56395,22.15145]],[[113.56365,22.15135],[113.56376,22.1516],[113.56376,22.15178]],[[113.5639,22.14764],[113.56367,22.14294]],[[113.56367,22.14294],[113.56352,22.13976],[113.56357,22.13955],[113.56368,22.13941]],[[113.56368,22.13941],[113.56387,22.13925],[113.56394,22.13914]],[[113.56417,22.15057],[113.56393,22.15053],[113.56369,22.1506]],[[113.56376,22.15178],[113.56395,22.15145]],[[113.56514,22.16482],[113.56458,22.16495],[113.56433,22.16505],[113.56395,22.16529],[113.56382,22.16542]],[[113.56729,22.13847],[113.56671,22.13848],[113.56642,22.1384],[113.56608,22.13836],[113.56416,22.13853],[113.56388,22.13851]],[[113.56394,22.13914],[113.564,22.13894],[113.56401,22.13882],[113.56398,22.13871],[113.56388,22.13851]],[[113.56388,22.16547],[113.56401,22.16533],[113.56437,22.16512],[113.56583,22.16474],[113.56693,22.16453],[113.56757,22.1647],[113.56785,22.16466]],[[113.56391,22.14793],[113.5639,22.14764]],[[113.56393,22.14835],[113.56391,22.14793]],[[113.56417,22.15057],[113.56405,22.15044],[113.56403,22.15034],[113.56393,22.14835]],[[113.56393,22.14835],[113.56397,22.14825],[113.56407,22.14812],[113.56422,22.14803],[113.56439,22.14798]],[[113.56394,22.13914],[113.56421,22.13907],[113.56628,22.13891],[113.5669,22.1387],[113.56732,22.13863]],[[113.56402,22.15145],[113.56431,22.15156],[113.56542,22.15287],[113.56567,22.15311],[113.56611,22.15347]],[[113.56402,22.15145],[113.56413,22.15142],[113.56431,22.15131],[113.56443,22.15113]],[[113.56443,22.15113],[113.56445,22.15102],[113.56441,22.15081],[113.56428,22.15064],[113.56417,22.15057]],[[113.5669,22.15394],[113.56662,22.15361],[113.56577,22.15285],[113.56545,22.15252],[113.5646,22.15145],[113.56447,22.15124],[113.56443,22.15113]],[[113.56461,22.20592],[113.56521,22.20423],[113.56532,22.20406],[113.56529,22.20399],[113.56525,22.20397],[113.56517,22.20401]],[[113.56462,22.15173],[113.56538,22.15269],[113.5668,22.15407]],[[113.5669,22.15394],[113.56569,22.15289],[113.56538,22.15256],[113.56471,22.1517]],[[113.56961,22.19814],[113.56969,22.19901],[113.56972,22.20141],[113.56969,22.20162],[113.5696,22.20218],[113.56918,22.20382],[113.56831,22.20689],[113.56803,22.20749],[113.56765,22.20797],[113.56737,22.20823],[113.56498,22.2096]],[[113.56549,22.23519],[113.56499,22.23499]],[[113.56499,22.23499],[113.56496,22.23491],[113.56502,22.23485]],[[113.56502,22.23485],[113.56558,22.23494]],[[113.57206,22.16325],[113.56777,22.16423],[113.56643,22.16449],[113.56514,22.16482]],[[113.56634,22.20079],[113.56545,22.20326],[113.56539,22.20337],[113.56518,22.20347],[113.56507,22.20361],[113.56507,22.20372],[113.56514,22.20385],[113.56517,22.20401]],[[113.56573,22.13528],[113.56562,22.13531],[113.56557,22.13539]],[[113.56557,22.13539],[113.56654,22.13536],[113.56702,22.13543],[113.56747,22.13555],[113.56825,22.13583],[113.56907,22.13626],[113.56986,22.13682],[113.57033,22.13732],[113.57056,22.13767],[113.5706,22.13781],[113.5706,22.13807],[113.57052,22.13819],[113.57045,22.13822]],[[113.56558,22.23494],[113.56592,22.23495]],[[113.56558,22.23494],[113.56578,22.23514]],[[113.57086,22.13819],[113.57075,22.13807],[113.57066,22.13762],[113.57025,22.13706],[113.56993,22.13674],[113.56913,22.13617],[113.5682,22.13571],[113.56728,22.13539],[113.56664,22.13526],[113.56573,22.13528]],[[113.56575,22.15361],[113.56576,22.15349],[113.56588,22.15339],[113.56598,22.1534],[113.56611,22.15347]],[[113.56577,22.23547],[113.56575,22.23528],[113.56578,22.23514]],[[113.56578,22.23514],[113.56592,22.23495]],[[113.56592,22.23495],[113.56621,22.23494],[113.56686,22.23486],[113.56799,22.23455],[113.56829,22.23452],[113.56857,22.23455],[113.56913,22.23472],[113.57363,22.23649],[113.57443,22.23672],[113.5751,22.23686],[113.5754,22.23687],[113.57704,22.23685],[113.57765,22.2368]],[[113.57723,22.2369],[113.57532,22.23695],[113.57507,22.23693],[113.57413,22.23673],[113.57261,22.23617],[113.5688,22.23467],[113.56857,22.23461],[113.56811,22.2346],[113.56604,22.23516]],[[113.56611,22.15347],[113.5668,22.15407]],[[113.56615,22.21221],[113.56887,22.21077],[113.56998,22.21007],[113.57253,22.20878],[113.57268,22.20861],[113.57277,22.20844],[113.57283,22.208]],[[113.56615,22.21221],[113.56841,22.21113],[113.56977,22.21032],[113.57286,22.20873],[113.57296,22.20863],[113.573,22.20854],[113.57305,22.2082],[113.57305,22.2065],[113.57307,22.20627],[113.57318,22.20604],[113.5734,22.20588],[113.57367,22.20584],[113.57531,22.20581],[113.57929,22.20587],[113.57954,22.20601],[113.57964,22.20618],[113.57966,22.20717]],[[113.57052,22.21033],[113.56983,22.21067],[113.56845,22.21122],[113.56621,22.21237]],[[113.57399,22.21059],[113.57305,22.2106],[113.57243,22.21069],[113.5721,22.21084],[113.57177,22.21111],[113.57153,22.21126],[113.57128,22.21136],[113.57103,22.21141],[113.57061,22.2114],[113.56959,22.21116],[113.56924,22.21115],[113.56891,22.21119],[113.56852,22.21131],[113.56621,22.21237]],[[113.5668,22.15407],[113.56798,22.15506],[113.56858,22.15549],[113.56889,22.15565]],[[113.56897,22.15512],[113.5685,22.15513],[113.56831,22.15507],[113.5669,22.15394]],[[113.56729,22.13847],[113.56724,22.13857],[113.56732,22.13863]],[[113.56958,22.1383],[113.56729,22.13847]],[[113.56732,22.13863],[113.56962,22.13847]],[[113.57154,22.1635],[113.57098,22.1636],[113.56885,22.16409],[113.56815,22.1642],[113.56753,22.16434],[113.56739,22.1644],[113.56738,22.1645],[113.56744,22.16457],[113.56764,22.16465],[113.56785,22.16466]],[[113.56785,22.16466],[113.56901,22.16441],[113.5696,22.16424]],[[113.56889,22.15565],[113.56945,22.15589]],[[113.56897,22.15512],[113.56881,22.15521],[113.56873,22.15536],[113.56876,22.15552],[113.56889,22.15565]],[[113.571,22.15194],[113.56897,22.15512]],[[113.56974,22.1554],[113.56958,22.15524],[113.56939,22.15513],[113.56916,22.1551],[113.56897,22.15512]],[[113.56927,22.20397],[113.56938,22.20356]],[[113.56927,22.20397],[113.56941,22.20387]],[[113.56943,22.20369],[113.56938,22.20356]],[[113.56938,22.20356],[113.56972,22.20235],[113.56978,22.20199],[113.56983,22.2013]],[[113.56941,22.20387],[113.56943,22.20369]],[[113.56941,22.20387],[113.56958,22.20382],[113.57158,22.2036],[113.57168,22.20354],[113.5717,22.20346],[113.57167,22.20303]],[[113.57306,22.19992],[113.57302,22.20001],[113.57282,22.20024],[113.57222,22.20066],[113.57206,22.20093],[113.57201,22.20114],[113.57198,22.20213],[113.57189,22.20219],[113.57163,22.20221],[113.57157,22.20226],[113.57155,22.20235],[113.57162,22.20335],[113.57159,22.20349],[113.57149,22.20354],[113.56956,22.20375],[113.56943,22.20369]],[[113.56945,22.15589],[113.56965,22.15587],[113.56979,22.15575],[113.56983,22.15566],[113.56979,22.15548]],[[113.56945,22.15589],[113.57116,22.15665],[113.57162,22.15681],[113.57211,22.15703],[113.57358,22.15776],[113.57381,22.15793],[113.57391,22.15802],[113.57415,22.15834],[113.5743,22.1586],[113.57437,22.15884],[113.57443,22.15911],[113.57444,22.15947],[113.57435,22.16]],[[113.56962,22.13847],[113.56965,22.13839],[113.56958,22.1383]],[[113.56977,22.13828],[113.56958,22.1383]],[[113.5696,22.16424],[113.57087,22.16396]],[[113.5696,22.16424],[113.57048,22.16415],[113.57067,22.16419],[113.57083,22.16429]],[[113.56994,22.19532],[113.56986,22.19535],[113.56978,22.19544],[113.56961,22.19616],[113.56955,22.19715],[113.56956,22.19767],[113.56961,22.19814]],[[113.56994,22.19532],[113.56976,22.19592],[113.56965,22.19664],[113.56961,22.19814]],[[113.56962,22.13847],[113.56979,22.13845]],[[113.56974,22.1554],[113.56966,22.15512],[113.56963,22.15487],[113.56966,22.15456],[113.56972,22.15438],[113.57022,22.15351],[113.57116,22.15204]],[[113.56977,22.13828],[113.56972,22.13834],[113.56979,22.13845]],[[113.57045,22.13822],[113.56977,22.13828]],[[113.56979,22.13845],[113.57086,22.13838],[113.57188,22.13837]],[[113.57354,22.16254],[113.5735,22.16232],[113.57356,22.16205],[113.57437,22.16018],[113.57447,22.15984],[113.57451,22.1596],[113.57451,22.15911],[113.57434,22.1585],[113.57406,22.15807],[113.57375,22.15778],[113.57215,22.15696],[113.57147,22.15665],[113.5702,22.15593],[113.56996,22.15572],[113.56979,22.15548]],[[113.56983,22.2013],[113.5698,22.20062],[113.56981,22.19877],[113.56987,22.19827]],[[113.56983,22.2013],[113.56986,22.20121],[113.56989,22.20004],[113.56997,22.19981],[113.57015,22.19956],[113.57033,22.19942],[113.5706,22.19931],[113.5713,22.19922],[113.57173,22.19921]],[[113.56987,22.19827],[113.5698,22.19685],[113.56981,22.19664],[113.56989,22.19605],[113.5701,22.19536]],[[113.56987,22.19827],[113.56991,22.19683]],[[113.57173,22.19907],[113.57069,22.19902],[113.5704,22.19895],[113.57024,22.19884],[113.57009,22.19862],[113.57,22.19836],[113.56991,22.19683]],[[113.56991,22.19683],[113.57001,22.19598],[113.57013,22.19552],[113.57014,22.19543],[113.5701,22.19536]],[[113.57169,22.19282],[113.5715,22.19311],[113.57028,22.19467],[113.56994,22.19532]],[[113.5701,22.19536],[113.56994,22.19532]],[[113.5701,22.19536],[113.57032,22.1949],[113.57048,22.19466],[113.57163,22.19317]],[[113.57086,22.13819],[113.57045,22.13822]],[[113.57234,22.20945],[113.57052,22.21033]],[[113.57193,22.21075],[113.57198,22.21043],[113.57195,22.21028],[113.57185,22.21011],[113.57168,22.21001],[113.57139,22.20998],[113.57052,22.21033]],[[113.57083,22.16429],[113.5709,22.16436],[113.57099,22.16451],[113.57133,22.16562]],[[113.57083,22.16429],[113.57112,22.16541],[113.57263,22.1696]],[[113.57087,22.16396],[113.57082,22.16414],[113.57083,22.16429]],[[113.5719,22.13818],[113.57086,22.13819]],[[113.57154,22.1635],[113.57106,22.16371],[113.57096,22.16379],[113.57087,22.16396]],[[113.57087,22.16396],[113.5716,22.16379]],[[113.571,22.15194],[113.57116,22.15204]],[[113.57212,22.15025],[113.571,22.15194]],[[113.57116,22.15204],[113.57228,22.15034]],[[113.57133,22.16562],[113.57151,22.16598],[113.57162,22.16599],[113.57168,22.16595],[113.5717,22.16588]],[[113.57133,22.16562],[113.57154,22.16624]],[[113.57154,22.16624],[113.57222,22.16818],[113.57263,22.1696]],[[113.57182,22.16612],[113.57175,22.16609],[113.57161,22.1661],[113.57155,22.16616],[113.57154,22.16624]],[[113.5717,22.16588],[113.57139,22.16512],[113.57122,22.16454],[113.57123,22.16424],[113.57127,22.1641],[113.57142,22.16391],[113.5716,22.16379]],[[113.5716,22.16379],[113.57221,22.16363]],[[113.57163,22.16348],[113.57165,22.16358],[113.57173,22.16365],[113.57221,22.16363]],[[113.57206,22.16325],[113.5717,22.16339],[113.57163,22.16348]],[[113.57184,22.16342],[113.57163,22.16348]],[[113.57163,22.19317],[113.57164,22.19863],[113.57173,22.19907]],[[113.57169,22.19282],[113.57163,22.19317]],[[113.57163,22.19317],[113.57219,22.19234],[113.57275,22.19126]],[[113.57167,22.20303],[113.57162,22.20243],[113.57164,22.20234],[113.57169,22.20231],[113.57188,22.20229],[113.572,22.20234],[113.57213,22.2026],[113.57232,22.20277]],[[113.57167,22.20303],[113.5717,22.20267],[113.57175,22.2026],[113.57184,22.20255],[113.57193,22.20256],[113.57201,22.20262],[113.57213,22.20286]],[[113.57317,22.18831],[113.573,22.1893],[113.57276,22.19022],[113.57239,22.19123],[113.57196,22.19201],[113.57172,22.19259],[113.57169,22.19282]],[[113.57317,22.18831],[113.57315,22.18891],[113.57309,22.18935],[113.57297,22.19001],[113.57283,22.19049],[113.57266,22.19096],[113.57226,22.19187],[113.57169,22.19282]],[[113.57182,22.16612],[113.5717,22.16588]],[[113.57173,22.19921],[113.57173,22.19976]],[[113.57215,22.19907],[113.57173,22.19907]],[[113.57173,22.19907],[113.57173,22.19921]],[[113.57173,22.19921],[113.57196,22.19921]],[[113.57275,22.19126],[113.57311,22.19019],[113.57329,22.18934],[113.57335,22.18889],[113.57345,22.18681],[113.57338,22.17442],[113.57332,22.17221],[113.57318,22.1705],[113.57308,22.16978],[113.57287,22.16877],[113.57252,22.16762],[113.57233,22.16713],[113.57182,22.16612]],[[113.57271,22.16304],[113.57236,22.16324],[113.57184,22.16342]],[[113.57347,22.16298],[113.57242,22.1633],[113.57184,22.16342]],[[113.57331,22.19917],[113.57315,22.19903],[113.57299,22.19896],[113.57236,22.19888],[113.57214,22.19879],[113.57199,22.19867],[113.57192,22.19856],[113.57185,22.19821]],[[113.57269,22.19905],[113.5722,22.19896],[113.57198,22.19884],[113.57183,22.19861],[113.57185,22.19821]],[[113.57185,22.19821],[113.57187,22.19489],[113.57191,22.19418],[113.57225,22.19269],[113.57275,22.19126]],[[113.57188,22.13837],[113.57251,22.13841],[113.57361,22.13857],[113.57468,22.13886],[113.57481,22.13892],[113.57499,22.13907]],[[113.57188,22.13837],[113.57195,22.13829],[113.57194,22.13821],[113.5719,22.13818]],[[113.57518,22.13871],[113.57489,22.13874],[113.57355,22.13838],[113.57226,22.1382],[113.5719,22.13818]],[[113.57234,22.20945],[113.57196,22.20953]],[[113.57196,22.19921],[113.57231,22.19926],[113.57265,22.19938],[113.57283,22.19951],[113.57292,22.19972],[113.57293,22.19982],[113.57288,22.19998],[113.57278,22.20011],[113.5727,22.20016],[113.57257,22.20021],[113.57233,22.20022],[113.57214,22.20014],[113.57205,22.20006]],[[113.57196,22.19921],[113.57252,22.19922],[113.57279,22.19932],[113.57298,22.19952],[113.57305,22.19973],[113.57306,22.19992]],[[113.57271,22.16304],[113.57249,22.16314],[113.57206,22.16325]],[[113.57484,22.14595],[113.57481,22.14616],[113.57212,22.15025]],[[113.57228,22.15034],[113.57228,22.15029],[113.57223,22.15023],[113.57212,22.15025]],[[113.57213,22.20286],[113.57239,22.20314],[113.57253,22.20324],[113.57273,22.20331],[113.57298,22.20332],[113.5735,22.20323],[113.57439,22.20323]],[[113.57213,22.20286],[113.57217,22.20302],[113.57239,22.20324],[113.57292,22.20353],[113.57315,22.20359],[113.57465,22.20362],[113.5753,22.20374],[113.57671,22.20373]],[[113.57347,22.1996],[113.57322,22.19938],[113.57295,22.19922],[113.57261,22.19912],[113.57215,22.19907]],[[113.57269,22.19905],[113.57215,22.19907]],[[113.57221,22.16363],[113.57272,22.16351],[113.57303,22.16348],[113.57323,22.16339],[113.57336,22.16323],[113.57347,22.16298]],[[113.57228,22.15034],[113.57496,22.14626],[113.57515,22.14613]],[[113.57457,22.20934],[113.5731,22.20931],[113.57278,22.20933],[113.57234,22.20945]],[[113.57263,22.1696],[113.57292,22.17069],[113.57298,22.17107],[113.57309,22.17279],[113.57313,22.17443],[113.57321,22.18682],[113.57317,22.18831]],[[113.57295,22.19909],[113.57269,22.19905]],[[113.57299,22.16279],[113.57271,22.16304]],[[113.57299,22.16279],[113.57271,22.16304]],[[113.57283,22.208],[113.57272,22.20741]],[[113.57283,22.208],[113.5729,22.20479],[113.57294,22.20465],[113.57309,22.20457],[113.57869,22.20459],[113.57896,22.20461],[113.57923,22.20467],[113.57962,22.20487],[113.57974,22.20498],[113.57984,22.20516],[113.57987,22.20645]],[[113.57331,22.19917],[113.57295,22.19909]],[[113.57344,22.19934],[113.57324,22.19922],[113.57295,22.19909]],[[113.57325,22.16242],[113.57299,22.16279]],[[113.57333,22.16242],[113.57299,22.16279]],[[113.57347,22.1996],[113.57325,22.19966],[113.57314,22.19977],[113.57306,22.19992]],[[113.57435,22.16],[113.57343,22.16208],[113.57325,22.16242]],[[113.57344,22.19934],[113.57331,22.19917]],[[113.57354,22.16254],[113.57343,22.16243],[113.57333,22.16242]],[[113.57435,22.16],[113.57431,22.16023],[113.57346,22.16219],[113.57333,22.16242]],[[113.57395,22.19972],[113.57344,22.19934]],[[113.5736,22.1996],[113.57344,22.19934]],[[113.57347,22.16298],[113.57356,22.16265],[113.57354,22.16254]],[[113.5752,22.16278],[113.57499,22.1628],[113.57464,22.16274],[113.57438,22.16275],[113.57347,22.16298]],[[113.57383,22.20006],[113.57347,22.1996]],[[113.57395,22.19972],[113.57372,22.1996],[113.5736,22.1996]],[[113.57383,22.20006],[113.5736,22.1996]],[[113.57397,22.20038],[113.57393,22.20022],[113.57383,22.20006]],[[113.57436,22.19987],[113.57395,22.19972]],[[113.58103,22.21127],[113.58033,22.21087],[113.57975,22.21066],[113.57942,22.21061],[113.57399,22.21059]],[[113.57497,22.21093],[113.57421,22.21064],[113.57399,22.21059]],[[113.57495,22.19984],[113.57436,22.19987]],[[113.5746,22.19993],[113.57436,22.19987]],[[113.57439,22.20323],[113.57523,22.20336],[113.5767,22.20336]],[[113.57439,22.20323],[113.57468,22.2033],[113.57522,22.20357],[113.57541,22.2036],[113.57671,22.20359],[113.57691,22.2035]],[[113.57439,22.20323],[113.57691,22.2032]],[[113.57555,22.19998],[113.57508,22.19999],[113.5746,22.19993]],[[113.57495,22.19984],[113.5746,22.19993]],[[113.57533,22.20903],[113.57468,22.2093]],[[113.57825,22.20898],[113.57756,22.20902],[113.57567,22.20902],[113.57468,22.2093]],[[113.57502,22.20935],[113.57471,22.20934]],[[113.5781,22.2091],[113.57785,22.20916],[113.57758,22.20918],[113.57541,22.20917],[113.57505,22.20929],[113.57471,22.20934]],[[113.57484,22.14595],[113.57492,22.14604],[113.57515,22.14613]],[[113.57523,22.14536],[113.575,22.1454],[113.57483,22.14555],[113.57478,22.14575],[113.57484,22.14595]],[[113.57538,22.19974],[113.57495,22.19984]],[[113.57499,22.13907],[113.57501,22.13919],[113.57508,22.1393],[113.57518,22.13939],[113.57544,22.13945],[113.57563,22.13941]],[[113.57518,22.13871],[113.57503,22.13887],[113.57499,22.13907]],[[113.57838,22.20898],[113.57809,22.20919],[113.57781,22.20933],[113.57546,22.20933],[113.57516,22.20937],[113.57502,22.20935]],[[113.5781,22.2091],[113.57787,22.20923],[113.57777,22.20925],[113.57545,22.20925],[113.57502,22.20935]],[[113.57515,22.14613],[113.57534,22.14611],[113.57555,22.14595],[113.57561,22.1457],[113.57555,22.14554]],[[113.57586,22.13908],[113.57581,22.13885],[113.57569,22.13873],[113.57544,22.13864],[113.57531,22.13865],[113.57518,22.13871]],[[113.57538,22.19974],[113.57531,22.19963],[113.57521,22.19958]],[[113.57555,22.14554],[113.57541,22.14541],[113.57523,22.14536]],[[113.57563,22.13941],[113.57584,22.13945],[113.57613,22.1396],[113.57647,22.13989],[113.57678,22.14027],[113.57704,22.14078],[113.5771,22.14101],[113.57718,22.14143],[113.57718,22.14196],[113.57706,22.14259],[113.57683,22.14309],[113.57542,22.14524],[113.57523,22.14536]],[[113.5755,22.20895],[113.57533,22.20903]],[[113.57825,22.20898],[113.57752,22.20893],[113.57567,22.20894],[113.57533,22.20903]],[[113.57555,22.19998],[113.57545,22.19988],[113.57538,22.19974]],[[113.577,22.2],[113.57677,22.19995],[113.57622,22.19973],[113.57538,22.19974]],[[113.57843,22.20893],[113.57804,22.20881],[113.57779,22.20877],[113.57729,22.20877],[113.57578,22.20878],[113.57566,22.20881],[113.5755,22.20895]],[[113.57843,22.20893],[113.57805,22.20888],[113.57728,22.20886],[113.57568,22.20886],[113.5755,22.20895]],[[113.57671,22.19999],[113.57555,22.19998]],[[113.57555,22.14554],[113.57554,22.14543],[113.57558,22.14532],[113.57716,22.14291],[113.57735,22.14247],[113.57746,22.14194],[113.57745,22.14124],[113.57734,22.1408],[113.57711,22.14032],[113.5768,22.1399],[113.5766,22.1397],[113.57599,22.13924],[113.57586,22.13908]],[[113.57563,22.13941],[113.57579,22.13927],[113.57586,22.13908]],[[113.5767,22.20336],[113.57691,22.2035]],[[113.5767,22.20336],[113.57712,22.2033]],[[113.57671,22.20373],[113.57691,22.2035]],[[113.57671,22.20373],[113.5771,22.20361]],[[113.577,22.2],[113.57671,22.19999]],[[113.57778,22.20016],[113.57706,22.20015],[113.57671,22.19999]],[[113.57691,22.2032],[113.57756,22.20324]],[[113.57691,22.2032],[113.57724,22.20316],[113.57808,22.20316]],[[113.57691,22.2035],[113.5771,22.20361]],[[113.57691,22.2035],[113.57702,22.20336],[113.57712,22.2033]],[[113.57691,22.2035],[113.57784,22.2032]],[[113.57811,22.20001],[113.577,22.2]],[[113.5771,22.20361],[113.57755,22.20337],[113.57803,22.20317]],[[113.57712,22.2033],[113.57756,22.20324]],[[113.57756,22.20324],[113.57784,22.2032]],[[113.57811,22.20001],[113.57778,22.20016]],[[113.57889,22.20111],[113.57878,22.20066],[113.57867,22.20045],[113.57857,22.20033],[113.57839,22.20021],[113.57825,22.20016],[113.57778,22.20016]],[[113.57784,22.2032],[113.57803,22.20317]],[[113.57808,22.20316],[113.57835,22.20311]],[[113.57838,22.20898],[113.5781,22.2091]],[[113.57889,22.20111],[113.57891,22.20074],[113.57882,22.20042],[113.57854,22.20015],[113.57837,22.20007],[113.57811,22.20001]],[[113.57853,22.20894],[113.57825,22.20898]],[[113.57835,22.20311],[113.57874,22.20296]],[[113.57835,22.20311],[113.57922,22.20299],[113.57944,22.20301],[113.57973,22.20309]],[[113.57853,22.20894],[113.57838,22.20898]],[[113.58103,22.21127],[113.58061,22.21087],[113.5804,22.21062],[113.57949,22.20915],[113.57936,22.20906],[113.57919,22.20899],[113.57853,22.20894]],[[113.57874,22.20296],[113.57882,22.2029],[113.57885,22.20281],[113.57885,22.20213],[113.57889,22.20184]],[[113.57874,22.20296],[113.57903,22.20291],[113.57933,22.20293],[113.57954,22.20299],[113.57973,22.20309]],[[113.57889,22.20184],[113.57889,22.20111]],[[113.5804,22.20373],[113.58035,22.2036],[113.58023,22.20337],[113.57998,22.20309],[113.57979,22.20294],[113.57943,22.20276],[113.57909,22.2025],[113.57895,22.20225],[113.57889,22.20184]],[[113.57966,22.20717],[113.57967,22.20756],[113.57983,22.20823]],[[113.57987,22.20645],[113.57981,22.20672],[113.57966,22.20717]],[[113.57973,22.20309],[113.57992,22.20324],[113.58006,22.20339],[113.58021,22.20373]],[[113.57983,22.20823],[113.57984,22.2087],[113.57997,22.20909],[113.58013,22.20926],[113.58077,22.20977]],[[113.57987,22.20645],[113.57986,22.20797],[113.57983,22.20823]],[[113.58021,22.20402],[113.58017,22.20875],[113.58023,22.20905],[113.58035,22.20925],[113.58074,22.20959]],[[113.58021,22.20373],[113.58021,22.20402]],[[113.58042,22.20401],[113.5803,22.20398],[113.58021,22.20402]],[[113.58021,22.20373],[113.58031,22.20379],[113.5804,22.20373]],[[113.58042,22.20401],[113.5804,22.20373]],[[113.58074,22.20959],[113.58046,22.20783],[113.5804,22.20722],[113.58042,22.20401]],[[113.58074,22.20959],[113.58195,22.21053],[113.58225,22.2108]],[[113.58077,22.20977],[113.58074,22.20959]],[[113.58077,22.20977],[113.58192,22.21064]],[[113.58171,22.21155],[113.58125,22.21115],[113.58102,22.21085],[113.58089,22.21049],[113.58077,22.20977]],[[113.58221,22.21193],[113.58173,22.2117],[113.58103,22.21127]],[[113.58192,22.21064],[113.58228,22.211],[113.58233,22.21111],[113.58232,22.21124],[113.58224,22.2114],[113.58209,22.21155],[113.58192,22.2116],[113.58171,22.21155]],[[113.58221,22.21193],[113.58171,22.21155]],[[113.58192,22.21064],[113.58225,22.2108]],[[113.58225,22.2108],[113.58259,22.21104]],[[113.58443,22.21292],[113.58232,22.21199]],[[113.58443,22.21292],[113.5843,22.21302],[113.58407,22.21308],[113.58385,22.21307],[113.5836,22.21299],[113.58259,22.21236],[113.58246,22.21223],[113.58232,22.21199]],[[113.58259,22.21104],[113.58325,22.21134],[113.58429,22.21201],[113.58448,22.21219],[113.58453,22.21229],[113.5846,22.21251],[113.58459,22.21266]],[[113.58259,22.21104],[113.58338,22.21176],[113.58459,22.21266]],[[113.6448,22.24758],[113.642,22.24684],[113.63982,22.24615],[113.63827,22.24561],[113.63606,22.24473],[113.63449,22.24407],[113.63212,22.24291],[113.63076,22.2422],[113.62849,22.24088],[113.60036,22.22302],[113.59532,22.21985],[113.58548,22.21346],[113.58443,22.21292]],[[113.58459,22.21266],[113.58455,22.21277],[113.58443,22.21292]],[[113.58459,22.21266],[113.58526,22.21316],[113.59542,22.21973],[113.62694,22.23974],[113.62886,22.24095],[113.63061,22.24197],[113.63227,22.24284],[113.63441,22.24387],[113.63592,22.24453],[113.63861,22.24559],[113.63983,22.24601],[113.6426,22.24685],[113.64483,22.24742]]]}},{"type":"Feature","properties":{"layer":"rail"},"geometry":{"type":"MultiLineString","coordinates":[[[113.53208,22.18022],[113.53226,22.18002],[113.5325,22.1796],[113.53901,22.16673],[113.53941,22.16583]],[[113.53214,22.18024],[113.53233,22.18004],[113.53243,22.17986],[113.53907,22.16675],[113.53947,22.16586]],[[113.57125,22.16369],[113.57321,22.16325],[113.57336,22.16318],[113.57507,22.16276],[113.57527,22.16264],[113.57542,22.16246],[113.5755,22.16224],[113.57549,22.16201],[113.57509,22.16063],[113.57475,22.15986],[113.57466,22.15929],[113.57452,22.15876],[113.57433,22.15832],[113.57408,22.15799],[113.5739,22.15782],[113.57362,22.15763],[113.5715,22.15661],[113.57005,22.156],[113.56972,22.15577],[113.56954,22.15546],[113.5695,22.15513],[113.56962,22.15479],[113.57086,22.15279],[113.57135,22.15212],[113.57143,22.15175],[113.57141,22.15136],[113.57129,22.15105],[113.57103,22.15079],[113.5692,22.15003],[113.56906,22.14994],[113.56891,22.14975],[113.56887,22.1496],[113.56887,22.14945],[113.5691,22.14858],[113.56921,22.14778],[113.56923,22.14668],[113.56906,22.14512],[113.56856,22.14171],[113.56843,22.13992],[113.56832,22.13964],[113.56819,22.13947],[113.56758,22.13896],[113.56733,22.13881],[113.56707,22.1387],[113.5668,22.13863],[113.56651,22.13859],[113.56522,22.13866],[113.5642,22.13876],[113.56259,22.13873],[113.5605,22.13891],[113.5603,22.13901],[113.55937,22.13995],[113.55921,22.14006],[113.55812,22.14017],[113.55793,22.14024],[113.55775,22.14039],[113.55769,22.14051],[113.55767,22.14065],[113.55775,22.14227],[113.55772,22.1432],[113.55799,22.14889],[113.55799,22.14916],[113.55795,22.14933],[113.55782,22.14957],[113.55769,22.14974],[113.55749,22.14991],[113.55731,22.15],[113.55617,22.15026],[113.55558,22.15043],[113.55495,22.15067],[113.55171,22.15201],[113.55158,22.15208],[113.55136,22.15228],[113.55121,22.15253],[113.55117,22.15267],[113.55116,22.15281],[113.55119,22.1531],[113.5522,22.1551],[113.55237,22.15533],[113.55289,22.15582],[113.55296,22.15593],[113.55298,22.15613],[113.55294,22.15626],[113.55286,22.15636],[113.55193,22.15678],[113.55144,22.15692],[113.55108,22.15697],[113.54907,22.15708],[113.54499,22.15706],[113.54443,22.15701],[113.54402,22.1569],[113.54326,22.1566],[113.54287,22.15624],[113.5427,22.15613],[113.54238,22.15606],[113.54219,22.15609],[113.54196,22.15621],[113.54183,22.15637],[113.54134,22.1575],[113.54097,22.1587],[113.54082,22.15932],[113.5407,22.16],[113.54061,22.16074]],[[113.54072,22.16074],[113.54082,22.15973],[113.54095,22.15904],[113.54105,22.15871],[113.54125,22.15818],[113.54165,22.15696],[113.54184,22.15651],[113.54204,22.15625],[113.54221,22.15616],[113.54242,22.15612],[113.5427,22.1562],[113.5432,22.15663],[113.54341,22.15673],[113.544,22.15695],[113.54442,22.15706],[113.54493,22.15712],[113.54905,22.15713],[113.55108,22.15703],[113.55145,22.15697],[113.55195,22.15683],[113.55277,22.15649],[113.5529,22.1564],[113.553,22.15628],[113.55304,22.15614],[113.55301,22.15591],[113.55293,22.15578],[113.55242,22.15529],[113.55226,22.15508],[113.55125,22.15307],[113.55122,22.15282],[113.55123,22.15268],[113.55133,22.15243],[113.5514,22.15232],[113.55161,22.15213],[113.55174,22.15206],[113.55554,22.1505],[113.55627,22.15028],[113.55738,22.15003],[113.55759,22.14991],[113.55783,22.14966],[113.55794,22.14949],[113.55801,22.1493],[113.55805,22.1489],[113.55779,22.14321],[113.5578,22.14231],[113.55773,22.14068],[113.55774,22.14054],[113.5578,22.14043],[113.5579,22.14033],[113.5581,22.14023],[113.559,22.14015],[113.55926,22.14009],[113.55943,22.13996],[113.56025,22.13911],[113.56039,22.13901],[113.56058,22.13895],[113.56258,22.13877],[113.56404,22.13881],[113.56494,22.13876],[113.56613,22.13864],[113.56654,22.13864],[113.56705,22.13874],[113.56755,22.13899],[113.56816,22.1395],[113.56831,22.13971],[113.56839,22.13995],[113.56854,22.142],[113.56905,22.14545],[113.56919,22.14689],[113.56918,22.14759],[113.56912,22.14819],[113.56903,22.1487],[113.56882,22.1495],[113.56888,22.14977],[113.56902,22.14995],[113.5692,22.15006],[113.57036,22.15061],[113.57108,22.1509],[113.57129,22.15114],[113.57138,22.15144],[113.57137,22.15184],[113.57129,22.15202],[113.57047,22.1533],[113.56958,22.15476],[113.56948,22.15507],[113.56947,22.15527],[113.56952,22.1555],[113.56969,22.15579],[113.56995,22.156],[113.57143,22.15663],[113.57352,22.15761],[113.57384,22.15781],[113.57408,22.15804],[113.57431,22.15837],[113.57451,22.15886],[113.57458,22.15915],[113.57469,22.15985],[113.57506,22.16073],[113.57544,22.16202],[113.57544,22.16223],[113.57537,22.16243],[113.57524,22.1626],[113.57505,22.16271],[113.57123,22.16364]],[[113.55504,22.13933],[113.55972,22.13898]],[[113.56336,22.13799],[113.56324,22.13597],[113.56314,22.13535],[113.56299,22.13207],[113.56294,22.13189],[113.56271,22.13158],[113.56256,22.13146],[113.56237,22.13139],[113.56213,22.13137],[113.56046,22.13143]],[[113.56047,22.13151],[113.56204,22.13145],[113.56236,22.13147],[113.56254,22.13153],[113.56268,22.13162],[113.56278,22.13173],[113.5629,22.13194],[113.56295,22.1321],[113.56311,22.13544],[113.5631,22.136],[113.56324,22.13866]]]}},{"type":"Feature","properties":{"layer":"rail","tunnel":true},"geometry":{"type":"MultiLineString","coordinates":[[[113.52954,22.18535],[113.52936,22.18469],[113.52932,22.18434],[113.52945,22.18288],[113.52955,22.18233],[113.52961,22.18217],[113.52979,22.18188],[113.53009,22.18151],[113.53062,22.18098],[113.53103,22.18071],[113.53175,22.18043],[113.53208,22.18022]],[[113.53214,22.18024],[113.53185,22.18044],[113.53114,22.18073],[113.5307,22.18101],[113.52988,22.18194],[113.5297,22.18226],[113.52952,22.18289],[113.52939,22.1842],[113.52942,22.18462],[113.52962,22.18534]],[[113.54061,22.16074],[113.5405,22.16187],[113.54028,22.16299],[113.53977,22.16488],[113.53941,22.16583]],[[113.53947,22.16586],[113.53987,22.16491],[113.5402,22.16385],[113.54058,22.16216],[113.54072,22.16074]],[[113.54468,22.14363],[113.54492,22.13949],[113.54496,22.13929],[113.54519,22.13887],[113.54546,22.13858],[113.54573,22.13833],[113.54621,22.13809],[113.54681,22.13798],[113.54742,22.138],[113.55095,22.13914],[113.55166,22.13932],[113.55233,22.13944],[113.55285,22.13947],[113.55334,22.13946],[113.55504,22.13933]],[[113.54478,22.14363],[113.54499,22.13997]]]}},{"type":"Feature","properties":{"layer":"bridge","name":"嘉乐庇总督大桥"},"geometry":{"type":"LineString","coordinates":[[113.54871,22.16528],[113.54475,22.18299]]}},{"type":"Feature","properties":{"layer":"bridge","name":"友谊大桥"},"geometry":{"type":"MultiLineString","coordinates":[[[113.56305,22.16517],[113.5632,22.16543],[113.56326,22.16567],[113.56345,22.1669],[113.56317,22.19729],[113.56312,22.19784],[113.56296,22.19867],[113.56108,22.2045]],[[113.56116,22.20452],[113.56294,22.19907],[113.5632,22.19784],[113.56327,22.1973],[113.56329,22.19665],[113.56353,22.16636],[113.56358,22.16605],[113.56371,22.16571],[113.5638,22.16556],[113.56399,22.16536]]]}},{"type":"Feature","properties":{"layer":"bridge","name":"西湾大桥"},"geometry":{"type":"MultiLineString","coordinates":[[[113.53923,22.16615],[113.53898,22.1667],[113.53259,22.17933]],[[113.53275,22.17932],[113.53912,22.16676],[113.53937,22.16622]]]}},{"type":"Feature","properties":{"layer":"bridge","name":"澳门大桥"},"geometry":{"type":"MultiLineString","coordinates":[[[113.5703,22.19495],[113.5706,22.1945],[113.57163,22.19317]],[[113.57169,22.19282],[113.5715,22.19311],[113.57032,22.19461]],[[113.57163,22.19317],[113.57164,22.19737]],[[113.57163,22.19317],[113.57219,22.19234],[113.57275,22.19126]],[[113.57317,22.18831],[113.573,22.1893],[113.57276,22.19022],[113.57239,22.19123],[113.57196,22.19201],[113.57172,22.19259],[113.57169,22.19282]],[[113.57317,22.18831],[113.57315,22.18891],[113.57309,22.18935],[113.57297,22.19001],[113.57283,22.19049],[113.57266,22.19096],[113.57226,22.19187],[113.57169,22.19282]],[[113.57186,22.1972],[113.57187,22.19489],[113.57191,22.19418],[113.57225,22.19269],[113.57275,22.19126]],[[113.57192,22.16731],[113.57243,22.16888]],[[113.57265,22.16968],[113.57292,22.17069],[113.57298,22.17107],[113.57309,22.17279],[113.57313,22.17443],[113.57321,22.18682],[113.57317,22.18831]],[[113.57275,22.19126],[113.57311,22.19019],[113.57329,22.18934],[113.57335,22.18889],[113.57345,22.18681],[113.57338,22.17442],[113.57332,22.17221],[113.57318,22.1705],[113.57306,22.16967]]]}},{"type":"Feature","properties":{"layer":"bridge","name":"莲花大桥"},"geometry":{"type":"MultiLineString","coordinates":[[[113.55195,22.1397],[113.54762,22.14004]],[[113.54763,22.14018],[113.55195,22.13983]]]}},{"type":"Feature","properties":{"layer":"bridge","name":"港珠澳大桥"},"geometry":{"type":"MultiLineString","coordinates":[[[113.56369,22.21344],[113.56841,22.21113]],[[113.56845,22.21122],[113.56377,22.21359]],[[113.61929,22.23504],[113.60036,22.22302],[113.59532,22.21985],[113.58548,22.21346],[113.5849,22.21314]],[[113.58503,22.21299],[113.59542,22.21973],[113.61954,22.23504]]]}},{"type":"Feature","properties":{"layer":"bridge"},"geometry":{"type":"MultiLineString","coordinates":[[[113.48826,22.12618],[113.48832,22.12564],[113.48845,22.12521]],[[113.48864,22.12522],[113.48845,22.12624]],[[113.49568,22.12847],[113.49596,22.12782]],[[113.49607,22.12787],[113.49579,22.12853]],[[113.50412,22.12873],[113.5044,22.12883]],[[113.50511,22.13282],[113.50551,22.13192]],[[113.51104,22.1657],[113.51353,22.16187]],[[113.51366,22.16193],[113.51116,22.16577]],[[113.51189,22.13514],[113.51231,22.13388]],[[113.51241,22.13389],[113.51199,22.13523]],[[113.52033,22.23396],[113.51782,22.23224]],[[113.5204,22.23389],[113.5179,22.23214]],[[113.51799,22.23202],[113.5205,22.23377]],[[113.51808,22.23189],[113.5206,22.23365]],[[113.51868,22.13616],[113.51869,22.13475]],[[113.52707,22.2249],[113.52273,22.22197]],[[113.52276,22.2219],[113.5271,22.22484]],[[113.52358,22.21905],[113.52374,22.21877]],[[113.5236,22.16124],[113.52478,22.16125]],[[113.52478,22.16139],[113.52362,22.16138]],[[113.52374,22.16451],[113.52504,22.1645]],[[113.52502,22.16463],[113.52377,22.16465]],[[113.52466,22.21645],[113.5247,22.21613]],[[113.5255,22.15924],[113.5253,22.15808]],[[113.52542,22.15803],[113.52561,22.15913]],[[113.53012,22.21514],[113.52566,22.21427]],[[113.5257,22.21412],[113.53015,22.215]],[[113.5271,22.21191],[113.52626,22.21161]],[[113.5271,22.21191],[113.52627,22.21154]],[[113.5263,22.21142],[113.52716,22.2118]],[[113.52631,22.21137],[113.52716,22.2118]],[[113.52908,22.21279],[113.5271,22.21191]],[[113.52716,22.2118],[113.52901,22.21261]],[[113.53089,22.21359],[113.52927,22.21287]],[[113.52935,22.15863],[113.52972,22.15759]],[[113.52941,22.21279],[113.5301,22.21309]],[[113.52985,22.15763],[113.52949,22.15865]],[[113.53332,22.17772],[113.53294,22.17831],[113.5323,22.17908],[113.53221,22.17927],[113.53217,22.17954]],[[113.53344,22.17932],[113.53329,22.17905],[113.53326,22.17879],[113.5333,22.17857],[113.53352,22.17799]],[[113.53361,22.15916],[113.53361,22.1586]],[[113.53378,22.15862],[113.53378,22.15918]],[[113.53425,22.13601],[113.53431,22.1355]],[[113.53442,22.13551],[113.53435,22.13602]],[[113.53864,22.13627],[113.53918,22.13585]],[[113.53948,22.1363],[113.5395,22.13603]],[[113.53969,22.1359],[113.53966,22.1363]],[[113.53983,22.13588],[113.53979,22.13629]],[[113.54723,22.13679],[113.5472,22.13628]],[[113.54727,22.13625],[113.54731,22.13683]],[[113.55985,22.2118],[113.56057,22.21176],[113.56128,22.21162],[113.56172,22.21149]],[[113.56007,22.21158],[113.56026,22.21166],[113.56057,22.21167],[113.56172,22.21149]],[[113.56089,22.20998],[113.5611,22.21001],[113.56234,22.21068],[113.56258,22.21074],[113.56279,22.21074],[113.56265,22.2109],[113.56239,22.21109],[113.56202,22.21125],[113.56151,22.2114],[113.56063,22.2116],[113.56031,22.21159],[113.56014,22.21151]],[[113.56254,22.20538],[113.56143,22.20512],[113.56123,22.20511]],[[113.56172,22.21149],[113.56203,22.21139],[113.5625,22.21116],[113.56269,22.21102],[113.56294,22.21071]],[[113.56286,22.19872],[113.56269,22.19894],[113.56239,22.19919],[113.56215,22.1993],[113.56192,22.19935]],[[113.56281,22.19971],[113.56305,22.19952],[113.56323,22.19922],[113.56329,22.19883],[113.56322,22.19815]],[[113.56372,22.16554],[113.56352,22.16594],[113.56344,22.16635]],[[113.56352,22.16528],[113.56378,22.16546]],[[113.56361,22.16735],[113.56366,22.16717],[113.56376,22.16697],[113.56393,22.16681],[113.56442,22.16648],[113.56454,22.16625],[113.56453,22.16606],[113.56446,22.16592],[113.5643,22.16577],[113.56395,22.16552]],[[113.56391,22.16556],[113.56438,22.16591],[113.56447,22.16606],[113.56446,22.16628],[113.56433,22.16646],[113.56424,22.16652],[113.56404,22.16657],[113.56377,22.16648],[113.56367,22.16637],[113.56362,22.16627]],[[113.56755,22.21146],[113.56887,22.21077],[113.56958,22.21031],[113.57009,22.21002]],[[113.57005,22.21126],[113.56959,22.21116],[113.56906,22.21116],[113.56852,22.21131],[113.56784,22.21162]],[[113.56848,22.21109],[113.57006,22.21017]],[[113.56849,22.21109],[113.57005,22.21033]],[[113.57005,22.21042],[113.56852,22.21119]],[[113.57005,22.21056],[113.56852,22.21119]],[[113.56963,22.20382],[113.57149,22.20362]],[[113.57148,22.20354],[113.56965,22.20374]],[[113.57018,22.19953],[113.57033,22.19942],[113.5706,22.19931],[113.57139,22.19922]],[[113.57139,22.19904],[113.57053,22.19899],[113.57031,22.1989],[113.57018,22.19876]],[[113.57181,22.16736],[113.57233,22.16879]],[[113.57237,22.16893],[113.57258,22.16948]]]}}]}